last_name,first_name,display_name,tournament,year,round,tour
Agassi,Andre,Andre Agassi,Australian Open,2000,R16,ATP
Arazi,Hicham,Hicham Arazi,Australian Open,2000,R16,ATP
Clement,Arnaud,Arnaud Clement,Australian Open,2000,R16,ATP
Dosedel,Slava,Slava Dosedel,Australian Open,2000,R16,ATP
El Aynaoui,Younes,Younes El Aynaoui,Australian Open,2000,R16,ATP
Escude,Nicolas,Nicolas Escude,Australian Open,2000,R16,ATP
Ferreira,Wayne,Wayne Ferreira,Australian Open,2000,R16,ATP
Henman,Tim,Tim Henman,Australian Open,2000,R16,ATP
Hewitt,Lleyton,Lleyton Hewitt,Australian Open,2000,R16,ATP
Kafelnikov,Yevgeny,Yevgeny Kafelnikov,Australian Open,2000,R16,ATP
Kiefer,Nicolas,Nicolas Kiefer,Australian Open,2000,R16,ATP
Norman,Magnus,Magnus Norman,Australian Open,2000,R16,ATP
Philippoussis,Mark,Mark Philippoussis,Australian Open,2000,R16,ATP
Rochus,Christophe,Christophe Rochus,Australian Open,2000,R16,ATP
Sampras,Pete,Pete Sampras,Australian Open,2000,R16,ATP
Woodruff,Chris,Chris Woodruff,Australian Open,2000,R16,ATP
Agassi,Andre,Andre Agassi,Australian Open,2000,QF,ATP
Arazi,Hicham,Hicham Arazi,Australian Open,2000,QF,ATP
El Aynaoui,Younes,Younes El Aynaoui,Australian Open,2000,QF,ATP
Kafelnikov,Yevgeny,Yevgeny Kafelnikov,Australian Open,2000,QF,ATP
Kiefer,Nicolas,Nicolas Kiefer,Australian Open,2000,QF,ATP
Norman,Magnus,Magnus Norman,Australian Open,2000,QF,ATP
Sampras,Pete,Pete Sampras,Australian Open,2000,QF,ATP
Woodruff,Chris,Chris Woodruff,Australian Open,2000,QF,ATP
Agassi,Andre,Andre Agassi,Australian Open,2000,SF,ATP
Kafelnikov,Yevgeny,Yevgeny Kafelnikov,Australian Open,2000,SF,ATP
Norman,Magnus,Magnus Norman,Australian Open,2000,SF,ATP
Sampras,Pete,Pete Sampras,Australian Open,2000,SF,ATP
Agassi,Andre,Andre Agassi,Australian Open,2000,F,ATP
Kafelnikov,Yevgeny,Yevgeny Kafelnikov,Australian Open,2000,F,ATP
Agassi,Andre,Andre Agassi,Australian Open,2000,W,ATP
Brandi,Kristina,Kristina Brandi,Australian Open,2000,R16,WTA
Capriati,Jennifer,Jennifer Capriati,Australian Open,2000,R16,WTA
Davenport,Lindsay,Lindsay Davenport,Australian Open,2000,R16,WTA
Halard Decugis,Julie,Julie Halard Decugis,Australian Open,2000,R16,WTA
Hingis,Martina,Martina Hingis,Australian Open,2000,R16,WTA
Kandarr,Jana,Jana Kandarr,Australian Open,2000,R16,WTA
Kournikova,Anna,Anna Kournikova,Australian Open,2000,R16,WTA
Likhovtseva,Elena,Elena Likhovtseva,Australian Open,2000,R16,WTA
Martinez,Conchita,Conchita Martinez,Australian Open,2000,R16,WTA
Pierce,Mary,Mary Pierce,Australian Open,2000,R16,WTA
Sanchez Vicario,Arantxa,Arantxa Sanchez Vicario,Australian Open,2000,R16,WTA
Schett,Barbara,Barbara Schett,Australian Open,2000,R16,WTA
Schnyder,Patty,Patty Schnyder,Australian Open,2000,R16,WTA
Sugiyama,Ai,Ai Sugiyama,Australian Open,2000,R16,WTA
Testud,Sandrine,Sandrine Testud,Australian Open,2000,R16,WTA
Williams,Serena,Serena Williams,Australian Open,2000,R16,WTA
Capriati,Jennifer,Jennifer Capriati,Australian Open,2000,QF,WTA
Davenport,Lindsay,Lindsay Davenport,Australian Open,2000,QF,WTA
Halard Decugis,Julie,Julie Halard Decugis,Australian Open,2000,QF,WTA
Hingis,Martina,Martina Hingis,Australian Open,2000,QF,WTA
Likhovtseva,Elena,Elena Likhovtseva,Australian Open,2000,QF,WTA
Martinez,Conchita,Conchita Martinez,Australian Open,2000,QF,WTA
Sanchez Vicario,Arantxa,Arantxa Sanchez Vicario,Australian Open,2000,QF,WTA
Sugiyama,Ai,Ai Sugiyama,Australian Open,2000,QF,WTA
Capriati,Jennifer,Jennifer Capriati,Australian Open,2000,SF,WTA
Davenport,Lindsay,Lindsay Davenport,Australian Open,2000,SF,WTA
Hingis,Martina,Martina Hingis,Australian Open,2000,SF,WTA
Martinez,Conchita,Conchita Martinez,Australian Open,2000,SF,WTA
Davenport,Lindsay,Lindsay Davenport,Australian Open,2000,F,WTA
Hingis,Martina,Martina Hingis,Australian Open,2000,F,WTA
Davenport,Lindsay,Lindsay Davenport,Australian Open,2000,W,WTA
Carlos Ferrero,Juan,Juan Carlos Ferrero,French Open,2000,R16,ATP
Corretja,Alex,Alex Corretja,French Open,2000,R16,ATP
Costa,Albert,Albert Costa,French Open,2000,R16,ATP
El Aynaoui,Younes,Younes El Aynaoui,French Open,2000,R16,ATP
Federer,Roger,Roger Federer,French Open,2000,R16,ATP
Hewitt,Lleyton,Lleyton Hewitt,French Open,2000,R16,ATP
Kafelnikov,Yevgeny,Yevgeny Kafelnikov,French Open,2000,R16,ATP
Kuerten,Gustavo,Gustavo Kuerten,French Open,2000,R16,ATP
Lapentti,Nicolas,Nicolas Lapentti,French Open,2000,R16,ATP
Medvedev,Andrei,Andrei Medvedev,French Open,2000,R16,ATP
Norman,Magnus,Magnus Norman,French Open,2000,R16,ATP
Philippoussis,Mark,Mark Philippoussis,French Open,2000,R16,ATP
Pioline,Cedric,Cedric Pioline,French Open,2000,R16,ATP
Safin,Marat,Marat Safin,French Open,2000,R16,ATP
Squillari,Franco,Franco Squillari,French Open,2000,R16,ATP
Vicente,Fernando,Fernando Vicente,French Open,2000,R16,ATP
Carlos Ferrero,Juan,Juan Carlos Ferrero,French Open,2000,QF,ATP
Corretja,Alex,Alex Corretja,French Open,2000,QF,ATP
Costa,Albert,Albert Costa,French Open,2000,QF,ATP
Kafelnikov,Yevgeny,Yevgeny Kafelnikov,French Open,2000,QF,ATP
Kuerten,Gustavo,Gustavo Kuerten,French Open,2000,QF,ATP
Norman,Magnus,Magnus Norman,French Open,2000,QF,ATP
Safin,Marat,Marat Safin,French Open,2000,QF,ATP
Squillari,Franco,Franco Squillari,French Open,2000,QF,ATP
Carlos Ferrero,Juan,Juan Carlos Ferrero,French Open,2000,SF,ATP
Kuerten,Gustavo,Gustavo Kuerten,French Open,2000,SF,ATP
Norman,Magnus,Magnus Norman,French Open,2000,SF,ATP
Squillari,Franco,Franco Squillari,French Open,2000,SF,ATP
Kuerten,Gustavo,Gustavo Kuerten,French Open,2000,F,ATP
Norman,Magnus,Magnus Norman,French Open,2000,F,ATP
Kuerten,Gustavo,Gustavo Kuerten,French Open,2000,W,ATP
Carlsson,Asa,Asa Carlsson,French Open,2000,R16,WTA
De Los Rios,Rossana,Rossana De Los Rios,French Open,2000,R16,WTA
Dragomir Ilie,Ruxandra,Ruxandra Dragomir Ilie,French Open,2000,R16,WTA
Hingis,Martina,Martina Hingis,French Open,2000,R16,WTA
Huber,Anke,Anke Huber,French Open,2000,R16,WTA
Marrero,Marta,Marta Marrero,French Open,2000,R16,WTA
Martinez,Conchita,Conchita Martinez,French Open,2000,R16,WTA
Mauresmo,Amelie,Amelie Mauresmo,French Open,2000,R16,WTA
Pierce,Mary,Mary Pierce,French Open,2000,R16,WTA
Rubin,Chanda,Chanda Rubin,French Open,2000,R16,WTA
Sanchez Vicario,Arantxa,Arantxa Sanchez Vicario,French Open,2000,R16,WTA
Schett,Barbara,Barbara Schett,French Open,2000,R16,WTA
Seles,Monica,Monica Seles,French Open,2000,R16,WTA
Sugiyama,Ai,Ai Sugiyama,French Open,2000,R16,WTA
Williams,Venus,Venus Williams,French Open,2000,R16,WTA
Zvereva,Natalia,Natalia Zvereva,French Open,2000,R16,WTA
Hingis,Martina,Martina Hingis,French Open,2000,QF,WTA
Marrero,Marta,Marta Marrero,French Open,2000,QF,WTA
Martinez,Conchita,Conchita Martinez,French Open,2000,QF,WTA
Pierce,Mary,Mary Pierce,French Open,2000,QF,WTA
Rubin,Chanda,Chanda Rubin,French Open,2000,QF,WTA
Sanchez Vicario,Arantxa,Arantxa Sanchez Vicario,French Open,2000,QF,WTA
Seles,Monica,Monica Seles,French Open,2000,QF,WTA
Williams,Venus,Venus Williams,French Open,2000,QF,WTA
Hingis,Martina,Martina Hingis,French Open,2000,SF,WTA
Martinez,Conchita,Conchita Martinez,French Open,2000,SF,WTA
Pierce,Mary,Mary Pierce,French Open,2000,SF,WTA
Sanchez Vicario,Arantxa,Arantxa Sanchez Vicario,French Open,2000,SF,WTA
Martinez,Conchita,Conchita Martinez,French Open,2000,F,WTA
Pierce,Mary,Mary Pierce,French Open,2000,F,WTA
Pierce,Mary,Mary Pierce,French Open,2000,W,WTA
Arthurs,Wayne,Wayne Arthurs,US Open,2000,R16,ATP
Carlos Ferrero,Juan,Juan Carlos Ferrero,US Open,2000,R16,ATP
Clement,Arnaud,Arnaud Clement,US Open,2000,R16,ATP
Enqvist,Thomas,Thomas Enqvist,US Open,2000,R16,ATP
Hewitt,Lleyton,Lleyton Hewitt,US Open,2000,R16,ATP
Hrbaty,Dominik,Dominik Hrbaty,US Open,2000,R16,ATP
Johansson,Thomas,Thomas Johansson,US Open,2000,R16,ATP
Kiefer,Nicolas,Nicolas Kiefer,US Open,2000,R16,ATP
Krajicek,Richard,Richard Krajicek,US Open,2000,R16,ATP
Martin,Todd,Todd Martin,US Open,2000,R16,ATP
Moya,Carlos,Carlos Moya,US Open,2000,R16,ATP
Norman,Magnus,Magnus Norman,US Open,2000,R16,ATP
Pavel,Andrei,Andrei Pavel,US Open,2000,R16,ATP
Safin,Marat,Marat Safin,US Open,2000,R16,ATP
Sampras,Pete,Pete Sampras,US Open,2000,R16,ATP
Taik Lee,Hyung,Hyung Taik Lee,US Open,2000,R16,ATP
Clement,Arnaud,Arnaud Clement,US Open,2000,QF,ATP
Hewitt,Lleyton,Lleyton Hewitt,US Open,2000,QF,ATP
Johansson,Thomas,Thomas Johansson,US Open,2000,QF,ATP
Kiefer,Nicolas,Nicolas Kiefer,US Open,2000,QF,ATP
Krajicek,Richard,Richard Krajicek,US Open,2000,QF,ATP
Martin,Todd,Todd Martin,US Open,2000,QF,ATP
Safin,Marat,Marat Safin,US Open,2000,QF,ATP
Sampras,Pete,Pete Sampras,US Open,2000,QF,ATP
Hewitt,Lleyton,Lleyton Hewitt,US Open,2000,SF,ATP
Martin,Todd,Todd Martin,US Open,2000,SF,ATP
Safin,Marat,Marat Safin,US Open,2000,SF,ATP
Sampras,Pete,Pete Sampras,US Open,2000,SF,ATP
Safin,Marat,Marat Safin,US Open,2000,F,ATP
Sampras,Pete,Pete Sampras,US Open,2000,F,ATP
Safin,Marat,Marat Safin,US Open,2000,W,ATP
Capriati,Jennifer,Jennifer Capriati,US Open,2000,R16,WTA
Davenport,Lindsay,Lindsay Davenport,US Open,2000,R16,WTA
Dementieva,Elena,Elena Dementieva,US Open,2000,R16,WTA
Dokic,Jelena,Jelena Dokic,US Open,2000,R16,WTA
Henin,Justine,Justine Henin,US Open,2000,R16,WTA
Hingis,Martina,Martina Hingis,US Open,2000,R16,WTA
Huber,Anke,Anke Huber,US Open,2000,R16,WTA
Osterloh,Lilia,Lilia Osterloh,US Open,2000,R16,WTA
Pierce,Mary,Mary Pierce,US Open,2000,R16,WTA
Sanchez Vicario,Arantxa,Arantxa Sanchez Vicario,US Open,2000,R16,WTA
Seles,Monica,Monica Seles,US Open,2000,R16,WTA
Serna,Magui,Magui Serna,US Open,2000,R16,WTA
Tauziat,Nathalie,Nathalie Tauziat,US Open,2000,R16,WTA
Testud,Sandrine,Sandrine Testud,US Open,2000,R16,WTA
Williams,Venus,Venus Williams,US Open,2000,R16,WTA
Williams,Serena,Serena Williams,US Open,2000,R16,WTA
Davenport,Lindsay,Lindsay Davenport,US Open,2000,QF,WTA
Dementieva,Elena,Elena Dementieva,US Open,2000,QF,WTA
Hingis,Martina,Martina Hingis,US Open,2000,QF,WTA
Huber,Anke,Anke Huber,US Open,2000,QF,WTA
Seles,Monica,Monica Seles,US Open,2000,QF,WTA
Tauziat,Nathalie,Nathalie Tauziat,US Open,2000,QF,WTA
Williams,Venus,Venus Williams,US Open,2000,QF,WTA
Williams,Serena,Serena Williams,US Open,2000,QF,WTA
Davenport,Lindsay,Lindsay Davenport,US Open,2000,SF,WTA
Dementieva,Elena,Elena Dementieva,US Open,2000,SF,WTA
Hingis,Martina,Martina Hingis,US Open,2000,SF,WTA
Williams,Venus,Venus Williams,US Open,2000,SF,WTA
Davenport,Lindsay,Lindsay Davenport,US Open,2000,F,WTA
Williams,Venus,Venus Williams,US Open,2000,F,WTA
Williams,Venus,Venus Williams,US Open,2000,W,WTA
Agassi,Andre,Andre Agassi,Wimbledon,2000,R16,ATP
Bjorkman,Jonas,Jonas Bjorkman,Wimbledon,2000,R16,ATP
Black,Byron,Byron Black,Wimbledon,2000,R16,ATP
Enqvist,Thomas,Thomas Enqvist,Wimbledon,2000,R16,ATP
Ferreira,Wayne,Wayne Ferreira,Wimbledon,2000,R16,ATP
Henman,Tim,Tim Henman,Wimbledon,2000,R16,ATP
Johansson,Thomas,Thomas Johansson,Wimbledon,2000,R16,ATP
Michael Gambill,Jan,Jan Michael Gambill,Wimbledon,2000,R16,ATP
Philippoussis,Mark,Mark Philippoussis,Wimbledon,2000,R16,ATP
Popp,Alexander,Alexander Popp,Wimbledon,2000,R16,ATP
Pozzi,Gianluca,Gianluca Pozzi,Wimbledon,2000,R16,ATP
Prinosil,David,David Prinosil,Wimbledon,2000,R16,ATP
Rafter,Patrick,Patrick Rafter,Wimbledon,2000,R16,ATP
Rosset,Marc,Marc Rosset,Wimbledon,2000,R16,ATP
Sampras,Pete,Pete Sampras,Wimbledon,2000,R16,ATP
Voltchkov,Vladimir,Vladimir Voltchkov,Wimbledon,2000,R16,ATP
Agassi,Andre,Andre Agassi,Wimbledon,2000,QF,ATP
Black,Byron,Byron Black,Wimbledon,2000,QF,ATP
Michael Gambill,Jan,Jan Michael Gambill,Wimbledon,2000,QF,ATP
Philippoussis,Mark,Mark Philippoussis,Wimbledon,2000,QF,ATP
Popp,Alexander,Alexander Popp,Wimbledon,2000,QF,ATP
Rafter,Patrick,Patrick Rafter,Wimbledon,2000,QF,ATP
Sampras,Pete,Pete Sampras,Wimbledon,2000,QF,ATP
Voltchkov,Vladimir,Vladimir Voltchkov,Wimbledon,2000,QF,ATP
Agassi,Andre,Andre Agassi,Wimbledon,2000,SF,ATP
Rafter,Patrick,Patrick Rafter,Wimbledon,2000,SF,ATP
Sampras,Pete,Pete Sampras,Wimbledon,2000,SF,ATP
Voltchkov,Vladimir,Vladimir Voltchkov,Wimbledon,2000,SF,ATP
Rafter,Patrick,Patrick Rafter,Wimbledon,2000,F,ATP
Sampras,Pete,Pete Sampras,Wimbledon,2000,F,ATP
Sampras,Pete,Pete Sampras,Wimbledon,2000,W,ATP
Appelmans,Sabine,Sabine Appelmans,Wimbledon,2000,R16,WTA
Barabanschikova,Olga,Olga Barabanschikova,Wimbledon,2000,R16,WTA
Brandi,Kristina,Kristina Brandi,Wimbledon,2000,R16,WTA
Capriati,Jennifer,Jennifer Capriati,Wimbledon,2000,R16,WTA
Davenport,Lindsay,Lindsay Davenport,Wimbledon,2000,R16,WTA
Dokic,Jelena,Jelena Dokic,Wimbledon,2000,R16,WTA
Hingis,Martina,Martina Hingis,Wimbledon,2000,R16,WTA
Huber,Anke,Anke Huber,Wimbledon,2000,R16,WTA
Osterloh,Lilia,Lilia Osterloh,Wimbledon,2000,R16,WTA
Raymond,Lisa,Lisa Raymond,Wimbledon,2000,R16,WTA
Sanchez Vicario,Arantxa,Arantxa Sanchez Vicario,Wimbledon,2000,R16,WTA
Seles,Monica,Monica Seles,Wimbledon,2000,R16,WTA
Serna,Magui,Magui Serna,Wimbledon,2000,R16,WTA
Tanasugarn,Tamarine,Tamarine Tanasugarn,Wimbledon,2000,R16,WTA
Williams,Venus,Venus Williams,Wimbledon,2000,R16,WTA
Williams,Serena,Serena Williams,Wimbledon,2000,R16,WTA
Davenport,Lindsay,Lindsay Davenport,Wimbledon,2000,QF,WTA
Dokic,Jelena,Jelena Dokic,Wimbledon,2000,QF,WTA
Hingis,Martina,Martina Hingis,Wimbledon,2000,QF,WTA
Raymond,Lisa,Lisa Raymond,Wimbledon,2000,QF,WTA
Seles,Monica,Monica Seles,Wimbledon,2000,QF,WTA
Serna,Magui,Magui Serna,Wimbledon,2000,QF,WTA
Williams,Venus,Venus Williams,Wimbledon,2000,QF,WTA
Williams,Serena,Serena Williams,Wimbledon,2000,QF,WTA
Davenport,Lindsay,Lindsay Davenport,Wimbledon,2000,SF,WTA
Dokic,Jelena,Jelena Dokic,Wimbledon,2000,SF,WTA
Williams,Venus,Venus Williams,Wimbledon,2000,SF,WTA
Williams,Serena,Serena Williams,Wimbledon,2000,SF,WTA
Davenport,Lindsay,Lindsay Davenport,Wimbledon,2000,F,WTA
Williams,Venus,Venus Williams,Wimbledon,2000,F,WTA
Williams,Venus,Venus Williams,Wimbledon,2000,W,WTA
Agassi,Andre,Andre Agassi,Australian Open,2001,R16,ATP
Clement,Arnaud,Arnaud Clement,Australian Open,2001,R16,ATP
Grosjean,Sebastien,Sebastien Grosjean,Australian Open,2001,R16,ATP
Henman,Tim,Tim Henman,Australian Open,2001,R16,ATP
Hrbaty,Dominik,Dominik Hrbaty,Australian Open,2001,R16,ATP
Ilie,Andrew,Andrew Ilie,Australian Open,2001,R16,ATP
Kafelnikov,Yevgeny,Yevgeny Kafelnikov,Australian Open,2001,R16,ATP
Martin,Todd,Todd Martin,Australian Open,2001,R16,ATP
Moya,Carlos,Carlos Moya,Australian Open,2001,R16,ATP
Norman,Magnus,Magnus Norman,Australian Open,2001,R16,ATP
Rafter,Patrick,Patrick Rafter,Australian Open,2001,R16,ATP
Rusedski,Greg,Greg Rusedski,Australian Open,2001,R16,ATP
Safin,Marat,Marat Safin,Australian Open,2001,R16,ATP
Sampras,Pete,Pete Sampras,Australian Open,2001,R16,ATP
Schuettler,Rainer,Rainer Schuettler,Australian Open,2001,R16,ATP
Vinciguerra,Andreas,Andreas Vinciguerra,Australian Open,2001,R16,ATP
Agassi,Andre,Andre Agassi,Australian Open,2001,QF,ATP
Clement,Arnaud,Arnaud Clement,Australian Open,2001,QF,ATP
Grosjean,Sebastien,Sebastien Grosjean,Australian Open,2001,QF,ATP
Hrbaty,Dominik,Dominik Hrbaty,Australian Open,2001,QF,ATP
Kafelnikov,Yevgeny,Yevgeny Kafelnikov,Australian Open,2001,QF,ATP
Martin,Todd,Todd Martin,Australian Open,2001,QF,ATP
Moya,Carlos,Carlos Moya,Australian Open,2001,QF,ATP
Rafter,Patrick,Patrick Rafter,Australian Open,2001,QF,ATP
Agassi,Andre,Andre Agassi,Australian Open,2001,SF,ATP
Clement,Arnaud,Arnaud Clement,Australian Open,2001,SF,ATP
Grosjean,Sebastien,Sebastien Grosjean,Australian Open,2001,SF,ATP
Rafter,Patrick,Patrick Rafter,Australian Open,2001,SF,ATP
Agassi,Andre,Andre Agassi,Australian Open,2001,F,ATP
Clement,Arnaud,Arnaud Clement,Australian Open,2001,F,ATP
Agassi,Andre,Andre Agassi,Australian Open,2001,W,ATP
Bedanova,Daja,Daja Bedanova,Australian Open,2001,R16,WTA
Capriati,Jennifer,Jennifer Capriati,Australian Open,2001,R16,WTA
Clijsters,Kim,Kim Clijsters,Australian Open,2001,R16,WTA
Coetzer,Amanda,Amanda Coetzer,Australian Open,2001,R16,WTA
Davenport,Lindsay,Lindsay Davenport,Australian Open,2001,R16,WTA
Grande,Rita,Rita Grande,Australian Open,2001,R16,WTA
Henin,Justine,Justine Henin,Australian Open,2001,R16,WTA
Hingis,Martina,Martina Hingis,Australian Open,2001,R16,WTA
Kournikova,Anna,Anna Kournikova,Australian Open,2001,R16,WTA
Marrero,Marta,Marta Marrero,Australian Open,2001,R16,WTA
Mauresmo,Amelie,Amelie Mauresmo,Australian Open,2001,R16,WTA
Rittner,Barbara,Barbara Rittner,Australian Open,2001,R16,WTA
Seles,Monica,Monica Seles,Australian Open,2001,R16,WTA
Suarez,Paola,Paola Suarez,Australian Open,2001,R16,WTA
Williams,Serena,Serena Williams,Australian Open,2001,R16,WTA
Williams,Venus,Venus Williams,Australian Open,2001,R16,WTA
Capriati,Jennifer,Jennifer Capriati,Australian Open,2001,QF,WTA
Coetzer,Amanda,Amanda Coetzer,Australian Open,2001,QF,WTA
Davenport,Lindsay,Lindsay Davenport,Australian Open,2001,QF,WTA
Hingis,Martina,Martina Hingis,Australian Open,2001,QF,WTA
Kournikova,Anna,Anna Kournikova,Australian Open,2001,QF,WTA
Seles,Monica,Monica Seles,Australian Open,2001,QF,WTA
Williams,Serena,Serena Williams,Australian Open,2001,QF,WTA
Williams,Venus,Venus Williams,Australian Open,2001,QF,WTA
Capriati,Jennifer,Jennifer Capriati,Australian Open,2001,SF,WTA
Davenport,Lindsay,Lindsay Davenport,Australian Open,2001,SF,WTA
Hingis,Martina,Martina Hingis,Australian Open,2001,SF,WTA
Williams,Venus,Venus Williams,Australian Open,2001,SF,WTA
Capriati,Jennifer,Jennifer Capriati,Australian Open,2001,F,WTA
Hingis,Martina,Martina Hingis,Australian Open,2001,F,WTA
Capriati,Jennifer,Jennifer Capriati,Australian Open,2001,W,WTA
Agassi,Andre,Andre Agassi,French Open,2001,R16,ATP
Arthurs,Wayne,Wayne Arthurs,French Open,2001,R16,ATP
Blanco,Galo,Galo Blanco,French Open,2001,R16,ATP
Canas,Guillermo,Guillermo Canas,French Open,2001,R16,ATP
Carlos Ferrero,Juan,Juan Carlos Ferrero,French Open,2001,R16,ATP
Corretja,Alex,Alex Corretja,French Open,2001,R16,ATP
Enqvist,Thomas,Thomas Enqvist,French Open,2001,R16,ATP
Federer,Roger,Roger Federer,French Open,2001,R16,ATP
Grosjean,Sebastien,Sebastien Grosjean,French Open,2001,R16,ATP
Hewitt,Lleyton,Lleyton Hewitt,French Open,2001,R16,ATP
Kafelnikov,Yevgeny,Yevgeny Kafelnikov,French Open,2001,R16,ATP
Kuerten,Gustavo,Gustavo Kuerten,French Open,2001,R16,ATP
Robredo,Tommy,Tommy Robredo,French Open,2001,R16,ATP
Russell,Michael,Michael Russell,French Open,2001,R16,ATP
Santoro,Fabrice,Fabrice Santoro,French Open,2001,R16,ATP
Squillari,Franco,Franco Squillari,French Open,2001,R16,ATP
Agassi,Andre,Andre Agassi,French Open,2001,QF,ATP
Carlos Ferrero,Juan,Juan Carlos Ferrero,French Open,2001,QF,ATP
Corretja,Alex,Alex Corretja,French Open,2001,QF,ATP
Federer,Roger,Roger Federer,French Open,2001,QF,ATP
Grosjean,Sebastien,Sebastien Grosjean,French Open,2001,QF,ATP
Hewitt,Lleyton,Lleyton Hewitt,French Open,2001,QF,ATP
Kafelnikov,Yevgeny,Yevgeny Kafelnikov,French Open,2001,QF,ATP
Kuerten,Gustavo,Gustavo Kuerten,French Open,2001,QF,ATP
Carlos Ferrero,Juan,Juan Carlos Ferrero,French Open,2001,SF,ATP
Corretja,Alex,Alex Corretja,French Open,2001,SF,ATP
Grosjean,Sebastien,Sebastien Grosjean,French Open,2001,SF,ATP
Kuerten,Gustavo,Gustavo Kuerten,French Open,2001,SF,ATP
Corretja,Alex,Alex Corretja,French Open,2001,F,ATP
Kuerten,Gustavo,Gustavo Kuerten,French Open,2001,F,ATP
Kuerten,Gustavo,Gustavo Kuerten,French Open,2001,W,ATP
Black,Cara,Cara Black,French Open,2001,R16,WTA
Capriati,Jennifer,Jennifer Capriati,French Open,2001,R16,WTA
Clijsters,Kim,Kim Clijsters,French Open,2001,R16,WTA
Farina Elia,Silvia,Silvia Farina Elia,French Open,2001,R16,WTA
Grande,Rita,Rita Grande,French Open,2001,R16,WTA
Henin,Justine,Justine Henin,French Open,2001,R16,WTA
Hingis,Martina,Martina Hingis,French Open,2001,R16,WTA
Krasnoroutskaya,Lina,Lina Krasnoroutskaya,French Open,2001,R16,WTA
Mandula,Petra,Petra Mandula,French Open,2001,R16,WTA
Nagyova,Henrieta,Henrieta Nagyova,French Open,2001,R16,WTA
Petrova,Nadia,Nadia Petrova,French Open,2001,R16,WTA
Schett,Barbara,Barbara Schett,French Open,2001,R16,WTA
Schiavone,Francesca,Francesca Schiavone,French Open,2001,R16,WTA
Shaughnessy,Meghann,Meghann Shaughnessy,French Open,2001,R16,WTA
Testud,Sandrine,Sandrine Testud,French Open,2001,R16,WTA
Williams,Serena,Serena Williams,French Open,2001,R16,WTA
Capriati,Jennifer,Jennifer Capriati,French Open,2001,QF,WTA
Clijsters,Kim,Kim Clijsters,French Open,2001,QF,WTA
Henin,Justine,Justine Henin,French Open,2001,QF,WTA
Hingis,Martina,Martina Hingis,French Open,2001,QF,WTA
Krasnoroutskaya,Lina,Lina Krasnoroutskaya,French Open,2001,QF,WTA
Mandula,Petra,Petra Mandula,French Open,2001,QF,WTA
Schiavone,Francesca,Francesca Schiavone,French Open,2001,QF,WTA
Williams,Serena,Serena Williams,French Open,2001,QF,WTA
Capriati,Jennifer,Jennifer Capriati,French Open,2001,SF,WTA
Clijsters,Kim,Kim Clijsters,French Open,2001,SF,WTA
Henin,Justine,Justine Henin,French Open,2001,SF,WTA
Hingis,Martina,Martina Hingis,French Open,2001,SF,WTA
Capriati,Jennifer,Jennifer Capriati,French Open,2001,F,WTA
Clijsters,Kim,Kim Clijsters,French Open,2001,F,WTA
Capriati,Jennifer,Jennifer Capriati,French Open,2001,W,WTA
Agassi,Andre,Andre Agassi,US Open,2001,R16,ATP
Clement,Arnaud,Arnaud Clement,US Open,2001,R16,ATP
Costa,Albert,Albert Costa,US Open,2001,R16,ATP
Federer,Roger,Roger Federer,US Open,2001,R16,ATP
Haas,Tommy,Tommy Haas,US Open,2001,R16,ATP
Hewitt,Lleyton,Lleyton Hewitt,US Open,2001,R16,ATP
Johansson,Thomas,Thomas Johansson,US Open,2001,R16,ATP
Kafelnikov,Yevgeny,Yevgeny Kafelnikov,US Open,2001,R16,ATP
Kuerten,Gustavo,Gustavo Kuerten,US Open,2001,R16,ATP
Malisse,Xavier,Xavier Malisse,US Open,2001,R16,ATP
Rafter,Patrick,Patrick Rafter,US Open,2001,R16,ATP
Robredo,Tommy,Tommy Robredo,US Open,2001,R16,ATP
Roddick,Andy,Andy Roddick,US Open,2001,R16,ATP
Safin,Marat,Marat Safin,US Open,2001,R16,ATP
Sampras,Pete,Pete Sampras,US Open,2001,R16,ATP
Zabaleta,Mariano,Mariano Zabaleta,US Open,2001,R16,ATP
Agassi,Andre,Andre Agassi,US Open,2001,QF,ATP
Hewitt,Lleyton,Lleyton Hewitt,US Open,2001,QF,ATP
Kafelnikov,Yevgeny,Yevgeny Kafelnikov,US Open,2001,QF,ATP
Kuerten,Gustavo,Gustavo Kuerten,US Open,2001,QF,ATP
Roddick,Andy,Andy Roddick,US Open,2001,QF,ATP
Safin,Marat,Marat Safin,US Open,2001,QF,ATP
Sampras,Pete,Pete Sampras,US Open,2001,QF,ATP
Zabaleta,Mariano,Mariano Zabaleta,US Open,2001,QF,ATP
Hewitt,Lleyton,Lleyton Hewitt,US Open,2001,SF,ATP
Kafelnikov,Yevgeny,Yevgeny Kafelnikov,US Open,2001,SF,ATP
Safin,Marat,Marat Safin,US Open,2001,SF,ATP
Sampras,Pete,Pete Sampras,US Open,2001,SF,ATP
Hewitt,Lleyton,Lleyton Hewitt,US Open,2001,F,ATP
Sampras,Pete,Pete Sampras,US Open,2001,F,ATP
Hewitt,Lleyton,Lleyton Hewitt,US Open,2001,W,ATP
Bedanova,Daja,Daja Bedanova,US Open,2001,R16,WTA
Capriati,Jennifer,Jennifer Capriati,US Open,2001,R16,WTA
Clijsters,Kim,Kim Clijsters,US Open,2001,R16,WTA
Davenport,Lindsay,Lindsay Davenport,US Open,2001,R16,WTA
Dementieva,Elena,Elena Dementieva,US Open,2001,R16,WTA
Dokic,Jelena,Jelena Dokic,US Open,2001,R16,WTA
Henin,Justine,Justine Henin,US Open,2001,R16,WTA
Hingis,Martina,Martina Hingis,US Open,2001,R16,WTA
Likhovtseva,Elena,Elena Likhovtseva,US Open,2001,R16,WTA
Mauresmo,Amelie,Amelie Mauresmo,US Open,2001,R16,WTA
Schett,Barbara,Barbara Schett,US Open,2001,R16,WTA
Seles,Monica,Monica Seles,US Open,2001,R16,WTA
Tauziat,Nathalie,Nathalie Tauziat,US Open,2001,R16,WTA
Testud,Sandrine,Sandrine Testud,US Open,2001,R16,WTA
Williams,Serena,Serena Williams,US Open,2001,R16,WTA
Williams,Venus,Venus Williams,US Open,2001,R16,WTA
Bedanova,Daja,Daja Bedanova,US Open,2001,QF,WTA
Capriati,Jennifer,Jennifer Capriati,US Open,2001,QF,WTA
Clijsters,Kim,Kim Clijsters,US Open,2001,QF,WTA
Davenport,Lindsay,Lindsay Davenport,US Open,2001,QF,WTA
Hingis,Martina,Martina Hingis,US Open,2001,QF,WTA
Mauresmo,Amelie,Amelie Mauresmo,US Open,2001,QF,WTA
Williams,Serena,Serena Williams,US Open,2001,QF,WTA
Williams,Venus,Venus Williams,US Open,2001,QF,WTA
Capriati,Jennifer,Jennifer Capriati,US Open,2001,SF,WTA
Hingis,Martina,Martina Hingis,US Open,2001,SF,WTA
Williams,Serena,Serena Williams,US Open,2001,SF,WTA
Williams,Venus,Venus Williams,US Open,2001,SF,WTA
Williams,Venus,Venus Williams,US Open,2001,F,WTA
Williams,Serena,Serena Williams,US Open,2001,F,WTA
Williams,Venus,Venus Williams,US Open,2001,W,WTA
Agassi,Andre,Andre Agassi,Wimbledon,2001,R16,ATP
Canas,Guillermo,Guillermo Canas,Wimbledon,2001,R16,ATP
Clement,Arnaud,Arnaud Clement,Wimbledon,2001,R16,ATP
Enqvist,Thomas,Thomas Enqvist,Wimbledon,2001,R16,ATP
Escude,Nicolas,Nicolas Escude,Wimbledon,2001,R16,ATP
Federer,Roger,Roger Federer,Wimbledon,2001,R16,ATP
Henman,Tim,Tim Henman,Wimbledon,2001,R16,ATP
Hewitt,Lleyton,Lleyton Hewitt,Wimbledon,2001,R16,ATP
Ivanisevic,Goran,Goran Ivanisevic,Wimbledon,2001,R16,ATP
Kiefer,Nicolas,Nicolas Kiefer,Wimbledon,2001,R16,ATP
Martin,Todd,Todd Martin,Wimbledon,2001,R16,ATP
Rafter,Patrick,Patrick Rafter,Wimbledon,2001,R16,ATP
Rusedski,Greg,Greg Rusedski,Wimbledon,2001,R16,ATP
Safin,Marat,Marat Safin,Wimbledon,2001,R16,ATP
Sampras,Pete,Pete Sampras,Wimbledon,2001,R16,ATP
Youzhny,Mikhail,Mikhail Youzhny,Wimbledon,2001,R16,ATP
Agassi,Andre,Andre Agassi,Wimbledon,2001,QF,ATP
Enqvist,Thomas,Thomas Enqvist,Wimbledon,2001,QF,ATP
Escude,Nicolas,Nicolas Escude,Wimbledon,2001,QF,ATP
Federer,Roger,Roger Federer,Wimbledon,2001,QF,ATP
Henman,Tim,Tim Henman,Wimbledon,2001,QF,ATP
Ivanisevic,Goran,Goran Ivanisevic,Wimbledon,2001,QF,ATP
Rafter,Patrick,Patrick Rafter,Wimbledon,2001,QF,ATP
Safin,Marat,Marat Safin,Wimbledon,2001,QF,ATP
Agassi,Andre,Andre Agassi,Wimbledon,2001,SF,ATP
Henman,Tim,Tim Henman,Wimbledon,2001,SF,ATP
Ivanisevic,Goran,Goran Ivanisevic,Wimbledon,2001,SF,ATP
Rafter,Patrick,Patrick Rafter,Wimbledon,2001,SF,ATP
Ivanisevic,Goran,Goran Ivanisevic,Wimbledon,2001,F,ATP
Rafter,Patrick,Patrick Rafter,Wimbledon,2001,F,ATP
Ivanisevic,Goran,Goran Ivanisevic,Wimbledon,2001,W,ATP
Capriati,Jennifer,Jennifer Capriati,Wimbledon,2001,R16,WTA
Clijsters,Kim,Kim Clijsters,Wimbledon,2001,R16,WTA
Davenport,Lindsay,Lindsay Davenport,Wimbledon,2001,R16,WTA
Dokic,Jelena,Jelena Dokic,Wimbledon,2001,R16,WTA
Henin,Justine,Justine Henin,Wimbledon,2001,R16,WTA
Huber,Anke,Anke Huber,Wimbledon,2001,R16,WTA
Krasnoroutskaya,Lina,Lina Krasnoroutskaya,Wimbledon,2001,R16,WTA
Maleeva,Magdalena,Magdalena Maleeva,Wimbledon,2001,R16,WTA
Martinez,Conchita,Conchita Martinez,Wimbledon,2001,R16,WTA
Petrova,Nadia,Nadia Petrova,Wimbledon,2001,R16,WTA
Shaughnessy,Meghann,Meghann Shaughnessy,Wimbledon,2001,R16,WTA
Tanasugarn,Tamarine,Tamarine Tanasugarn,Wimbledon,2001,R16,WTA
Tauziat,Nathalie,Nathalie Tauziat,Wimbledon,2001,R16,WTA
Testud,Sandrine,Sandrine Testud,Wimbledon,2001,R16,WTA
Williams,Serena,Serena Williams,Wimbledon,2001,R16,WTA
Williams,Venus,Venus Williams,Wimbledon,2001,R16,WTA
Capriati,Jennifer,Jennifer Capriati,Wimbledon,2001,QF,WTA
Clijsters,Kim,Kim Clijsters,Wimbledon,2001,QF,WTA
Davenport,Lindsay,Lindsay Davenport,Wimbledon,2001,QF,WTA
Henin,Justine,Justine Henin,Wimbledon,2001,QF,WTA
Martinez,Conchita,Conchita Martinez,Wimbledon,2001,QF,WTA
Tauziat,Nathalie,Nathalie Tauziat,Wimbledon,2001,QF,WTA
Williams,Serena,Serena Williams,Wimbledon,2001,QF,WTA
Williams,Venus,Venus Williams,Wimbledon,2001,QF,WTA
Capriati,Jennifer,Jennifer Capriati,Wimbledon,2001,SF,WTA
Davenport,Lindsay,Lindsay Davenport,Wimbledon,2001,SF,WTA
Henin,Justine,Justine Henin,Wimbledon,2001,SF,WTA
Williams,Venus,Venus Williams,Wimbledon,2001,SF,WTA
Henin,Justine,Justine Henin,Wimbledon,2001,F,WTA
Williams,Venus,Venus Williams,Wimbledon,2001,F,WTA
Williams,Venus,Venus Williams,Wimbledon,2001,W,WTA
Bjorkman,Jonas,Jonas Bjorkman,Australian Open,2002,R16,ATP
Costa,Albert,Albert Costa,Australian Open,2002,R16,ATP
Federer,Roger,Roger Federer,Australian Open,2002,R16,ATP
Ferreira,Wayne,Wayne Ferreira,Australian Open,2002,R16,ATP
Gonzalez,Fernando,Fernando Gonzalez,Australian Open,2002,R16,ATP
Haas,Tommy,Tommy Haas,Australian Open,2002,R16,ATP
Henman,Tim,Tim Henman,Australian Open,2002,R16,ATP
Hrbaty,Dominik,Dominik Hrbaty,Australian Open,2002,R16,ATP
Johansson,Thomas,Thomas Johansson,Australian Open,2002,R16,ATP
Koubek,Stefan,Stefan Koubek,Australian Open,2002,R16,ATP
Lapentti,Nicolas,Nicolas Lapentti,Australian Open,2002,R16,ATP
Novak,Jiri,Jiri Novak,Australian Open,2002,R16,ATP
Rios,Marcelo,Marcelo Rios,Australian Open,2002,R16,ATP
Safin,Marat,Marat Safin,Australian Open,2002,R16,ATP
Sampras,Pete,Pete Sampras,Australian Open,2002,R16,ATP
Voinea,Adrian,Adrian Voinea,Australian Open,2002,R16,ATP
Bjorkman,Jonas,Jonas Bjorkman,Australian Open,2002,QF,ATP
Ferreira,Wayne,Wayne Ferreira,Australian Open,2002,QF,ATP
Haas,Tommy,Tommy Haas,Australian Open,2002,QF,ATP
Johansson,Thomas,Thomas Johansson,Australian Open,2002,QF,ATP
Koubek,Stefan,Stefan Koubek,Australian Open,2002,QF,ATP
Novak,Jiri,Jiri Novak,Australian Open,2002,QF,ATP
Rios,Marcelo,Marcelo Rios,Australian Open,2002,QF,ATP
Safin,Marat,Marat Safin,Australian Open,2002,QF,ATP
Haas,Tommy,Tommy Haas,Australian Open,2002,SF,ATP
Johansson,Thomas,Thomas Johansson,Australian Open,2002,SF,ATP
Novak,Jiri,Jiri Novak,Australian Open,2002,SF,ATP
Safin,Marat,Marat Safin,Australian Open,2002,SF,ATP
Johansson,Thomas,Thomas Johansson,Australian Open,2002,F,ATP
Safin,Marat,Marat Safin,Australian Open,2002,F,ATP
Johansson,Thomas,Thomas Johansson,Australian Open,2002,W,ATP
Capriati,Jennifer,Jennifer Capriati,Australian Open,2002,R16,WTA
Clijsters,Kim,Kim Clijsters,Australian Open,2002,R16,WTA
Coetzer,Amanda,Amanda Coetzer,Australian Open,2002,R16,WTA
Dementieva,Elena,Elena Dementieva,Australian Open,2002,R16,WTA
Grande,Rita,Rita Grande,Australian Open,2002,R16,WTA
Henin,Justine,Justine Henin,Australian Open,2002,R16,WTA
Hingis,Martina,Martina Hingis,Australian Open,2002,R16,WTA
Husarova,Janette,Janette Husarova,Australian Open,2002,R16,WTA
Maleeva,Magdalena,Magdalena Maleeva,Australian Open,2002,R16,WTA
Mauresmo,Amelie,Amelie Mauresmo,Australian Open,2002,R16,WTA
Medina Garrigues,Anabel,Anabel Medina Garrigues,Australian Open,2002,R16,WTA
Seles,Monica,Monica Seles,Australian Open,2002,R16,WTA
Serra Zanetti,Adriana,Adriana Serra Zanetti,Australian Open,2002,R16,WTA
Sucha,Martina,Martina Sucha,Australian Open,2002,R16,WTA
Weingartner,Marlene,Marlene Weingartner,Australian Open,2002,R16,WTA
Williams,Venus,Venus Williams,Australian Open,2002,R16,WTA
Capriati,Jennifer,Jennifer Capriati,Australian Open,2002,QF,WTA
Clijsters,Kim,Kim Clijsters,Australian Open,2002,QF,WTA
Henin,Justine,Justine Henin,Australian Open,2002,QF,WTA
Hingis,Martina,Martina Hingis,Australian Open,2002,QF,WTA
Mauresmo,Amelie,Amelie Mauresmo,Australian Open,2002,QF,WTA
Seles,Monica,Monica Seles,Australian Open,2002,QF,WTA
Serra Zanetti,Adriana,Adriana Serra Zanetti,Australian Open,2002,QF,WTA
Williams,Venus,Venus Williams,Australian Open,2002,QF,WTA
Capriati,Jennifer,Jennifer Capriati,Australian Open,2002,SF,WTA
Clijsters,Kim,Kim Clijsters,Australian Open,2002,SF,WTA
Hingis,Martina,Martina Hingis,Australian Open,2002,SF,WTA
Seles,Monica,Monica Seles,Australian Open,2002,SF,WTA
Capriati,Jennifer,Jennifer Capriati,Australian Open,2002,F,WTA
Hingis,Martina,Martina Hingis,Australian Open,2002,F,WTA
Capriati,Jennifer,Jennifer Capriati,Australian Open,2002,W,WTA
Agassi,Andre,Andre Agassi,French Open,2002,R16,ATP
Canas,Guillermo,Guillermo Canas,French Open,2002,R16,ATP
Carlos Ferrero,Juan,Juan Carlos Ferrero,French Open,2002,R16,ATP
Corretja,Alex,Alex Corretja,French Open,2002,R16,ATP
Costa,Albert,Albert Costa,French Open,2002,R16,ATP
Di Pasquale,Arnaud,Arnaud Di Pasquale,French Open,2002,R16,ATP
Gaudio,Gaston,Gaston Gaudio,French Open,2002,R16,ATP
Grosjean,Sebastien,Sebastien Grosjean,French Open,2002,R16,ATP
Haas,Tommy,Tommy Haas,French Open,2002,R16,ATP
Henri Mathieu,Paul,Paul Henri Mathieu,French Open,2002,R16,ATP
Hewitt,Lleyton,Lleyton Hewitt,French Open,2002,R16,ATP
Kuerten,Gustavo,Gustavo Kuerten,French Open,2002,R16,ATP
Malisse,Xavier,Xavier Malisse,French Open,2002,R16,ATP
Pavel,Andrei,Andrei Pavel,French Open,2002,R16,ATP
Safin,Marat,Marat Safin,French Open,2002,R16,ATP
Zabaleta,Mariano,Mariano Zabaleta,French Open,2002,R16,ATP
Agassi,Andre,Andre Agassi,French Open,2002,QF,ATP
Canas,Guillermo,Guillermo Canas,French Open,2002,QF,ATP
Carlos Ferrero,Juan,Juan Carlos Ferrero,French Open,2002,QF,ATP
Corretja,Alex,Alex Corretja,French Open,2002,QF,ATP
Costa,Albert,Albert Costa,French Open,2002,QF,ATP
Grosjean,Sebastien,Sebastien Grosjean,French Open,2002,QF,ATP
Pavel,Andrei,Andrei Pavel,French Open,2002,QF,ATP
Safin,Marat,Marat Safin,French Open,2002,QF,ATP
Carlos Ferrero,Juan,Juan Carlos Ferrero,French Open,2002,SF,ATP
Corretja,Alex,Alex Corretja,French Open,2002,SF,ATP
Costa,Albert,Albert Costa,French Open,2002,SF,ATP
Safin,Marat,Marat Safin,French Open,2002,SF,ATP
Carlos Ferrero,Juan,Juan Carlos Ferrero,French Open,2002,F,ATP
Costa,Albert,Albert Costa,French Open,2002,F,ATP
Costa,Albert,Albert Costa,French Open,2002,W,ATP
Capriati,Jennifer,Jennifer Capriati,French Open,2002,R16,WTA
Dementieva,Elena,Elena Dementieva,French Open,2002,R16,WTA
Dokic,Jelena,Jelena Dokic,French Open,2002,R16,WTA
Farina Elia,Silvia,Silvia Farina Elia,French Open,2002,R16,WTA
Fernandez,Clarisa,Clarisa Fernandez,French Open,2002,R16,WTA
Hantuchova,Daniela,Daniela Hantuchova,French Open,2002,R16,WTA
Mauresmo,Amelie,Amelie Mauresmo,French Open,2002,R16,WTA
Pierce,Mary,Mary Pierce,French Open,2002,R16,WTA
Rubin,Chanda,Chanda Rubin,French Open,2002,R16,WTA
Schnyder,Patty,Patty Schnyder,French Open,2002,R16,WTA
Seles,Monica,Monica Seles,French Open,2002,R16,WTA
Srebotnik,Katarina,Katarina Srebotnik,French Open,2002,R16,WTA
Suarez,Paola,Paola Suarez,French Open,2002,R16,WTA
Williams,Serena,Serena Williams,French Open,2002,R16,WTA
Williams,Venus,Venus Williams,French Open,2002,R16,WTA
Zvonareva,Vera,Vera Zvonareva,French Open,2002,R16,WTA
Capriati,Jennifer,Jennifer Capriati,French Open,2002,QF,WTA
Dokic,Jelena,Jelena Dokic,French Open,2002,QF,WTA
Fernandez,Clarisa,Clarisa Fernandez,French Open,2002,QF,WTA
Pierce,Mary,Mary Pierce,French Open,2002,QF,WTA
Seles,Monica,Monica Seles,French Open,2002,QF,WTA
Suarez,Paola,Paola Suarez,French Open,2002,QF,WTA
Williams,Serena,Serena Williams,French Open,2002,QF,WTA
Williams,Venus,Venus Williams,French Open,2002,QF,WTA
Capriati,Jennifer,Jennifer Capriati,French Open,2002,SF,WTA
Fernandez,Clarisa,Clarisa Fernandez,French Open,2002,SF,WTA
Williams,Serena,Serena Williams,French Open,2002,SF,WTA
Williams,Venus,Venus Williams,French Open,2002,SF,WTA
Williams,Serena,Serena Williams,French Open,2002,F,WTA
Williams,Venus,Venus Williams,French Open,2002,F,WTA
Williams,Serena,Serena Williams,French Open,2002,W,WTA
Agassi,Andre,Andre Agassi,US Open,2002,R16,ATP
Clement,Arnaud,Arnaud Clement,US Open,2002,R16,ATP
El Aynaoui,Younes,Younes El Aynaoui,US Open,2002,R16,ATP
Federer,Roger,Roger Federer,US Open,2002,R16,ATP
Ferreira,Wayne,Wayne Ferreira,US Open,2002,R16,ATP
Gonzalez,Fernando,Fernando Gonzalez,US Open,2002,R16,ATP
Haas,Tommy,Tommy Haas,US Open,2002,R16,ATP
Hewitt,Lleyton,Lleyton Hewitt,US Open,2002,R16,ATP
Ignacio Chela,Juan,Juan Ignacio Chela,US Open,2002,R16,ATP
Kuerten,Gustavo,Gustavo Kuerten,US Open,2002,R16,ATP
Michael Gambill,Jan,Jan Michael Gambill,US Open,2002,R16,ATP
Mirnyi,Max,Max Mirnyi,US Open,2002,R16,ATP
Novak,Jiri,Jiri Novak,US Open,2002,R16,ATP
Roddick,Andy,Andy Roddick,US Open,2002,R16,ATP
Sampras,Pete,Pete Sampras,US Open,2002,R16,ATP
Schalken,Sjeng,Sjeng Schalken,US Open,2002,R16,ATP
Agassi,Andre,Andre Agassi,US Open,2002,QF,ATP
El Aynaoui,Younes,Younes El Aynaoui,US Open,2002,QF,ATP
Gonzalez,Fernando,Fernando Gonzalez,US Open,2002,QF,ATP
Hewitt,Lleyton,Lleyton Hewitt,US Open,2002,QF,ATP
Mirnyi,Max,Max Mirnyi,US Open,2002,QF,ATP
Roddick,Andy,Andy Roddick,US Open,2002,QF,ATP
Sampras,Pete,Pete Sampras,US Open,2002,QF,ATP
Schalken,Sjeng,Sjeng Schalken,US Open,2002,QF,ATP
Agassi,Andre,Andre Agassi,US Open,2002,SF,ATP
Hewitt,Lleyton,Lleyton Hewitt,US Open,2002,SF,ATP
Sampras,Pete,Pete Sampras,US Open,2002,SF,ATP
Schalken,Sjeng,Sjeng Schalken,US Open,2002,SF,ATP
Agassi,Andre,Andre Agassi,US Open,2002,F,ATP
Sampras,Pete,Pete Sampras,US Open,2002,F,ATP
Sampras,Pete,Pete Sampras,US Open,2002,W,ATP
Bedanova,Daja,Daja Bedanova,US Open,2002,R16,WTA
Bovina,Elena,Elena Bovina,US Open,2002,R16,WTA
Capriati,Jennifer,Jennifer Capriati,US Open,2002,R16,WTA
Clijsters,Kim,Kim Clijsters,US Open,2002,R16,WTA
Davenport,Lindsay,Lindsay Davenport,US Open,2002,R16,WTA
Farina Elia,Silvia,Silvia Farina Elia,US Open,2002,R16,WTA
Frazier,Amy,Amy Frazier,US Open,2002,R16,WTA
Hantuchova,Daniela,Daniela Hantuchova,US Open,2002,R16,WTA
Henin,Justine,Justine Henin,US Open,2002,R16,WTA
Hingis,Martina,Martina Hingis,US Open,2002,R16,WTA
Mauresmo,Amelie,Amelie Mauresmo,US Open,2002,R16,WTA
Rubin,Chanda,Chanda Rubin,US Open,2002,R16,WTA
Schiavone,Francesca,Francesca Schiavone,US Open,2002,R16,WTA
Seles,Monica,Monica Seles,US Open,2002,R16,WTA
Williams,Serena,Serena Williams,US Open,2002,R16,WTA
Williams,Venus,Venus Williams,US Open,2002,R16,WTA
Bovina,Elena,Elena Bovina,US Open,2002,QF,WTA
Capriati,Jennifer,Jennifer Capriati,US Open,2002,QF,WTA
Davenport,Lindsay,Lindsay Davenport,US Open,2002,QF,WTA
Hantuchova,Daniela,Daniela Hantuchova,US Open,2002,QF,WTA
Mauresmo,Amelie,Amelie Mauresmo,US Open,2002,QF,WTA
Seles,Monica,Monica Seles,US Open,2002,QF,WTA
Williams,Serena,Serena Williams,US Open,2002,QF,WTA
Williams,Venus,Venus Williams,US Open,2002,QF,WTA
Davenport,Lindsay,Lindsay Davenport,US Open,2002,SF,WTA
Mauresmo,Amelie,Amelie Mauresmo,US Open,2002,SF,WTA
Williams,Serena,Serena Williams,US Open,2002,SF,WTA
Williams,Venus,Venus Williams,US Open,2002,SF,WTA
Williams,Serena,Serena Williams,US Open,2002,F,WTA
Williams,Venus,Venus Williams,US Open,2002,F,WTA
Williams,Serena,Serena Williams,US Open,2002,W,WTA
Arthurs,Wayne,Wayne Arthurs,Wimbledon,2002,R16,ATP
Clement,Arnaud,Arnaud Clement,Wimbledon,2002,R16,ATP
Henman,Tim,Tim Henman,Wimbledon,2002,R16,ATP
Hewitt,Lleyton,Lleyton Hewitt,Wimbledon,2002,R16,ATP
Krajicek,Richard,Richard Krajicek,Wimbledon,2002,R16,ATP
Kratochvil,Michel,Michel Kratochvil,Wimbledon,2002,R16,ATP
Lapentti,Nicolas,Nicolas Lapentti,Wimbledon,2002,R16,ATP
Lopez,Feliciano,Feliciano Lopez,Wimbledon,2002,R16,ATP
Malisse,Xavier,Xavier Malisse,Wimbledon,2002,R16,ATP
Nalbandian,David,David Nalbandian,Wimbledon,2002,R16,ATP
Philippoussis,Mark,Mark Philippoussis,Wimbledon,2002,R16,ATP
Rusedski,Greg,Greg Rusedski,Wimbledon,2002,R16,ATP
Sa,Andre,Andre Sa,Wimbledon,2002,R16,ATP
Schalken,Sjeng,Sjeng Schalken,Wimbledon,2002,R16,ATP
Vacek,Jan,Jan Vacek,Wimbledon,2002,R16,ATP
Youzhny,Mikhail,Mikhail Youzhny,Wimbledon,2002,R16,ATP
Henman,Tim,Tim Henman,Wimbledon,2002,QF,ATP
Hewitt,Lleyton,Lleyton Hewitt,Wimbledon,2002,QF,ATP
Krajicek,Richard,Richard Krajicek,Wimbledon,2002,QF,ATP
Lapentti,Nicolas,Nicolas Lapentti,Wimbledon,2002,QF,ATP
Malisse,Xavier,Xavier Malisse,Wimbledon,2002,QF,ATP
Nalbandian,David,David Nalbandian,Wimbledon,2002,QF,ATP
Sa,Andre,Andre Sa,Wimbledon,2002,QF,ATP
Schalken,Sjeng,Sjeng Schalken,Wimbledon,2002,QF,ATP
Henman,Tim,Tim Henman,Wimbledon,2002,SF,ATP
Hewitt,Lleyton,Lleyton Hewitt,Wimbledon,2002,SF,ATP
Malisse,Xavier,Xavier Malisse,Wimbledon,2002,SF,ATP
Nalbandian,David,David Nalbandian,Wimbledon,2002,SF,ATP
Hewitt,Lleyton,Lleyton Hewitt,Wimbledon,2002,F,ATP
Nalbandian,David,David Nalbandian,Wimbledon,2002,F,ATP
Hewitt,Lleyton,Lleyton Hewitt,Wimbledon,2002,W,ATP
Capriati,Jennifer,Jennifer Capriati,Wimbledon,2002,R16,WTA
Daniilidou,Eleni,Eleni Daniilidou,Wimbledon,2002,R16,WTA
Dementieva,Elena,Elena Dementieva,Wimbledon,2002,R16,WTA
Dokic,Jelena,Jelena Dokic,Wimbledon,2002,R16,WTA
Granville,Laura,Laura Granville,Wimbledon,2002,R16,WTA
Hantuchova,Daniela,Daniela Hantuchova,Wimbledon,2002,R16,WTA
Henin,Justine,Justine Henin,Wimbledon,2002,R16,WTA
Likhovtseva,Elena,Elena Likhovtseva,Wimbledon,2002,R16,WTA
Maleeva,Magdalena,Magdalena Maleeva,Wimbledon,2002,R16,WTA
Mauresmo,Amelie,Amelie Mauresmo,Wimbledon,2002,R16,WTA
Raymond,Lisa,Lisa Raymond,Wimbledon,2002,R16,WTA
Rubin,Chanda,Chanda Rubin,Wimbledon,2002,R16,WTA
Seles,Monica,Monica Seles,Wimbledon,2002,R16,WTA
Tanasugarn,Tamarine,Tamarine Tanasugarn,Wimbledon,2002,R16,WTA
Williams,Venus,Venus Williams,Wimbledon,2002,R16,WTA
Williams,Serena,Serena Williams,Wimbledon,2002,R16,WTA
Capriati,Jennifer,Jennifer Capriati,Wimbledon,2002,QF,WTA
Hantuchova,Daniela,Daniela Hantuchova,Wimbledon,2002,QF,WTA
Henin,Justine,Justine Henin,Wimbledon,2002,QF,WTA
Likhovtseva,Elena,Elena Likhovtseva,Wimbledon,2002,QF,WTA
Mauresmo,Amelie,Amelie Mauresmo,Wimbledon,2002,QF,WTA
Seles,Monica,Monica Seles,Wimbledon,2002,QF,WTA
Williams,Venus,Venus Williams,Wimbledon,2002,QF,WTA
Williams,Serena,Serena Williams,Wimbledon,2002,QF,WTA
Henin,Justine,Justine Henin,Wimbledon,2002,SF,WTA
Mauresmo,Amelie,Amelie Mauresmo,Wimbledon,2002,SF,WTA
Williams,Venus,Venus Williams,Wimbledon,2002,SF,WTA
Williams,Serena,Serena Williams,Wimbledon,2002,SF,WTA
Williams,Serena,Serena Williams,Wimbledon,2002,F,WTA
Williams,Venus,Venus Williams,Wimbledon,2002,F,WTA
Williams,Serena,Serena Williams,Wimbledon,2002,W,WTA
Agassi,Andre,Andre Agassi,Australian Open,2003,R16,ATP
Ancic,Mario,Mario Ancic,Australian Open,2003,R16,ATP
Blake,James,James Blake,Australian Open,2003,R16,ATP
Carlos Ferrero,Juan,Juan Carlos Ferrero,Australian Open,2003,R16,ATP
Coria,Guillermo,Guillermo Coria,Australian Open,2003,R16,ATP
El Aynaoui,Younes,Younes El Aynaoui,Australian Open,2003,R16,ATP
Federer,Roger,Roger Federer,Australian Open,2003,R16,ATP
Ferreira,Wayne,Wayne Ferreira,Australian Open,2003,R16,ATP
Grosjean,Sebastien,Sebastien Grosjean,Australian Open,2003,R16,ATP
Hewitt,Lleyton,Lleyton Hewitt,Australian Open,2003,R16,ATP
Mantilla,Felix,Felix Mantilla,Australian Open,2003,R16,ATP
Nalbandian,David,David Nalbandian,Australian Open,2003,R16,ATP
Roddick,Andy,Andy Roddick,Australian Open,2003,R16,ATP
Sargsian,Sargis,Sargis Sargsian,Australian Open,2003,R16,ATP
Schuettler,Rainer,Rainer Schuettler,Australian Open,2003,R16,ATP
Youzhny,Mikhail,Mikhail Youzhny,Australian Open,2003,R16,ATP
Agassi,Andre,Andre Agassi,Australian Open,2003,QF,ATP
Carlos Ferrero,Juan,Juan Carlos Ferrero,Australian Open,2003,QF,ATP
El Aynaoui,Younes,Younes El Aynaoui,Australian Open,2003,QF,ATP
Ferreira,Wayne,Wayne Ferreira,Australian Open,2003,QF,ATP
Grosjean,Sebastien,Sebastien Grosjean,Australian Open,2003,QF,ATP
Nalbandian,David,David Nalbandian,Australian Open,2003,QF,ATP
Roddick,Andy,Andy Roddick,Australian Open,2003,QF,ATP
Schuettler,Rainer,Rainer Schuettler,Australian Open,2003,QF,ATP
Agassi,Andre,Andre Agassi,Australian Open,2003,SF,ATP
Ferreira,Wayne,Wayne Ferreira,Australian Open,2003,SF,ATP
Roddick,Andy,Andy Roddick,Australian Open,2003,SF,ATP
Schuettler,Rainer,Rainer Schuettler,Australian Open,2003,SF,ATP
Agassi,Andre,Andre Agassi,Australian Open,2003,F,ATP
Schuettler,Rainer,Rainer Schuettler,Australian Open,2003,F,ATP
Agassi,Andre,Andre Agassi,Australian Open,2003,W,ATP
Bovina,Elena,Elena Bovina,Australian Open,2003,R16,WTA
Chladkova,Denisa,Denisa Chladkova,Australian Open,2003,R16,WTA
Clijsters,Kim,Kim Clijsters,Australian Open,2003,R16,WTA
Coetzer,Amanda,Amanda Coetzer,Australian Open,2003,R16,WTA
Daniilidou,Eleni,Eleni Daniilidou,Australian Open,2003,R16,WTA
Davenport,Lindsay,Lindsay Davenport,Australian Open,2003,R16,WTA
Hantuchova,Daniela,Daniela Hantuchova,Australian Open,2003,R16,WTA
Henin,Justine,Justine Henin,Australian Open,2003,R16,WTA
Myskina,Anastasia,Anastasia Myskina,Australian Open,2003,R16,WTA
Pratt,Nicole,Nicole Pratt,Australian Open,2003,R16,WTA
Ruano Pascual,Virginia,Virginia Ruano Pascual,Australian Open,2003,R16,WTA
Rubin,Chanda,Chanda Rubin,Australian Open,2003,R16,WTA
Schnyder,Patty,Patty Schnyder,Australian Open,2003,R16,WTA
Shaughnessy,Meghann,Meghann Shaughnessy,Australian Open,2003,R16,WTA
Williams,Serena,Serena Williams,Australian Open,2003,R16,WTA
Williams,Venus,Venus Williams,Australian Open,2003,R16,WTA
Clijsters,Kim,Kim Clijsters,Australian Open,2003,QF,WTA
Hantuchova,Daniela,Daniela Hantuchova,Australian Open,2003,QF,WTA
Henin,Justine,Justine Henin,Australian Open,2003,QF,WTA
Myskina,Anastasia,Anastasia Myskina,Australian Open,2003,QF,WTA
Ruano Pascual,Virginia,Virginia Ruano Pascual,Australian Open,2003,QF,WTA
Shaughnessy,Meghann,Meghann Shaughnessy,Australian Open,2003,QF,WTA
Williams,Serena,Serena Williams,Australian Open,2003,QF,WTA
Williams,Venus,Venus Williams,Australian Open,2003,QF,WTA
Clijsters,Kim,Kim Clijsters,Australian Open,2003,SF,WTA
Henin,Justine,Justine Henin,Australian Open,2003,SF,WTA
Williams,Serena,Serena Williams,Australian Open,2003,SF,WTA
Williams,Venus,Venus Williams,Australian Open,2003,SF,WTA
Williams,Serena,Serena Williams,Australian Open,2003,F,WTA
Williams,Venus,Venus Williams,Australian Open,2003,F,WTA
Williams,Serena,Serena Williams,Australian Open,2003,W,WTA
Agassi,Andre,Andre Agassi,French Open,2003,R16,ATP
Carlos Ferrero,Juan,Juan Carlos Ferrero,French Open,2003,R16,ATP
Clement,Arnaud,Arnaud Clement,French Open,2003,R16,ATP
Coria,Guillermo,Guillermo Coria,French Open,2003,R16,ATP
Costa,Albert,Albert Costa,French Open,2003,R16,ATP
Gonzalez,Fernando,Fernando Gonzalez,French Open,2003,R16,ATP
Kuerten,Gustavo,Gustavo Kuerten,French Open,2003,R16,ATP
Mantilla,Felix,Felix Mantilla,French Open,2003,R16,ATP
Moya,Carlos,Carlos Moya,French Open,2003,R16,ATP
Nieminen,Jarkko,Jarkko Nieminen,French Open,2003,R16,ATP
Novak,Jiri,Jiri Novak,French Open,2003,R16,ATP
Robredo,Tommy,Tommy Robredo,French Open,2003,R16,ATP
Saretta,Flavio,Flavio Saretta,French Open,2003,R16,ATP
Schuettler,Rainer,Rainer Schuettler,French Open,2003,R16,ATP
Verkerk,Martin,Martin Verkerk,French Open,2003,R16,ATP
Zabaleta,Mariano,Mariano Zabaleta,French Open,2003,R16,ATP
Agassi,Andre,Andre Agassi,French Open,2003,QF,ATP
Carlos Ferrero,Juan,Juan Carlos Ferrero,French Open,2003,QF,ATP
Coria,Guillermo,Guillermo Coria,French Open,2003,QF,ATP
Costa,Albert,Albert Costa,French Open,2003,QF,ATP
Gonzalez,Fernando,Fernando Gonzalez,French Open,2003,QF,ATP
Moya,Carlos,Carlos Moya,French Open,2003,QF,ATP
Robredo,Tommy,Tommy Robredo,French Open,2003,QF,ATP
Verkerk,Martin,Martin Verkerk,French Open,2003,QF,ATP
Carlos Ferrero,Juan,Juan Carlos Ferrero,French Open,2003,SF,ATP
Coria,Guillermo,Guillermo Coria,French Open,2003,SF,ATP
Costa,Albert,Albert Costa,French Open,2003,SF,ATP
Verkerk,Martin,Martin Verkerk,French Open,2003,SF,ATP
Carlos Ferrero,Juan,Juan Carlos Ferrero,French Open,2003,F,ATP
Verkerk,Martin,Martin Verkerk,French Open,2003,F,ATP
Carlos Ferrero,Juan,Juan Carlos Ferrero,French Open,2003,W,ATP
Capriati,Jennifer,Jennifer Capriati,French Open,2003,R16,WTA
Clijsters,Kim,Kim Clijsters,French Open,2003,R16,WTA
Davenport,Lindsay,Lindsay Davenport,French Open,2003,R16,WTA
Henin,Justine,Justine Henin,French Open,2003,R16,WTA
Maleeva,Magdalena,Magdalena Maleeva,French Open,2003,R16,WTA
Mandula,Petra,Petra Mandula,French Open,2003,R16,WTA
Martinez,Conchita,Conchita Martinez,French Open,2003,R16,WTA
Mauresmo,Amelie,Amelie Mauresmo,French Open,2003,R16,WTA
Petrova,Nadia,Nadia Petrova,French Open,2003,R16,WTA
Rubin,Chanda,Chanda Rubin,French Open,2003,R16,WTA
Schnyder,Patty,Patty Schnyder,French Open,2003,R16,WTA
Serna,Magui,Magui Serna,French Open,2003,R16,WTA
Sugiyama,Ai,Ai Sugiyama,French Open,2003,R16,WTA
Williams,Serena,Serena Williams,French Open,2003,R16,WTA
Williams,Venus,Venus Williams,French Open,2003,R16,WTA
Zvonareva,Vera,Vera Zvonareva,French Open,2003,R16,WTA
Clijsters,Kim,Kim Clijsters,French Open,2003,QF,WTA
Henin,Justine,Justine Henin,French Open,2003,QF,WTA
Martinez,Conchita,Conchita Martinez,French Open,2003,QF,WTA
Mauresmo,Amelie,Amelie Mauresmo,French Open,2003,QF,WTA
Petrova,Nadia,Nadia Petrova,French Open,2003,QF,WTA
Rubin,Chanda,Chanda Rubin,French Open,2003,QF,WTA
Williams,Serena,Serena Williams,French Open,2003,QF,WTA
Zvonareva,Vera,Vera Zvonareva,French Open,2003,QF,WTA
Clijsters,Kim,Kim Clijsters,French Open,2003,SF,WTA
Henin,Justine,Justine Henin,French Open,2003,SF,WTA
Petrova,Nadia,Nadia Petrova,French Open,2003,SF,WTA
Williams,Serena,Serena Williams,French Open,2003,SF,WTA
Clijsters,Kim,Kim Clijsters,French Open,2003,F,WTA
Henin,Justine,Justine Henin,French Open,2003,F,WTA
Henin,Justine,Justine Henin,French Open,2003,W,WTA
Agassi,Andre,Andre Agassi,US Open,2003,R16,ATP
Bjorkman,Jonas,Jonas Bjorkman,US Open,2003,R16,ATP
Carlos Ferrero,Juan,Juan Carlos Ferrero,US Open,2003,R16,ATP
Coria,Guillermo,Guillermo Coria,US Open,2003,R16,ATP
Dent,Taylor,Taylor Dent,US Open,2003,R16,ATP
El Aynaoui,Younes,Younes El Aynaoui,US Open,2003,R16,ATP
Federer,Roger,Roger Federer,US Open,2003,R16,ATP
Hewitt,Lleyton,Lleyton Hewitt,US Open,2003,R16,ATP
Malisse,Xavier,Xavier Malisse,US Open,2003,R16,ATP
Martin,Todd,Todd Martin,US Open,2003,R16,ATP
Moya,Carlos,Carlos Moya,US Open,2003,R16,ATP
Nalbandian,David,David Nalbandian,US Open,2003,R16,ATP
Roddick,Andy,Andy Roddick,US Open,2003,R16,ATP
Schalken,Sjeng,Sjeng Schalken,US Open,2003,R16,ATP
Schuettler,Rainer,Rainer Schuettler,US Open,2003,R16,ATP
Srichaphan,Paradorn,Paradorn Srichaphan,US Open,2003,R16,ATP
Agassi,Andre,Andre Agassi,US Open,2003,QF,ATP
Carlos Ferrero,Juan,Juan Carlos Ferrero,US Open,2003,QF,ATP
Coria,Guillermo,Guillermo Coria,US Open,2003,QF,ATP
El Aynaoui,Younes,Younes El Aynaoui,US Open,2003,QF,ATP
Hewitt,Lleyton,Lleyton Hewitt,US Open,2003,QF,ATP
Nalbandian,David,David Nalbandian,US Open,2003,QF,ATP
Roddick,Andy,Andy Roddick,US Open,2003,QF,ATP
Schalken,Sjeng,Sjeng Schalken,US Open,2003,QF,ATP
Agassi,Andre,Andre Agassi,US Open,2003,SF,ATP
Carlos Ferrero,Juan,Juan Carlos Ferrero,US Open,2003,SF,ATP
Nalbandian,David,David Nalbandian,US Open,2003,SF,ATP
Roddick,Andy,Andy Roddick,US Open,2003,SF,ATP
Carlos Ferrero,Juan,Juan Carlos Ferrero,US Open,2003,F,ATP
Roddick,Andy,Andy Roddick,US Open,2003,F,ATP
Roddick,Andy,Andy Roddick,US Open,2003,W,ATP
Capriati,Jennifer,Jennifer Capriati,US Open,2003,R16,WTA
Clijsters,Kim,Kim Clijsters,US Open,2003,R16,WTA
Davenport,Lindsay,Lindsay Davenport,US Open,2003,R16,WTA
Dementieva,Elena,Elena Dementieva,US Open,2003,R16,WTA
Henin,Justine,Justine Henin,US Open,2003,R16,WTA
Likhovtseva,Elena,Elena Likhovtseva,US Open,2003,R16,WTA
Mauresmo,Amelie,Amelie Mauresmo,US Open,2003,R16,WTA
Myskina,Anastasia,Anastasia Myskina,US Open,2003,R16,WTA
Petrova,Nadia,Nadia Petrova,US Open,2003,R16,WTA
Pierce,Mary,Mary Pierce,US Open,2003,R16,WTA
Safina,Dinara,Dinara Safina,US Open,2003,R16,WTA
Schiavone,Francesca,Francesca Schiavone,US Open,2003,R16,WTA
Shaughnessy,Meghann,Meghann Shaughnessy,US Open,2003,R16,WTA
Suarez,Paola,Paola Suarez,US Open,2003,R16,WTA
Sugiyama,Ai,Ai Sugiyama,US Open,2003,R16,WTA
Tanasugarn,Tamarine,Tamarine Tanasugarn,US Open,2003,R16,WTA
Capriati,Jennifer,Jennifer Capriati,US Open,2003,QF,WTA
Clijsters,Kim,Kim Clijsters,US Open,2003,QF,WTA
Davenport,Lindsay,Lindsay Davenport,US Open,2003,QF,WTA
Henin,Justine,Justine Henin,US Open,2003,QF,WTA
Mauresmo,Amelie,Amelie Mauresmo,US Open,2003,QF,WTA
Myskina,Anastasia,Anastasia Myskina,US Open,2003,QF,WTA
Schiavone,Francesca,Francesca Schiavone,US Open,2003,QF,WTA
Suarez,Paola,Paola Suarez,US Open,2003,QF,WTA
Capriati,Jennifer,Jennifer Capriati,US Open,2003,SF,WTA
Clijsters,Kim,Kim Clijsters,US Open,2003,SF,WTA
Davenport,Lindsay,Lindsay Davenport,US Open,2003,SF,WTA
Henin,Justine,Justine Henin,US Open,2003,SF,WTA
Clijsters,Kim,Kim Clijsters,US Open,2003,F,WTA
Henin,Justine,Justine Henin,US Open,2003,F,WTA
Henin,Justine,Justine Henin,US Open,2003,W,WTA
Agassi,Andre,Andre Agassi,Wimbledon,2003,R16,ATP
Bjorkman,Jonas,Jonas Bjorkman,Wimbledon,2003,R16,ATP
Carlos Ferrero,Juan,Juan Carlos Ferrero,Wimbledon,2003,R16,ATP
Federer,Roger,Roger Federer,Wimbledon,2003,R16,ATP
Grosjean,Sebastien,Sebastien Grosjean,Wimbledon,2003,R16,ATP
Henman,Tim,Tim Henman,Wimbledon,2003,R16,ATP
Lopez,Feliciano,Feliciano Lopez,Wimbledon,2003,R16,ATP
Mirnyi,Max,Max Mirnyi,Wimbledon,2003,R16,ATP
Nalbandian,David,David Nalbandian,Wimbledon,2003,R16,ATP
Philippoussis,Mark,Mark Philippoussis,Wimbledon,2003,R16,ATP
Popp,Alexander,Alexander Popp,Wimbledon,2003,R16,ATP
Rochus,Olivier,Olivier Rochus,Wimbledon,2003,R16,ATP
Roddick,Andy,Andy Roddick,Wimbledon,2003,R16,ATP
Schalken,Sjeng,Sjeng Schalken,Wimbledon,2003,R16,ATP
Schuettler,Rainer,Rainer Schuettler,Wimbledon,2003,R16,ATP
Srichaphan,Paradorn,Paradorn Srichaphan,Wimbledon,2003,R16,ATP
Bjorkman,Jonas,Jonas Bjorkman,Wimbledon,2003,QF,ATP
Federer,Roger,Roger Federer,Wimbledon,2003,QF,ATP
Grosjean,Sebastien,Sebastien Grosjean,Wimbledon,2003,QF,ATP
Henman,Tim,Tim Henman,Wimbledon,2003,QF,ATP
Philippoussis,Mark,Mark Philippoussis,Wimbledon,2003,QF,ATP
Popp,Alexander,Alexander Popp,Wimbledon,2003,QF,ATP
Roddick,Andy,Andy Roddick,Wimbledon,2003,QF,ATP
Schalken,Sjeng,Sjeng Schalken,Wimbledon,2003,QF,ATP
Federer,Roger,Roger Federer,Wimbledon,2003,SF,ATP
Grosjean,Sebastien,Sebastien Grosjean,Wimbledon,2003,SF,ATP
Philippoussis,Mark,Mark Philippoussis,Wimbledon,2003,SF,ATP
Roddick,Andy,Andy Roddick,Wimbledon,2003,SF,ATP
Federer,Roger,Roger Federer,Wimbledon,2003,F,ATP
Philippoussis,Mark,Mark Philippoussis,Wimbledon,2003,F,ATP
Federer,Roger,Roger Federer,Wimbledon,2003,W,ATP
Asagoe,Shinobu,Shinobu Asagoe,Wimbledon,2003,R16,WTA
Capriati,Jennifer,Jennifer Capriati,Wimbledon,2003,R16,WTA
Clijsters,Kim,Kim Clijsters,Wimbledon,2003,R16,WTA
Davenport,Lindsay,Lindsay Davenport,Wimbledon,2003,R16,WTA
Dementieva,Elena,Elena Dementieva,Wimbledon,2003,R16,WTA
Farina Elia,Silvia,Silvia Farina Elia,Wimbledon,2003,R16,WTA
Henin,Justine,Justine Henin,Wimbledon,2003,R16,WTA
Kuznetsova,Svetlana,Svetlana Kuznetsova,Wimbledon,2003,R16,WTA
Myskina,Anastasia,Anastasia Myskina,Wimbledon,2003,R16,WTA
Pierce,Mary,Mary Pierce,Wimbledon,2003,R16,WTA
Sharapova,Maria,Maria Sharapova,Wimbledon,2003,R16,WTA
Suarez,Paola,Paola Suarez,Wimbledon,2003,R16,WTA
Sugiyama,Ai,Ai Sugiyama,Wimbledon,2003,R16,WTA
Williams,Serena,Serena Williams,Wimbledon,2003,R16,WTA
Williams,Venus,Venus Williams,Wimbledon,2003,R16,WTA
Zvonareva,Vera,Vera Zvonareva,Wimbledon,2003,R16,WTA
Capriati,Jennifer,Jennifer Capriati,Wimbledon,2003,QF,WTA
Clijsters,Kim,Kim Clijsters,Wimbledon,2003,QF,WTA
Davenport,Lindsay,Lindsay Davenport,Wimbledon,2003,QF,WTA
Farina Elia,Silvia,Silvia Farina Elia,Wimbledon,2003,QF,WTA
Henin,Justine,Justine Henin,Wimbledon,2003,QF,WTA
Kuznetsova,Svetlana,Svetlana Kuznetsova,Wimbledon,2003,QF,WTA
Williams,Serena,Serena Williams,Wimbledon,2003,QF,WTA
Williams,Venus,Venus Williams,Wimbledon,2003,QF,WTA
Clijsters,Kim,Kim Clijsters,Wimbledon,2003,SF,WTA
Henin,Justine,Justine Henin,Wimbledon,2003,SF,WTA
Williams,Serena,Serena Williams,Wimbledon,2003,SF,WTA
Williams,Venus,Venus Williams,Wimbledon,2003,SF,WTA
Williams,Serena,Serena Williams,Wimbledon,2003,F,WTA
Williams,Venus,Venus Williams,Wimbledon,2003,F,WTA
Williams,Serena,Serena Williams,Wimbledon,2003,W,WTA
Agassi,Andre,Andre Agassi,Australian Open,2004,R16,ATP
Arazi,Hicham,Hicham Arazi,Australian Open,2004,R16,ATP
Blake,James,James Blake,Australian Open,2004,R16,ATP
Canas,Guillermo,Guillermo Canas,Australian Open,2004,R16,ATP
Carlos Ferrero,Juan,Juan Carlos Ferrero,Australian Open,2004,R16,ATP
Federer,Roger,Roger Federer,Australian Open,2004,R16,ATP
Ginepri,Robby,Robby Ginepri,Australian Open,2004,R16,ATP
Grosjean,Sebastien,Sebastien Grosjean,Australian Open,2004,R16,ATP
Hewitt,Lleyton,Lleyton Hewitt,Australian Open,2004,R16,ATP
Nalbandian,David,David Nalbandian,Australian Open,2004,R16,ATP
Pavel,Andrei,Andrei Pavel,Australian Open,2004,R16,ATP
Philippoussis,Mark,Mark Philippoussis,Australian Open,2004,R16,ATP
Roddick,Andy,Andy Roddick,Australian Open,2004,R16,ATP
Safin,Marat,Marat Safin,Australian Open,2004,R16,ATP
Schalken,Sjeng,Sjeng Schalken,Australian Open,2004,R16,ATP
Srichaphan,Paradorn,Paradorn Srichaphan,Australian Open,2004,R16,ATP
Agassi,Andre,Andre Agassi,Australian Open,2004,QF,ATP
Arazi,Hicham,Hicham Arazi,Australian Open,2004,QF,ATP
Carlos Ferrero,Juan,Juan Carlos Ferrero,Australian Open,2004,QF,ATP
Federer,Roger,Roger Federer,Australian Open,2004,QF,ATP
Grosjean,Sebastien,Sebastien Grosjean,Australian Open,2004,QF,ATP
Nalbandian,David,David Nalbandian,Australian Open,2004,QF,ATP
Roddick,Andy,Andy Roddick,Australian Open,2004,QF,ATP
Safin,Marat,Marat Safin,Australian Open,2004,QF,ATP
Agassi,Andre,Andre Agassi,Australian Open,2004,SF,ATP
Carlos Ferrero,Juan,Juan Carlos Ferrero,Australian Open,2004,SF,ATP
Federer,Roger,Roger Federer,Australian Open,2004,SF,ATP
Safin,Marat,Marat Safin,Australian Open,2004,SF,ATP
Federer,Roger,Roger Federer,Australian Open,2004,F,ATP
Safin,Marat,Marat Safin,Australian Open,2004,F,ATP
Federer,Roger,Roger Federer,Australian Open,2004,W,ATP
Clijsters,Kim,Kim Clijsters,Australian Open,2004,R16,WTA
Davenport,Lindsay,Lindsay Davenport,Australian Open,2004,R16,WTA
Dechy,Nathalie,Nathalie Dechy,Australian Open,2004,R16,WTA
Farina Elia,Silvia,Silvia Farina Elia,Australian Open,2004,R16,WTA
Golovin,Tatiana,Tatiana Golovin,Australian Open,2004,R16,WTA
Henin,Justine,Justine Henin,Australian Open,2004,R16,WTA
Kapros,Aniko,Aniko Kapros,Australian Open,2004,R16,WTA
Mauresmo,Amelie,Amelie Mauresmo,Australian Open,2004,R16,WTA
Molik,Alicia,Alicia Molik,Australian Open,2004,R16,WTA
Myskina,Anastasia,Anastasia Myskina,Australian Open,2004,R16,WTA
Raymond,Lisa,Lisa Raymond,Australian Open,2004,R16,WTA
Rubin,Chanda,Chanda Rubin,Australian Open,2004,R16,WTA
Santangelo,Mara,Mara Santangelo,Australian Open,2004,R16,WTA
Schnyder,Patty,Patty Schnyder,Australian Open,2004,R16,WTA
Zuluaga,Fabiola,Fabiola Zuluaga,Australian Open,2004,R16,WTA
Zvonareva,Vera,Vera Zvonareva,Australian Open,2004,R16,WTA
Clijsters,Kim,Kim Clijsters,Australian Open,2004,QF,WTA
Davenport,Lindsay,Lindsay Davenport,Australian Open,2004,QF,WTA
Henin,Justine,Justine Henin,Australian Open,2004,QF,WTA
Mauresmo,Amelie,Amelie Mauresmo,Australian Open,2004,QF,WTA
Myskina,Anastasia,Anastasia Myskina,Australian Open,2004,QF,WTA
Raymond,Lisa,Lisa Raymond,Australian Open,2004,QF,WTA
Schnyder,Patty,Patty Schnyder,Australian Open,2004,QF,WTA
Zuluaga,Fabiola,Fabiola Zuluaga,Australian Open,2004,QF,WTA
Clijsters,Kim,Kim Clijsters,Australian Open,2004,SF,WTA
Henin,Justine,Justine Henin,Australian Open,2004,SF,WTA
Schnyder,Patty,Patty Schnyder,Australian Open,2004,SF,WTA
Zuluaga,Fabiola,Fabiola Zuluaga,Australian Open,2004,SF,WTA
Clijsters,Kim,Kim Clijsters,Australian Open,2004,F,WTA
Henin,Justine,Justine Henin,Australian Open,2004,F,WTA
Henin,Justine,Justine Henin,Australian Open,2004,W,WTA
Andreev,Igor,Igor Andreev,French Open,2004,R16,ATP
Coria,Guillermo,Guillermo Coria,French Open,2004,R16,ATP
Escude,Nicolas,Nicolas Escude,French Open,2004,R16,ATP
Gaudio,Gaston,Gaston Gaudio,French Open,2004,R16,ATP
Henman,Tim,Tim Henman,French Open,2004,R16,ATP
Hewitt,Lleyton,Lleyton Hewitt,French Open,2004,R16,ATP
Ignacio Chela,Juan,Juan Ignacio Chela,French Open,2004,R16,ATP
Kuerten,Gustavo,Gustavo Kuerten,French Open,2004,R16,ATP
Llodra,Michael,Michael Llodra,French Open,2004,R16,ATP
Lopez,Feliciano,Feliciano Lopez,French Open,2004,R16,ATP
Malisse,Xavier,Xavier Malisse,French Open,2004,R16,ATP
Moya,Carlos,Carlos Moya,French Open,2004,R16,ATP
Mutis,Olivier,Olivier Mutis,French Open,2004,R16,ATP
Nalbandian,David,David Nalbandian,French Open,2004,R16,ATP
Robredo,Tommy,Tommy Robredo,French Open,2004,R16,ATP
Safin,Marat,Marat Safin,French Open,2004,R16,ATP
Coria,Guillermo,Guillermo Coria,French Open,2004,QF,ATP
Gaudio,Gaston,Gaston Gaudio,French Open,2004,QF,ATP
Henman,Tim,Tim Henman,French Open,2004,QF,ATP
Hewitt,Lleyton,Lleyton Hewitt,French Open,2004,QF,ATP
Ignacio Chela,Juan,Juan Ignacio Chela,French Open,2004,QF,ATP
Kuerten,Gustavo,Gustavo Kuerten,French Open,2004,QF,ATP
Moya,Carlos,Carlos Moya,French Open,2004,QF,ATP
Nalbandian,David,David Nalbandian,French Open,2004,QF,ATP
Coria,Guillermo,Guillermo Coria,French Open,2004,SF,ATP
Gaudio,Gaston,Gaston Gaudio,French Open,2004,SF,ATP
Henman,Tim,Tim Henman,French Open,2004,SF,ATP
Nalbandian,David,David Nalbandian,French Open,2004,SF,ATP
Coria,Guillermo,Guillermo Coria,French Open,2004,F,ATP
Gaudio,Gaston,Gaston Gaudio,French Open,2004,F,ATP
Gaudio,Gaston,Gaston Gaudio,French Open,2004,W,ATP
Asagoe,Shinobu,Shinobu Asagoe,French Open,2004,R16,WTA
Capriati,Jennifer,Jennifer Capriati,French Open,2004,R16,WTA
Davenport,Lindsay,Lindsay Davenport,French Open,2004,R16,WTA
Dementieva,Elena,Elena Dementieva,French Open,2004,R16,WTA
Kuznetsova,Svetlana,Svetlana Kuznetsova,French Open,2004,R16,WTA
Maleeva,Magdalena,Magdalena Maleeva,French Open,2004,R16,WTA
Mauresmo,Amelie,Amelie Mauresmo,French Open,2004,R16,WTA
Myskina,Anastasia,Anastasia Myskina,French Open,2004,R16,WTA
Schiavone,Francesca,Francesca Schiavone,French Open,2004,R16,WTA
Sharapova,Maria,Maria Sharapova,French Open,2004,R16,WTA
Suarez,Paola,Paola Suarez,French Open,2004,R16,WTA
Weingartner,Marlene,Marlene Weingartner,French Open,2004,R16,WTA
Williams,Venus,Venus Williams,French Open,2004,R16,WTA
Williams,Serena,Serena Williams,French Open,2004,R16,WTA
Zheng,Jie,Jie Zheng,French Open,2004,R16,WTA
Zuluaga,Fabiola,Fabiola Zuluaga,French Open,2004,R16,WTA
Capriati,Jennifer,Jennifer Capriati,French Open,2004,QF,WTA
Dementieva,Elena,Elena Dementieva,French Open,2004,QF,WTA
Mauresmo,Amelie,Amelie Mauresmo,French Open,2004,QF,WTA
Myskina,Anastasia,Anastasia Myskina,French Open,2004,QF,WTA
Sharapova,Maria,Maria Sharapova,French Open,2004,QF,WTA
Suarez,Paola,Paola Suarez,French Open,2004,QF,WTA
Williams,Venus,Venus Williams,French Open,2004,QF,WTA
Williams,Serena,Serena Williams,French Open,2004,QF,WTA
Capriati,Jennifer,Jennifer Capriati,French Open,2004,SF,WTA
Dementieva,Elena,Elena Dementieva,French Open,2004,SF,WTA
Myskina,Anastasia,Anastasia Myskina,French Open,2004,SF,WTA
Suarez,Paola,Paola Suarez,French Open,2004,SF,WTA
Dementieva,Elena,Elena Dementieva,French Open,2004,F,WTA
Myskina,Anastasia,Anastasia Myskina,French Open,2004,F,WTA
Myskina,Anastasia,Anastasia Myskina,French Open,2004,W,WTA
Agassi,Andre,Andre Agassi,US Open,2004,R16,ATP
Beck,Karol,Karol Beck,US Open,2004,R16,ATP
Berdych,Tomas,Tomas Berdych,US Open,2004,R16,ATP
Federer,Roger,Roger Federer,US Open,2004,R16,ATP
Haas,Tommy,Tommy Haas,US Open,2004,R16,ATP
Henman,Tim,Tim Henman,US Open,2004,R16,ATP
Hewitt,Lleyton,Lleyton Hewitt,US Open,2004,R16,ATP
Hrbaty,Dominik,Dominik Hrbaty,US Open,2004,R16,ATP
Johansson,Joachim,Joachim Johansson,US Open,2004,R16,ATP
Kiefer,Nicolas,Nicolas Kiefer,US Open,2004,R16,ATP
Llodra,Michael,Michael Llodra,US Open,2004,R16,ATP
Pavel,Andrei,Andrei Pavel,US Open,2004,R16,ATP
Robredo,Tommy,Tommy Robredo,US Open,2004,R16,ATP
Rochus,Olivier,Olivier Rochus,US Open,2004,R16,ATP
Roddick,Andy,Andy Roddick,US Open,2004,R16,ATP
Sargsian,Sargis,Sargis Sargsian,US Open,2004,R16,ATP
Agassi,Andre,Andre Agassi,US Open,2004,QF,ATP
Federer,Roger,Roger Federer,US Open,2004,QF,ATP
Haas,Tommy,Tommy Haas,US Open,2004,QF,ATP
Henman,Tim,Tim Henman,US Open,2004,QF,ATP
Hewitt,Lleyton,Lleyton Hewitt,US Open,2004,QF,ATP
Hrbaty,Dominik,Dominik Hrbaty,US Open,2004,QF,ATP
Johansson,Joachim,Joachim Johansson,US Open,2004,QF,ATP
Roddick,Andy,Andy Roddick,US Open,2004,QF,ATP
Federer,Roger,Roger Federer,US Open,2004,SF,ATP
Henman,Tim,Tim Henman,US Open,2004,SF,ATP
Hewitt,Lleyton,Lleyton Hewitt,US Open,2004,SF,ATP
Johansson,Joachim,Joachim Johansson,US Open,2004,SF,ATP
Federer,Roger,Roger Federer,US Open,2004,F,ATP
Hewitt,Lleyton,Lleyton Hewitt,US Open,2004,F,ATP
Federer,Roger,Roger Federer,US Open,2004,W,ATP
Asagoe,Shinobu,Shinobu Asagoe,US Open,2004,R16,WTA
Capriati,Jennifer,Jennifer Capriati,US Open,2004,R16,WTA
Daniilidou,Eleni,Eleni Daniilidou,US Open,2004,R16,WTA
Davenport,Lindsay,Lindsay Davenport,US Open,2004,R16,WTA
Dementieva,Elena,Elena Dementieva,US Open,2004,R16,WTA
Henin,Justine,Justine Henin,US Open,2004,R16,WTA
Kuznetsova,Svetlana,Svetlana Kuznetsova,US Open,2004,R16,WTA
Mauresmo,Amelie,Amelie Mauresmo,US Open,2004,R16,WTA
Petrova,Nadia,Nadia Petrova,US Open,2004,R16,WTA
Pierce,Mary,Mary Pierce,US Open,2004,R16,WTA
Schiavone,Francesca,Francesca Schiavone,US Open,2004,R16,WTA
Schnyder,Patty,Patty Schnyder,US Open,2004,R16,WTA
Sugiyama,Ai,Ai Sugiyama,US Open,2004,R16,WTA
Williams,Venus,Venus Williams,US Open,2004,R16,WTA
Williams,Serena,Serena Williams,US Open,2004,R16,WTA
Zvonareva,Vera,Vera Zvonareva,US Open,2004,R16,WTA
Asagoe,Shinobu,Shinobu Asagoe,US Open,2004,QF,WTA
Capriati,Jennifer,Jennifer Capriati,US Open,2004,QF,WTA
Davenport,Lindsay,Lindsay Davenport,US Open,2004,QF,WTA
Dementieva,Elena,Elena Dementieva,US Open,2004,QF,WTA
Kuznetsova,Svetlana,Svetlana Kuznetsova,US Open,2004,QF,WTA
Mauresmo,Amelie,Amelie Mauresmo,US Open,2004,QF,WTA
Petrova,Nadia,Nadia Petrova,US Open,2004,QF,WTA
Williams,Serena,Serena Williams,US Open,2004,QF,WTA
Capriati,Jennifer,Jennifer Capriati,US Open,2004,SF,WTA
Davenport,Lindsay,Lindsay Davenport,US Open,2004,SF,WTA
Dementieva,Elena,Elena Dementieva,US Open,2004,SF,WTA
Kuznetsova,Svetlana,Svetlana Kuznetsova,US Open,2004,SF,WTA
Dementieva,Elena,Elena Dementieva,US Open,2004,F,WTA
Kuznetsova,Svetlana,Svetlana Kuznetsova,US Open,2004,F,WTA
Kuznetsova,Svetlana,Svetlana Kuznetsova,US Open,2004,W,WTA
Ancic,Mario,Mario Ancic,Wimbledon,2004,R16,ATP
Federer,Roger,Roger Federer,Wimbledon,2004,R16,ATP
Ginepri,Robby,Robby Ginepri,Wimbledon,2004,R16,ATP
Grosjean,Sebastien,Sebastien Grosjean,Wimbledon,2004,R16,ATP
Henman,Tim,Tim Henman,Wimbledon,2004,R16,ATP
Hewitt,Lleyton,Lleyton Hewitt,Wimbledon,2004,R16,ATP
Johansson,Joachim,Joachim Johansson,Wimbledon,2004,R16,ATP
Karlovic,Ivo,Ivo Karlovic,Wimbledon,2004,R16,ATP
Malisse,Xavier,Xavier Malisse,Wimbledon,2004,R16,ATP
Mayer,Florian,Florian Mayer,Wimbledon,2004,R16,ATP
Moya,Carlos,Carlos Moya,Wimbledon,2004,R16,ATP
Philippoussis,Mark,Mark Philippoussis,Wimbledon,2004,R16,ATP
Popp,Alexander,Alexander Popp,Wimbledon,2004,R16,ATP
Roddick,Andy,Andy Roddick,Wimbledon,2004,R16,ATP
Schalken,Sjeng,Sjeng Schalken,Wimbledon,2004,R16,ATP
Spadea,Vincent,Vincent Spadea,Wimbledon,2004,R16,ATP
Ancic,Mario,Mario Ancic,Wimbledon,2004,QF,ATP
Federer,Roger,Roger Federer,Wimbledon,2004,QF,ATP
Grosjean,Sebastien,Sebastien Grosjean,Wimbledon,2004,QF,ATP
Henman,Tim,Tim Henman,Wimbledon,2004,QF,ATP
Hewitt,Lleyton,Lleyton Hewitt,Wimbledon,2004,QF,ATP
Mayer,Florian,Florian Mayer,Wimbledon,2004,QF,ATP
Roddick,Andy,Andy Roddick,Wimbledon,2004,QF,ATP
Schalken,Sjeng,Sjeng Schalken,Wimbledon,2004,QF,ATP
Ancic,Mario,Mario Ancic,Wimbledon,2004,SF,ATP
Federer,Roger,Roger Federer,Wimbledon,2004,SF,ATP
Grosjean,Sebastien,Sebastien Grosjean,Wimbledon,2004,SF,ATP
Roddick,Andy,Andy Roddick,Wimbledon,2004,SF,ATP
Federer,Roger,Roger Federer,Wimbledon,2004,F,ATP
Roddick,Andy,Andy Roddick,Wimbledon,2004,F,ATP
Federer,Roger,Roger Federer,Wimbledon,2004,W,ATP
Capriati,Jennifer,Jennifer Capriati,Wimbledon,2004,R16,WTA
Davenport,Lindsay,Lindsay Davenport,Wimbledon,2004,R16,WTA
Farina Elia,Silvia,Silvia Farina Elia,Wimbledon,2004,R16,WTA
Frazier,Amy,Amy Frazier,Wimbledon,2004,R16,WTA
Golovin,Tatiana,Tatiana Golovin,Wimbledon,2004,R16,WTA
Grande,Rita,Rita Grande,Wimbledon,2004,R16,WTA
Maleeva,Magdalena,Magdalena Maleeva,Wimbledon,2004,R16,WTA
Mauresmo,Amelie,Amelie Mauresmo,Wimbledon,2004,R16,WTA
Petrova,Nadia,Nadia Petrova,Wimbledon,2004,R16,WTA
Sharapova,Maria,Maria Sharapova,Wimbledon,2004,R16,WTA
Sprem,Karolina,Karolina Sprem,Wimbledon,2004,R16,WTA
Suarez,Paola,Paola Suarez,Wimbledon,2004,R16,WTA
Sugiyama,Ai,Ai Sugiyama,Wimbledon,2004,R16,WTA
Tanasugarn,Tamarine,Tamarine Tanasugarn,Wimbledon,2004,R16,WTA
Williams,Serena,Serena Williams,Wimbledon,2004,R16,WTA
Zvonareva,Vera,Vera Zvonareva,Wimbledon,2004,R16,WTA
Capriati,Jennifer,Jennifer Capriati,Wimbledon,2004,QF,WTA
Davenport,Lindsay,Lindsay Davenport,Wimbledon,2004,QF,WTA
Mauresmo,Amelie,Amelie Mauresmo,Wimbledon,2004,QF,WTA
Sharapova,Maria,Maria Sharapova,Wimbledon,2004,QF,WTA
Sprem,Karolina,Karolina Sprem,Wimbledon,2004,QF,WTA
Suarez,Paola,Paola Suarez,Wimbledon,2004,QF,WTA
Sugiyama,Ai,Ai Sugiyama,Wimbledon,2004,QF,WTA
Williams,Serena,Serena Williams,Wimbledon,2004,QF,WTA
Davenport,Lindsay,Lindsay Davenport,Wimbledon,2004,SF,WTA
Mauresmo,Amelie,Amelie Mauresmo,Wimbledon,2004,SF,WTA
Sharapova,Maria,Maria Sharapova,Wimbledon,2004,SF,WTA
Williams,Serena,Serena Williams,Wimbledon,2004,SF,WTA
Sharapova,Maria,Maria Sharapova,Wimbledon,2004,F,WTA
Williams,Serena,Serena Williams,Wimbledon,2004,F,WTA
Sharapova,Maria,Maria Sharapova,Wimbledon,2004,W,WTA
Agassi,Andre,Andre Agassi,Australian Open,2005,R16,ATP
Baghdatis,Marcos,Marcos Baghdatis,Australian Open,2005,R16,ATP
Canas,Guillermo,Guillermo Canas,Australian Open,2005,R16,ATP
Coria,Guillermo,Guillermo Coria,Australian Open,2005,R16,ATP
Davydenko,Nikolay,Nikolay Davydenko,Australian Open,2005,R16,ATP
Federer,Roger,Roger Federer,Australian Open,2005,R16,ATP
Hewitt,Lleyton,Lleyton Hewitt,Australian Open,2005,R16,ATP
Hrbaty,Dominik,Dominik Hrbaty,Australian Open,2005,R16,ATP
Johansson,Joachim,Joachim Johansson,Australian Open,2005,R16,ATP
Johansson,Thomas,Thomas Johansson,Australian Open,2005,R16,ATP
Kohlschreiber,Philipp,Philipp Kohlschreiber,Australian Open,2005,R16,ATP
Nadal,Rafael,Rafael Nadal,Australian Open,2005,R16,ATP
Nalbandian,David,David Nalbandian,Australian Open,2005,R16,ATP
Rochus,Olivier,Olivier Rochus,Australian Open,2005,R16,ATP
Roddick,Andy,Andy Roddick,Australian Open,2005,R16,ATP
Safin,Marat,Marat Safin,Australian Open,2005,R16,ATP
Agassi,Andre,Andre Agassi,Australian Open,2005,QF,ATP
Davydenko,Nikolay,Nikolay Davydenko,Australian Open,2005,QF,ATP
Federer,Roger,Roger Federer,Australian Open,2005,QF,ATP
Hewitt,Lleyton,Lleyton Hewitt,Australian Open,2005,QF,ATP
Hrbaty,Dominik,Dominik Hrbaty,Australian Open,2005,QF,ATP
Nalbandian,David,David Nalbandian,Australian Open,2005,QF,ATP
Roddick,Andy,Andy Roddick,Australian Open,2005,QF,ATP
Safin,Marat,Marat Safin,Australian Open,2005,QF,ATP
Federer,Roger,Roger Federer,Australian Open,2005,SF,ATP
Hewitt,Lleyton,Lleyton Hewitt,Australian Open,2005,SF,ATP
Roddick,Andy,Andy Roddick,Australian Open,2005,SF,ATP
Safin,Marat,Marat Safin,Australian Open,2005,SF,ATP
Hewitt,Lleyton,Lleyton Hewitt,Australian Open,2005,F,ATP
Safin,Marat,Marat Safin,Australian Open,2005,F,ATP
Safin,Marat,Marat Safin,Australian Open,2005,W,ATP
Davenport,Lindsay,Lindsay Davenport,Australian Open,2005,R16,WTA
Dechy,Nathalie,Nathalie Dechy,Australian Open,2005,R16,WTA
Dementieva,Elena,Elena Dementieva,Australian Open,2005,R16,WTA
Dushevina,Vera,Vera Dushevina,Australian Open,2005,R16,WTA
Farina Elia,Silvia,Silvia Farina Elia,Australian Open,2005,R16,WTA
Kuznetsova,Svetlana,Svetlana Kuznetsova,Australian Open,2005,R16,WTA
Linetskaya,Evgenia,Evgenia Linetskaya,Australian Open,2005,R16,WTA
Mauresmo,Amelie,Amelie Mauresmo,Australian Open,2005,R16,WTA
Molik,Alicia,Alicia Molik,Australian Open,2005,R16,WTA
Myskina,Anastasia,Anastasia Myskina,Australian Open,2005,R16,WTA
Petrova,Nadia,Nadia Petrova,Australian Open,2005,R16,WTA
Schnyder,Patty,Patty Schnyder,Australian Open,2005,R16,WTA
Sharapova,Maria,Maria Sharapova,Australian Open,2005,R16,WTA
Sprem,Karolina,Karolina Sprem,Australian Open,2005,R16,WTA
Williams,Venus,Venus Williams,Australian Open,2005,R16,WTA
Williams,Serena,Serena Williams,Australian Open,2005,R16,WTA
Davenport,Lindsay,Lindsay Davenport,Australian Open,2005,QF,WTA
Dechy,Nathalie,Nathalie Dechy,Australian Open,2005,QF,WTA
Kuznetsova,Svetlana,Svetlana Kuznetsova,Australian Open,2005,QF,WTA
Mauresmo,Amelie,Amelie Mauresmo,Australian Open,2005,QF,WTA
Molik,Alicia,Alicia Molik,Australian Open,2005,QF,WTA
Schnyder,Patty,Patty Schnyder,Australian Open,2005,QF,WTA
Sharapova,Maria,Maria Sharapova,Australian Open,2005,QF,WTA
Williams,Serena,Serena Williams,Australian Open,2005,QF,WTA
Davenport,Lindsay,Lindsay Davenport,Australian Open,2005,SF,WTA
Dechy,Nathalie,Nathalie Dechy,Australian Open,2005,SF,WTA
Sharapova,Maria,Maria Sharapova,Australian Open,2005,SF,WTA
Williams,Serena,Serena Williams,Australian Open,2005,SF,WTA
Davenport,Lindsay,Lindsay Davenport,Australian Open,2005,F,WTA
Williams,Serena,Serena Williams,Australian Open,2005,F,WTA
Williams,Serena,Serena Williams,Australian Open,2005,W,WTA
Acasuso,Jose,Jose Acasuso,French Open,2005,R16,ATP
Canas,Guillermo,Guillermo Canas,French Open,2005,R16,ATP
Coria,Guillermo,Guillermo Coria,French Open,2005,R16,ATP
Davydenko,Nikolay,Nikolay Davydenko,French Open,2005,R16,ATP
Federer,Roger,Roger Federer,French Open,2005,R16,ATP
Ferrer,David,David Ferrer,French Open,2005,R16,ATP
Gaudio,Gaston,Gaston Gaudio,French Open,2005,R16,ATP
Grosjean,Sebastien,Sebastien Grosjean,French Open,2005,R16,ATP
Hanescu,Victor,Victor Hanescu,French Open,2005,R16,ATP
Kiefer,Nicolas,Nicolas Kiefer,French Open,2005,R16,ATP
Moya,Carlos,Carlos Moya,French Open,2005,R16,ATP
Nadal,Rafael,Rafael Nadal,French Open,2005,R16,ATP
Nalbandian,David,David Nalbandian,French Open,2005,R16,ATP
Puerta,Mariano,Mariano Puerta,French Open,2005,R16,ATP
Robredo,Tommy,Tommy Robredo,French Open,2005,R16,ATP
Safin,Marat,Marat Safin,French Open,2005,R16,ATP
Canas,Guillermo,Guillermo Canas,French Open,2005,QF,ATP
Davydenko,Nikolay,Nikolay Davydenko,French Open,2005,QF,ATP
Federer,Roger,Roger Federer,French Open,2005,QF,ATP
Ferrer,David,David Ferrer,French Open,2005,QF,ATP
Hanescu,Victor,Victor Hanescu,French Open,2005,QF,ATP
Nadal,Rafael,Rafael Nadal,French Open,2005,QF,ATP
Puerta,Mariano,Mariano Puerta,French Open,2005,QF,ATP
Robredo,Tommy,Tommy Robredo,French Open,2005,QF,ATP
Davydenko,Nikolay,Nikolay Davydenko,French Open,2005,SF,ATP
Federer,Roger,Roger Federer,French Open,2005,SF,ATP
Nadal,Rafael,Rafael Nadal,French Open,2005,SF,ATP
Puerta,Mariano,Mariano Puerta,French Open,2005,SF,ATP
Nadal,Rafael,Rafael Nadal,French Open,2005,F,ATP
Puerta,Mariano,Mariano Puerta,French Open,2005,F,ATP
Nadal,Rafael,Rafael Nadal,French Open,2005,W,ATP
Bovina,Elena,Elena Bovina,French Open,2005,R16,WTA
Clijsters,Kim,Kim Clijsters,French Open,2005,R16,WTA
Davenport,Lindsay,Lindsay Davenport,French Open,2005,R16,WTA
Dementieva,Elena,Elena Dementieva,French Open,2005,R16,WTA
Gagliardi,Emmanuelle,Emmanuelle Gagliardi,French Open,2005,R16,WTA
Henin,Justine,Justine Henin,French Open,2005,R16,WTA
Ivanovic,Ana,Ana Ivanovic,French Open,2005,R16,WTA
Karatantcheva,Sesil,Sesil Karatantcheva,French Open,2005,R16,WTA
Kuznetsova,Svetlana,Svetlana Kuznetsova,French Open,2005,R16,WTA
Likhovtseva,Elena,Elena Likhovtseva,French Open,2005,R16,WTA
Llagostera Vives,Nuria,Nuria Llagostera Vives,French Open,2005,R16,WTA
Petrova,Nadia,Nadia Petrova,French Open,2005,R16,WTA
Pierce,Mary,Mary Pierce,French Open,2005,R16,WTA
Schiavone,Francesca,Francesca Schiavone,French Open,2005,R16,WTA
Schnyder,Patty,Patty Schnyder,French Open,2005,R16,WTA
Sharapova,Maria,Maria Sharapova,French Open,2005,R16,WTA
Davenport,Lindsay,Lindsay Davenport,French Open,2005,QF,WTA
Henin,Justine,Justine Henin,French Open,2005,QF,WTA
Ivanovic,Ana,Ana Ivanovic,French Open,2005,QF,WTA
Karatantcheva,Sesil,Sesil Karatantcheva,French Open,2005,QF,WTA
Likhovtseva,Elena,Elena Likhovtseva,French Open,2005,QF,WTA
Petrova,Nadia,Nadia Petrova,French Open,2005,QF,WTA
Pierce,Mary,Mary Pierce,French Open,2005,QF,WTA
Sharapova,Maria,Maria Sharapova,French Open,2005,QF,WTA
Henin,Justine,Justine Henin,French Open,2005,SF,WTA
Likhovtseva,Elena,Elena Likhovtseva,French Open,2005,SF,WTA
Petrova,Nadia,Nadia Petrova,French Open,2005,SF,WTA
Pierce,Mary,Mary Pierce,French Open,2005,SF,WTA
Henin,Justine,Justine Henin,French Open,2005,F,WTA
Pierce,Mary,Mary Pierce,French Open,2005,F,WTA
Henin,Justine,Justine Henin,French Open,2005,W,WTA
Agassi,Andre,Andre Agassi,US Open,2005,R16,ATP
Blake,James,James Blake,US Open,2005,R16,ATP
Coria,Guillermo,Guillermo Coria,US Open,2005,R16,ATP
Federer,Roger,Roger Federer,US Open,2005,R16,ATP
Gasquet,Richard,Richard Gasquet,US Open,2005,R16,ATP
Ginepri,Robby,Robby Ginepri,US Open,2005,R16,ATP
Hewitt,Lleyton,Lleyton Hewitt,US Open,2005,R16,ATP
Hrbaty,Dominik,Dominik Hrbaty,US Open,2005,R16,ATP
Kiefer,Nicolas,Nicolas Kiefer,US Open,2005,R16,ATP
Malisse,Xavier,Xavier Malisse,US Open,2005,R16,ATP
Massu,Nicolas,Nicolas Massu,US Open,2005,R16,ATP
Nalbandian,David,David Nalbandian,US Open,2005,R16,ATP
Nieminen,Jarkko,Jarkko Nieminen,US Open,2005,R16,ATP
Robredo,Tommy,Tommy Robredo,US Open,2005,R16,ATP
Sanguinetti,Davide,Davide Sanguinetti,US Open,2005,R16,ATP
Verdasco,Fernando,Fernando Verdasco,US Open,2005,R16,ATP
Agassi,Andre,Andre Agassi,US Open,2005,QF,ATP
Blake,James,James Blake,US Open,2005,QF,ATP
Coria,Guillermo,Guillermo Coria,US Open,2005,QF,ATP
Federer,Roger,Roger Federer,US Open,2005,QF,ATP
Ginepri,Robby,Robby Ginepri,US Open,2005,QF,ATP
Hewitt,Lleyton,Lleyton Hewitt,US Open,2005,QF,ATP
Nalbandian,David,David Nalbandian,US Open,2005,QF,ATP
Nieminen,Jarkko,Jarkko Nieminen,US Open,2005,QF,ATP
Agassi,Andre,Andre Agassi,US Open,2005,SF,ATP
Federer,Roger,Roger Federer,US Open,2005,SF,ATP
Ginepri,Robby,Robby Ginepri,US Open,2005,SF,ATP
Hewitt,Lleyton,Lleyton Hewitt,US Open,2005,SF,ATP
Agassi,Andre,Andre Agassi,US Open,2005,F,ATP
Federer,Roger,Roger Federer,US Open,2005,F,ATP
Federer,Roger,Roger Federer,US Open,2005,W,ATP
Clijsters,Kim,Kim Clijsters,US Open,2005,R16,WTA
Davenport,Lindsay,Lindsay Davenport,US Open,2005,R16,WTA
Dechy,Nathalie,Nathalie Dechy,US Open,2005,R16,WTA
Dementieva,Elena,Elena Dementieva,US Open,2005,R16,WTA
Henin,Justine,Justine Henin,US Open,2005,R16,WTA
Likhovtseva,Elena,Elena Likhovtseva,US Open,2005,R16,WTA
Mauresmo,Amelie,Amelie Mauresmo,US Open,2005,R16,WTA
Mirza,Sania,Sania Mirza,US Open,2005,R16,WTA
Petrova,Nadia,Nadia Petrova,US Open,2005,R16,WTA
Pierce,Mary,Mary Pierce,US Open,2005,R16,WTA
Schnyder,Patty,Patty Schnyder,US Open,2005,R16,WTA
Sharapova,Maria,Maria Sharapova,US Open,2005,R16,WTA
Vaidisova,Nicole,Nicole Vaidisova,US Open,2005,R16,WTA
Vento Kabchi,Maria,Maria Vento Kabchi,US Open,2005,R16,WTA
Williams,Venus,Venus Williams,US Open,2005,R16,WTA
Williams,Serena,Serena Williams,US Open,2005,R16,WTA
Clijsters,Kim,Kim Clijsters,US Open,2005,QF,WTA
Davenport,Lindsay,Lindsay Davenport,US Open,2005,QF,WTA
Dementieva,Elena,Elena Dementieva,US Open,2005,QF,WTA
Mauresmo,Amelie,Amelie Mauresmo,US Open,2005,QF,WTA
Petrova,Nadia,Nadia Petrova,US Open,2005,QF,WTA
Pierce,Mary,Mary Pierce,US Open,2005,QF,WTA
Sharapova,Maria,Maria Sharapova,US Open,2005,QF,WTA
Williams,Venus,Venus Williams,US Open,2005,QF,WTA
Clijsters,Kim,Kim Clijsters,US Open,2005,SF,WTA
Dementieva,Elena,Elena Dementieva,US Open,2005,SF,WTA
Pierce,Mary,Mary Pierce,US Open,2005,SF,WTA
Sharapova,Maria,Maria Sharapova,US Open,2005,SF,WTA
Clijsters,Kim,Kim Clijsters,US Open,2005,F,WTA
Pierce,Mary,Mary Pierce,US Open,2005,F,WTA
Clijsters,Kim,Kim Clijsters,US Open,2005,W,WTA
Ancic,Mario,Mario Ancic,Wimbledon,2005,R16,ATP
Carlos Ferrero,Juan,Juan Carlos Ferrero,Wimbledon,2005,R16,ATP
Coria,Guillermo,Guillermo Coria,Wimbledon,2005,R16,ATP
Dent,Taylor,Taylor Dent,Wimbledon,2005,R16,ATP
Federer,Roger,Roger Federer,Wimbledon,2005,R16,ATP
Gasquet,Richard,Richard Gasquet,Wimbledon,2005,R16,ATP
Gonzalez,Fernando,Fernando Gonzalez,Wimbledon,2005,R16,ATP
Grosjean,Sebastien,Sebastien Grosjean,Wimbledon,2005,R16,ATP
Hewitt,Lleyton,Lleyton Hewitt,Wimbledon,2005,R16,ATP
Johansson,Thomas,Thomas Johansson,Wimbledon,2005,R16,ATP
Lopez,Feliciano,Feliciano Lopez,Wimbledon,2005,R16,ATP
Mirnyi,Max,Max Mirnyi,Wimbledon,2005,R16,ATP
Nalbandian,David,David Nalbandian,Wimbledon,2005,R16,ATP
Roddick,Andy,Andy Roddick,Wimbledon,2005,R16,ATP
Tursunov,Dmitry,Dmitry Tursunov,Wimbledon,2005,R16,ATP
Youzhny,Mikhail,Mikhail Youzhny,Wimbledon,2005,R16,ATP
Federer,Roger,Roger Federer,Wimbledon,2005,QF,ATP
Gonzalez,Fernando,Fernando Gonzalez,Wimbledon,2005,QF,ATP
Grosjean,Sebastien,Sebastien Grosjean,Wimbledon,2005,QF,ATP
Hewitt,Lleyton,Lleyton Hewitt,Wimbledon,2005,QF,ATP
Johansson,Thomas,Thomas Johansson,Wimbledon,2005,QF,ATP
Lopez,Feliciano,Feliciano Lopez,Wimbledon,2005,QF,ATP
Nalbandian,David,David Nalbandian,Wimbledon,2005,QF,ATP
Roddick,Andy,Andy Roddick,Wimbledon,2005,QF,ATP
Federer,Roger,Roger Federer,Wimbledon,2005,SF,ATP
Hewitt,Lleyton,Lleyton Hewitt,Wimbledon,2005,SF,ATP
Johansson,Thomas,Thomas Johansson,Wimbledon,2005,SF,ATP
Roddick,Andy,Andy Roddick,Wimbledon,2005,SF,ATP
Federer,Roger,Roger Federer,Wimbledon,2005,F,ATP
Roddick,Andy,Andy Roddick,Wimbledon,2005,F,ATP
Federer,Roger,Roger Federer,Wimbledon,2005,W,ATP
Clijsters,Kim,Kim Clijsters,Wimbledon,2005,R16,WTA
Craybas,Jill,Jill Craybas,Wimbledon,2005,R16,WTA
Davenport,Lindsay,Lindsay Davenport,Wimbledon,2005,R16,WTA
Dechy,Nathalie,Nathalie Dechy,Wimbledon,2005,R16,WTA
Dementieva,Elena,Elena Dementieva,Wimbledon,2005,R16,WTA
Kuznetsova,Svetlana,Svetlana Kuznetsova,Wimbledon,2005,R16,WTA
Likhovtseva,Elena,Elena Likhovtseva,Wimbledon,2005,R16,WTA
Maleeva,Magdalena,Magdalena Maleeva,Wimbledon,2005,R16,WTA
Mauresmo,Amelie,Amelie Mauresmo,Wimbledon,2005,R16,WTA
Myskina,Anastasia,Anastasia Myskina,Wimbledon,2005,R16,WTA
Pennetta,Flavia,Flavia Pennetta,Wimbledon,2005,R16,WTA
Peschke,Kveta,Kveta Peschke,Wimbledon,2005,R16,WTA
Petrova,Nadia,Nadia Petrova,Wimbledon,2005,R16,WTA
Pierce,Mary,Mary Pierce,Wimbledon,2005,R16,WTA
Sharapova,Maria,Maria Sharapova,Wimbledon,2005,R16,WTA
Williams,Venus,Venus Williams,Wimbledon,2005,R16,WTA
Davenport,Lindsay,Lindsay Davenport,Wimbledon,2005,QF,WTA
Kuznetsova,Svetlana,Svetlana Kuznetsova,Wimbledon,2005,QF,WTA
Mauresmo,Amelie,Amelie Mauresmo,Wimbledon,2005,QF,WTA
Myskina,Anastasia,Anastasia Myskina,Wimbledon,2005,QF,WTA
Petrova,Nadia,Nadia Petrova,Wimbledon,2005,QF,WTA
Pierce,Mary,Mary Pierce,Wimbledon,2005,QF,WTA
Sharapova,Maria,Maria Sharapova,Wimbledon,2005,QF,WTA
Williams,Venus,Venus Williams,Wimbledon,2005,QF,WTA
Davenport,Lindsay,Lindsay Davenport,Wimbledon,2005,SF,WTA
Mauresmo,Amelie,Amelie Mauresmo,Wimbledon,2005,SF,WTA
Sharapova,Maria,Maria Sharapova,Wimbledon,2005,SF,WTA
Williams,Venus,Venus Williams,Wimbledon,2005,SF,WTA
Davenport,Lindsay,Lindsay Davenport,Wimbledon,2005,F,WTA
Williams,Venus,Venus Williams,Wimbledon,2005,F,WTA
Williams,Venus,Venus Williams,Wimbledon,2005,W,WTA
Baghdatis,Marcos,Marcos Baghdatis,Australian Open,2006,R16,ATP
Davydenko,Nikolay,Nikolay Davydenko,Australian Open,2006,R16,ATP
Federer,Roger,Roger Federer,Australian Open,2006,R16,ATP
Ferrer,David,David Ferrer,Australian Open,2006,R16,ATP
Grosjean,Sebastien,Sebastien Grosjean,Australian Open,2006,R16,ATP
Haas,Tommy,Tommy Haas,Australian Open,2006,R16,ATP
Henri Mathieu,Paul,Paul Henri Mathieu,Australian Open,2006,R16,ATP
Hrbaty,Dominik,Dominik Hrbaty,Australian Open,2006,R16,ATP
Ignacio Chela,Juan,Juan Ignacio Chela,Australian Open,2006,R16,ATP
Johansson,Thomas,Thomas Johansson,Australian Open,2006,R16,ATP
Kiefer,Nicolas,Nicolas Kiefer,Australian Open,2006,R16,ATP
Ljubicic,Ivan,Ivan Ljubicic,Australian Open,2006,R16,ATP
Nalbandian,David,David Nalbandian,Australian Open,2006,R16,ATP
Robredo,Tommy,Tommy Robredo,Australian Open,2006,R16,ATP
Roddick,Andy,Andy Roddick,Australian Open,2006,R16,ATP
Santoro,Fabrice,Fabrice Santoro,Australian Open,2006,R16,ATP
Baghdatis,Marcos,Marcos Baghdatis,Australian Open,2006,QF,ATP
Davydenko,Nikolay,Nikolay Davydenko,Australian Open,2006,QF,ATP
Federer,Roger,Roger Federer,Australian Open,2006,QF,ATP
Grosjean,Sebastien,Sebastien Grosjean,Australian Open,2006,QF,ATP
Kiefer,Nicolas,Nicolas Kiefer,Australian Open,2006,QF,ATP
Ljubicic,Ivan,Ivan Ljubicic,Australian Open,2006,QF,ATP
Nalbandian,David,David Nalbandian,Australian Open,2006,QF,ATP
Santoro,Fabrice,Fabrice Santoro,Australian Open,2006,QF,ATP
Baghdatis,Marcos,Marcos Baghdatis,Australian Open,2006,SF,ATP
Federer,Roger,Roger Federer,Australian Open,2006,SF,ATP
Kiefer,Nicolas,Nicolas Kiefer,Australian Open,2006,SF,ATP
Nalbandian,David,David Nalbandian,Australian Open,2006,SF,ATP
Baghdatis,Marcos,Marcos Baghdatis,Australian Open,2006,F,ATP
Federer,Roger,Roger Federer,Australian Open,2006,F,ATP
Federer,Roger,Roger Federer,Australian Open,2006,W,ATP
Clijsters,Kim,Kim Clijsters,Australian Open,2006,R16,WTA
Davenport,Lindsay,Lindsay Davenport,Australian Open,2006,R16,WTA
Hantuchova,Daniela,Daniela Hantuchova,Australian Open,2006,R16,WTA
Henin,Justine,Justine Henin,Australian Open,2006,R16,WTA
Hingis,Martina,Martina Hingis,Australian Open,2006,R16,WTA
Kuznetsova,Svetlana,Svetlana Kuznetsova,Australian Open,2006,R16,WTA
Mauresmo,Amelie,Amelie Mauresmo,Australian Open,2006,R16,WTA
Myskina,Anastasia,Anastasia Myskina,Australian Open,2006,R16,WTA
Petrova,Nadia,Nadia Petrova,Australian Open,2006,R16,WTA
Ruano Pascual,Virginia,Virginia Ruano Pascual,Australian Open,2006,R16,WTA
Schiavone,Francesca,Francesca Schiavone,Australian Open,2006,R16,WTA
Schnyder,Patty,Patty Schnyder,Australian Open,2006,R16,WTA
Sharapova,Maria,Maria Sharapova,Australian Open,2006,R16,WTA
Stosur,Samantha,Samantha Stosur,Australian Open,2006,R16,WTA
Vaidisova,Nicole,Nicole Vaidisova,Australian Open,2006,R16,WTA
Vesnina,Elena,Elena Vesnina,Australian Open,2006,R16,WTA
Clijsters,Kim,Kim Clijsters,Australian Open,2006,QF,WTA
Davenport,Lindsay,Lindsay Davenport,Australian Open,2006,QF,WTA
Henin,Justine,Justine Henin,Australian Open,2006,QF,WTA
Hingis,Martina,Martina Hingis,Australian Open,2006,QF,WTA
Mauresmo,Amelie,Amelie Mauresmo,Australian Open,2006,QF,WTA
Petrova,Nadia,Nadia Petrova,Australian Open,2006,QF,WTA
Schnyder,Patty,Patty Schnyder,Australian Open,2006,QF,WTA
Sharapova,Maria,Maria Sharapova,Australian Open,2006,QF,WTA
Clijsters,Kim,Kim Clijsters,Australian Open,2006,SF,WTA
Henin,Justine,Justine Henin,Australian Open,2006,SF,WTA
Mauresmo,Amelie,Amelie Mauresmo,Australian Open,2006,SF,WTA
Sharapova,Maria,Maria Sharapova,Australian Open,2006,SF,WTA
Henin,Justine,Justine Henin,Australian Open,2006,F,WTA
Mauresmo,Amelie,Amelie Mauresmo,Australian Open,2006,F,WTA
Mauresmo,Amelie,Amelie Mauresmo,Australian Open,2006,W,WTA
Ancic,Mario,Mario Ancic,French Open,2006,R16,ATP
Benneteau,Julien,Julien Benneteau,French Open,2006,R16,ATP
Berdych,Tomas,Tomas Berdych,French Open,2006,R16,ATP
Davydenko,Nikolay,Nikolay Davydenko,French Open,2006,R16,ATP
Djokovic,Novak,Novak Djokovic,French Open,2006,R16,ATP
Federer,Roger,Roger Federer,French Open,2006,R16,ATP
Gaudio,Gaston,Gaston Gaudio,French Open,2006,R16,ATP
Hewitt,Lleyton,Lleyton Hewitt,French Open,2006,R16,ATP
Ljubicic,Ivan,Ivan Ljubicic,French Open,2006,R16,ATP
Martin,Alberto,Alberto Martin,French Open,2006,R16,ATP
Monfils,Gael,Gael Monfils,French Open,2006,R16,ATP
Nadal,Rafael,Rafael Nadal,French Open,2006,R16,ATP
Nalbandian,David,David Nalbandian,French Open,2006,R16,ATP
Ramirez Hidalgo,Ruben,Ruben Ramirez Hidalgo,French Open,2006,R16,ATP
Robredo,Tommy,Tommy Robredo,French Open,2006,R16,ATP
Vassallo Arguello,Martin,Martin Vassallo Arguello,French Open,2006,R16,ATP
Ancic,Mario,Mario Ancic,French Open,2006,QF,ATP
Benneteau,Julien,Julien Benneteau,French Open,2006,QF,ATP
Davydenko,Nikolay,Nikolay Davydenko,French Open,2006,QF,ATP
Djokovic,Novak,Novak Djokovic,French Open,2006,QF,ATP
Federer,Roger,Roger Federer,French Open,2006,QF,ATP
Ljubicic,Ivan,Ivan Ljubicic,French Open,2006,QF,ATP
Nadal,Rafael,Rafael Nadal,French Open,2006,QF,ATP
Nalbandian,David,David Nalbandian,French Open,2006,QF,ATP
Federer,Roger,Roger Federer,French Open,2006,SF,ATP
Ljubicic,Ivan,Ivan Ljubicic,French Open,2006,SF,ATP
Nadal,Rafael,Rafael Nadal,French Open,2006,SF,ATP
Nalbandian,David,David Nalbandian,French Open,2006,SF,ATP
Federer,Roger,Roger Federer,French Open,2006,F,ATP
Nadal,Rafael,Rafael Nadal,French Open,2006,F,ATP
Nadal,Rafael,Rafael Nadal,French Open,2006,W,ATP
Clijsters,Kim,Kim Clijsters,French Open,2006,R16,WTA
Dulko,Gisela,Gisela Dulko,French Open,2006,R16,WTA
Hantuchova,Daniela,Daniela Hantuchova,French Open,2006,R16,WTA
Henin,Justine,Justine Henin,French Open,2006,R16,WTA
Hingis,Martina,Martina Hingis,French Open,2006,R16,WTA
Kuznetsova,Svetlana,Svetlana Kuznetsova,French Open,2006,R16,WTA
Lena Groenefeld,Anna,Anna Lena Groenefeld,French Open,2006,R16,WTA
Mauresmo,Amelie,Amelie Mauresmo,French Open,2006,R16,WTA
Myskina,Anastasia,Anastasia Myskina,French Open,2006,R16,WTA
Peer,Shahar,Shahar Peer,French Open,2006,R16,WTA
Safina,Dinara,Dinara Safina,French Open,2006,R16,WTA
Schiavone,Francesca,Francesca Schiavone,French Open,2006,R16,WTA
Schnyder,Patty,Patty Schnyder,French Open,2006,R16,WTA
Sharapova,Maria,Maria Sharapova,French Open,2006,R16,WTA
Vaidisova,Nicole,Nicole Vaidisova,French Open,2006,R16,WTA
Williams,Venus,Venus Williams,French Open,2006,R16,WTA
Clijsters,Kim,Kim Clijsters,French Open,2006,QF,WTA
Henin,Justine,Justine Henin,French Open,2006,QF,WTA
Hingis,Martina,Martina Hingis,French Open,2006,QF,WTA
Kuznetsova,Svetlana,Svetlana Kuznetsova,French Open,2006,QF,WTA
Lena Groenefeld,Anna,Anna Lena Groenefeld,French Open,2006,QF,WTA
Safina,Dinara,Dinara Safina,French Open,2006,QF,WTA
Vaidisova,Nicole,Nicole Vaidisova,French Open,2006,QF,WTA
Williams,Venus,Venus Williams,French Open,2006,QF,WTA
Clijsters,Kim,Kim Clijsters,French Open,2006,SF,WTA
Henin,Justine,Justine Henin,French Open,2006,SF,WTA
Kuznetsova,Svetlana,Svetlana Kuznetsova,French Open,2006,SF,WTA
Vaidisova,Nicole,Nicole Vaidisova,French Open,2006,SF,WTA
Henin,Justine,Justine Henin,French Open,2006,F,WTA
Kuznetsova,Svetlana,Svetlana Kuznetsova,French Open,2006,F,WTA
Henin,Justine,Justine Henin,French Open,2006,W,WTA
Becker,Benjamin,Benjamin Becker,US Open,2006,R16,ATP
Berdych,Tomas,Tomas Berdych,US Open,2006,R16,ATP
Blake,James,James Blake,US Open,2006,R16,ATP
Davydenko,Nikolay,Nikolay Davydenko,US Open,2006,R16,ATP
Federer,Roger,Roger Federer,US Open,2006,R16,ATP
Gasquet,Richard,Richard Gasquet,US Open,2006,R16,ATP
Gicquel,Marc,Marc Gicquel,US Open,2006,R16,ATP
Haas,Tommy,Tommy Haas,US Open,2006,R16,ATP
Hewitt,Lleyton,Lleyton Hewitt,US Open,2006,R16,ATP
Murray,Andy,Andy Murray,US Open,2006,R16,ATP
Nadal,Rafael,Rafael Nadal,US Open,2006,R16,ATP
Novak,Jiri,Jiri Novak,US Open,2006,R16,ATP
Robredo,Tommy,Tommy Robredo,US Open,2006,R16,ATP
Roddick,Andy,Andy Roddick,US Open,2006,R16,ATP
Safin,Marat,Marat Safin,US Open,2006,R16,ATP
Youzhny,Mikhail,Mikhail Youzhny,US Open,2006,R16,ATP
Blake,James,James Blake,US Open,2006,QF,ATP
Davydenko,Nikolay,Nikolay Davydenko,US Open,2006,QF,ATP
Federer,Roger,Roger Federer,US Open,2006,QF,ATP
Haas,Tommy,Tommy Haas,US Open,2006,QF,ATP
Hewitt,Lleyton,Lleyton Hewitt,US Open,2006,QF,ATP
Nadal,Rafael,Rafael Nadal,US Open,2006,QF,ATP
Roddick,Andy,Andy Roddick,US Open,2006,QF,ATP
Youzhny,Mikhail,Mikhail Youzhny,US Open,2006,QF,ATP
Davydenko,Nikolay,Nikolay Davydenko,US Open,2006,SF,ATP
Federer,Roger,Roger Federer,US Open,2006,SF,ATP
Roddick,Andy,Andy Roddick,US Open,2006,SF,ATP
Youzhny,Mikhail,Mikhail Youzhny,US Open,2006,SF,ATP
Federer,Roger,Roger Federer,US Open,2006,F,ATP
Roddick,Andy,Andy Roddick,US Open,2006,F,ATP
Federer,Roger,Roger Federer,US Open,2006,W,ATP
Chakvetadze,Anna,Anna Chakvetadze,US Open,2006,R16,WTA
Davenport,Lindsay,Lindsay Davenport,US Open,2006,R16,WTA
Dementieva,Elena,Elena Dementieva,US Open,2006,R16,WTA
Golovin,Tatiana,Tatiana Golovin,US Open,2006,R16,WTA
Henin,Justine,Justine Henin,US Open,2006,R16,WTA
Jankovic,Jelena,Jelena Jankovic,US Open,2006,R16,WTA
Kuznetsova,Svetlana,Svetlana Kuznetsova,US Open,2006,R16,WTA
Li,Na,Na Li,US Open,2006,R16,WTA
Mauresmo,Amelie,Amelie Mauresmo,US Open,2006,R16,WTA
Peer,Shahar,Shahar Peer,US Open,2006,R16,WTA
Razzano,Virginie,Virginie Razzano,US Open,2006,R16,WTA
Rezai,Aravane,Aravane Rezai,US Open,2006,R16,WTA
Safina,Dinara,Dinara Safina,US Open,2006,R16,WTA
Schnyder,Patty,Patty Schnyder,US Open,2006,R16,WTA
Sharapova,Maria,Maria Sharapova,US Open,2006,R16,WTA
Williams,Serena,Serena Williams,US Open,2006,R16,WTA
Davenport,Lindsay,Lindsay Davenport,US Open,2006,QF,WTA
Dementieva,Elena,Elena Dementieva,US Open,2006,QF,WTA
Golovin,Tatiana,Tatiana Golovin,US Open,2006,QF,WTA
Henin,Justine,Justine Henin,US Open,2006,QF,WTA
Jankovic,Jelena,Jelena Jankovic,US Open,2006,QF,WTA
Mauresmo,Amelie,Amelie Mauresmo,US Open,2006,QF,WTA
Safina,Dinara,Dinara Safina,US Open,2006,QF,WTA
Sharapova,Maria,Maria Sharapova,US Open,2006,QF,WTA
Henin,Justine,Justine Henin,US Open,2006,SF,WTA
Jankovic,Jelena,Jelena Jankovic,US Open,2006,SF,WTA
Mauresmo,Amelie,Amelie Mauresmo,US Open,2006,SF,WTA
Sharapova,Maria,Maria Sharapova,US Open,2006,SF,WTA
Henin,Justine,Justine Henin,US Open,2006,F,WTA
Sharapova,Maria,Maria Sharapova,US Open,2006,F,WTA
Sharapova,Maria,Maria Sharapova,US Open,2006,W,WTA
Ancic,Mario,Mario Ancic,Wimbledon,2006,R16,ATP
Baghdatis,Marcos,Marcos Baghdatis,Wimbledon,2006,R16,ATP
Berdych,Tomas,Tomas Berdych,Wimbledon,2006,R16,ATP
Bjorkman,Jonas,Jonas Bjorkman,Wimbledon,2006,R16,ATP
Djokovic,Novak,Novak Djokovic,Wimbledon,2006,R16,ATP
Federer,Roger,Roger Federer,Wimbledon,2006,R16,ATP
Ferrer,David,David Ferrer,Wimbledon,2006,R16,ATP
Hewitt,Lleyton,Lleyton Hewitt,Wimbledon,2006,R16,ATP
Labadze,Irakli,Irakli Labadze,Wimbledon,2006,R16,ATP
Mirnyi,Max,Max Mirnyi,Wimbledon,2006,R16,ATP
Murray,Andy,Andy Murray,Wimbledon,2006,R16,ATP
Nadal,Rafael,Rafael Nadal,Wimbledon,2006,R16,ATP
Nieminen,Jarkko,Jarkko Nieminen,Wimbledon,2006,R16,ATP
Stepanek,Radek,Radek Stepanek,Wimbledon,2006,R16,ATP
Tursunov,Dmitry,Dmitry Tursunov,Wimbledon,2006,R16,ATP
Verdasco,Fernando,Fernando Verdasco,Wimbledon,2006,R16,ATP
Ancic,Mario,Mario Ancic,Wimbledon,2006,QF,ATP
Baghdatis,Marcos,Marcos Baghdatis,Wimbledon,2006,QF,ATP
Bjorkman,Jonas,Jonas Bjorkman,Wimbledon,2006,QF,ATP
Federer,Roger,Roger Federer,Wimbledon,2006,QF,ATP
Hewitt,Lleyton,Lleyton Hewitt,Wimbledon,2006,QF,ATP
Nadal,Rafael,Rafael Nadal,Wimbledon,2006,QF,ATP
Nieminen,Jarkko,Jarkko Nieminen,Wimbledon,2006,QF,ATP
Stepanek,Radek,Radek Stepanek,Wimbledon,2006,QF,ATP
Baghdatis,Marcos,Marcos Baghdatis,Wimbledon,2006,SF,ATP
Bjorkman,Jonas,Jonas Bjorkman,Wimbledon,2006,SF,ATP
Federer,Roger,Roger Federer,Wimbledon,2006,SF,ATP
Nadal,Rafael,Rafael Nadal,Wimbledon,2006,SF,ATP
Federer,Roger,Roger Federer,Wimbledon,2006,F,ATP
Nadal,Rafael,Rafael Nadal,Wimbledon,2006,F,ATP
Federer,Roger,Roger Federer,Wimbledon,2006,W,ATP
Beltrame,Severine,Severine Beltrame,Wimbledon,2006,R16,WTA
Clijsters,Kim,Kim Clijsters,Wimbledon,2006,R16,WTA
Dementieva,Elena,Elena Dementieva,Wimbledon,2006,R16,WTA
Hantuchova,Daniela,Daniela Hantuchova,Wimbledon,2006,R16,WTA
Henin,Justine,Justine Henin,Wimbledon,2006,R16,WTA
Ivanovic,Ana,Ana Ivanovic,Wimbledon,2006,R16,WTA
Jankovic,Jelena,Jelena Jankovic,Wimbledon,2006,R16,WTA
Li,Na,Na Li,Wimbledon,2006,R16,WTA
Mauresmo,Amelie,Amelie Mauresmo,Wimbledon,2006,R16,WTA
Myskina,Anastasia,Anastasia Myskina,Wimbledon,2006,R16,WTA
Pennetta,Flavia,Flavia Pennetta,Wimbledon,2006,R16,WTA
Perry,Shenay,Shenay Perry,Wimbledon,2006,R16,WTA
Radwanska,Agnieszka,Agnieszka Radwanska,Wimbledon,2006,R16,WTA
Sharapova,Maria,Maria Sharapova,Wimbledon,2006,R16,WTA
Sugiyama,Ai,Ai Sugiyama,Wimbledon,2006,R16,WTA
Vaidisova,Nicole,Nicole Vaidisova,Wimbledon,2006,R16,WTA
Beltrame,Severine,Severine Beltrame,Wimbledon,2006,QF,WTA
Clijsters,Kim,Kim Clijsters,Wimbledon,2006,QF,WTA
Dementieva,Elena,Elena Dementieva,Wimbledon,2006,QF,WTA
Henin,Justine,Justine Henin,Wimbledon,2006,QF,WTA
Li,Na,Na Li,Wimbledon,2006,QF,WTA
Mauresmo,Amelie,Amelie Mauresmo,Wimbledon,2006,QF,WTA
Myskina,Anastasia,Anastasia Myskina,Wimbledon,2006,QF,WTA
Sharapova,Maria,Maria Sharapova,Wimbledon,2006,QF,WTA
Clijsters,Kim,Kim Clijsters,Wimbledon,2006,SF,WTA
Henin,Justine,Justine Henin,Wimbledon,2006,SF,WTA
Mauresmo,Amelie,Amelie Mauresmo,Wimbledon,2006,SF,WTA
Sharapova,Maria,Maria Sharapova,Wimbledon,2006,SF,WTA
Henin,Justine,Justine Henin,Wimbledon,2006,F,WTA
Mauresmo,Amelie,Amelie Mauresmo,Wimbledon,2006,F,WTA
Mauresmo,Amelie,Amelie Mauresmo,Wimbledon,2006,W,WTA
Ancic,Mario,Mario Ancic,Australian Open,2007,R16,ATP
Berdych,Tomas,Tomas Berdych,Australian Open,2007,R16,ATP
Blake,James,James Blake,Australian Open,2007,R16,ATP
Davydenko,Nikolay,Nikolay Davydenko,Australian Open,2007,R16,ATP
Djokovic,Novak,Novak Djokovic,Australian Open,2007,R16,ATP
Federer,Roger,Roger Federer,Australian Open,2007,R16,ATP
Ferrer,David,David Ferrer,Australian Open,2007,R16,ATP
Fish,Mardy,Mardy Fish,Australian Open,2007,R16,ATP
Gasquet,Richard,Richard Gasquet,Australian Open,2007,R16,ATP
Gonzalez,Fernando,Fernando Gonzalez,Australian Open,2007,R16,ATP
Haas,Tommy,Tommy Haas,Australian Open,2007,R16,ATP
Murray,Andy,Andy Murray,Australian Open,2007,R16,ATP
Nadal,Rafael,Rafael Nadal,Australian Open,2007,R16,ATP
Nalbandian,David,David Nalbandian,Australian Open,2007,R16,ATP
Robredo,Tommy,Tommy Robredo,Australian Open,2007,R16,ATP
Roddick,Andy,Andy Roddick,Australian Open,2007,R16,ATP
Davydenko,Nikolay,Nikolay Davydenko,Australian Open,2007,QF,ATP
Federer,Roger,Roger Federer,Australian Open,2007,QF,ATP
Fish,Mardy,Mardy Fish,Australian Open,2007,QF,ATP
Gonzalez,Fernando,Fernando Gonzalez,Australian Open,2007,QF,ATP
Haas,Tommy,Tommy Haas,Australian Open,2007,QF,ATP
Nadal,Rafael,Rafael Nadal,Australian Open,2007,QF,ATP
Robredo,Tommy,Tommy Robredo,Australian Open,2007,QF,ATP
Roddick,Andy,Andy Roddick,Australian Open,2007,QF,ATP
Federer,Roger,Roger Federer,Australian Open,2007,SF,ATP
Gonzalez,Fernando,Fernando Gonzalez,Australian Open,2007,SF,ATP
Haas,Tommy,Tommy Haas,Australian Open,2007,SF,ATP
Roddick,Andy,Andy Roddick,Australian Open,2007,SF,ATP
Federer,Roger,Roger Federer,Australian Open,2007,F,ATP
Gonzalez,Fernando,Fernando Gonzalez,Australian Open,2007,F,ATP
Federer,Roger,Roger Federer,Australian Open,2007,W,ATP
Chakvetadze,Anna,Anna Chakvetadze,Australian Open,2007,R16,WTA
Clijsters,Kim,Kim Clijsters,Australian Open,2007,R16,WTA
Dementieva,Elena,Elena Dementieva,Australian Open,2007,R16,WTA
Hantuchova,Daniela,Daniela Hantuchova,Australian Open,2007,R16,WTA
Hingis,Martina,Martina Hingis,Australian Open,2007,R16,WTA
Jankovic,Jelena,Jelena Jankovic,Australian Open,2007,R16,WTA
Kuznetsova,Svetlana,Svetlana Kuznetsova,Australian Open,2007,R16,WTA
Li,Na,Na Li,Australian Open,2007,R16,WTA
Mauresmo,Amelie,Amelie Mauresmo,Australian Open,2007,R16,WTA
Peer,Shahar,Shahar Peer,Australian Open,2007,R16,WTA
Safarova,Lucie,Lucie Safarova,Australian Open,2007,R16,WTA
Schnyder,Patty,Patty Schnyder,Australian Open,2007,R16,WTA
Sharapova,Maria,Maria Sharapova,Australian Open,2007,R16,WTA
Vaidisova,Nicole,Nicole Vaidisova,Australian Open,2007,R16,WTA
Williams,Serena,Serena Williams,Australian Open,2007,R16,WTA
Zvonareva,Vera,Vera Zvonareva,Australian Open,2007,R16,WTA
Chakvetadze,Anna,Anna Chakvetadze,Australian Open,2007,QF,WTA
Clijsters,Kim,Kim Clijsters,Australian Open,2007,QF,WTA
Hingis,Martina,Martina Hingis,Australian Open,2007,QF,WTA
Peer,Shahar,Shahar Peer,Australian Open,2007,QF,WTA
Safarova,Lucie,Lucie Safarova,Australian Open,2007,QF,WTA
Sharapova,Maria,Maria Sharapova,Australian Open,2007,QF,WTA
Vaidisova,Nicole,Nicole Vaidisova,Australian Open,2007,QF,WTA
Williams,Serena,Serena Williams,Australian Open,2007,QF,WTA
Clijsters,Kim,Kim Clijsters,Australian Open,2007,SF,WTA
Sharapova,Maria,Maria Sharapova,Australian Open,2007,SF,WTA
Vaidisova,Nicole,Nicole Vaidisova,Australian Open,2007,SF,WTA
Williams,Serena,Serena Williams,Australian Open,2007,SF,WTA
Sharapova,Maria,Maria Sharapova,Australian Open,2007,F,WTA
Williams,Serena,Serena Williams,Australian Open,2007,F,WTA
Williams,Serena,Serena Williams,Australian Open,2007,W,WTA
Andreev,Igor,Igor Andreev,French Open,2007,R16,ATP
Baghdatis,Marcos,Marcos Baghdatis,French Open,2007,R16,ATP
Bjorkman,Jonas,Jonas Bjorkman,French Open,2007,R16,ATP
Canas,Guillermo,Guillermo Canas,French Open,2007,R16,ATP
Davydenko,Nikolay,Nikolay Davydenko,French Open,2007,R16,ATP
Djokovic,Novak,Novak Djokovic,French Open,2007,R16,ATP
Federer,Roger,Roger Federer,French Open,2007,R16,ATP
Hewitt,Lleyton,Lleyton Hewitt,French Open,2007,R16,ATP
Monaco,Juan,Juan Monaco,French Open,2007,R16,ATP
Moya,Carlos,Carlos Moya,French Open,2007,R16,ATP
Nadal,Rafael,Rafael Nadal,French Open,2007,R16,ATP
Nalbandian,David,David Nalbandian,French Open,2007,R16,ATP
Robredo,Tommy,Tommy Robredo,French Open,2007,R16,ATP
Verdasco,Fernando,Fernando Verdasco,French Open,2007,R16,ATP
Volandri,Filippo,Filippo Volandri,French Open,2007,R16,ATP
Youzhny,Mikhail,Mikhail Youzhny,French Open,2007,R16,ATP
Andreev,Igor,Igor Andreev,French Open,2007,QF,ATP
Canas,Guillermo,Guillermo Canas,French Open,2007,QF,ATP
Davydenko,Nikolay,Nikolay Davydenko,French Open,2007,QF,ATP
Djokovic,Novak,Novak Djokovic,French Open,2007,QF,ATP
Federer,Roger,Roger Federer,French Open,2007,QF,ATP
Moya,Carlos,Carlos Moya,French Open,2007,QF,ATP
Nadal,Rafael,Rafael Nadal,French Open,2007,QF,ATP
Robredo,Tommy,Tommy Robredo,French Open,2007,QF,ATP
Davydenko,Nikolay,Nikolay Davydenko,French Open,2007,SF,ATP
Djokovic,Novak,Novak Djokovic,French Open,2007,SF,ATP
Federer,Roger,Roger Federer,French Open,2007,SF,ATP
Nadal,Rafael,Rafael Nadal,French Open,2007,SF,ATP
Federer,Roger,Roger Federer,French Open,2007,F,ATP
Nadal,Rafael,Rafael Nadal,French Open,2007,F,ATP
Nadal,Rafael,Rafael Nadal,French Open,2007,W,ATP
Bammer,Sybille,Sybille Bammer,French Open,2007,R16,WTA
Bartoli,Marion,Marion Bartoli,French Open,2007,R16,WTA
Chakvetadze,Anna,Anna Chakvetadze,French Open,2007,R16,WTA
Garbin,Tathiana,Tathiana Garbin,French Open,2007,R16,WTA
Henin,Justine,Justine Henin,French Open,2007,R16,WTA
Ivanovic,Ana,Ana Ivanovic,French Open,2007,R16,WTA
Jankovic,Jelena,Jelena Jankovic,French Open,2007,R16,WTA
Kuznetsova,Svetlana,Svetlana Kuznetsova,French Open,2007,R16,WTA
Medina Garrigues,Anabel,Anabel Medina Garrigues,French Open,2007,R16,WTA
Peer,Shahar,Shahar Peer,French Open,2007,R16,WTA
Safarova,Lucie,Lucie Safarova,French Open,2007,R16,WTA
Safina,Dinara,Dinara Safina,French Open,2007,R16,WTA
Schnyder,Patty,Patty Schnyder,French Open,2007,R16,WTA
Sharapova,Maria,Maria Sharapova,French Open,2007,R16,WTA
Vaidisova,Nicole,Nicole Vaidisova,French Open,2007,R16,WTA
Williams,Serena,Serena Williams,French Open,2007,R16,WTA
Chakvetadze,Anna,Anna Chakvetadze,French Open,2007,QF,WTA
Henin,Justine,Justine Henin,French Open,2007,QF,WTA
Ivanovic,Ana,Ana Ivanovic,French Open,2007,QF,WTA
Jankovic,Jelena,Jelena Jankovic,French Open,2007,QF,WTA
Kuznetsova,Svetlana,Svetlana Kuznetsova,French Open,2007,QF,WTA
Sharapova,Maria,Maria Sharapova,French Open,2007,QF,WTA
Vaidisova,Nicole,Nicole Vaidisova,French Open,2007,QF,WTA
Williams,Serena,Serena Williams,French Open,2007,QF,WTA
Henin,Justine,Justine Henin,French Open,2007,SF,WTA
Ivanovic,Ana,Ana Ivanovic,French Open,2007,SF,WTA
Jankovic,Jelena,Jelena Jankovic,French Open,2007,SF,WTA
Sharapova,Maria,Maria Sharapova,French Open,2007,SF,WTA
Henin,Justine,Justine Henin,French Open,2007,F,WTA
Ivanovic,Ana,Ana Ivanovic,French Open,2007,F,WTA
Henin,Justine,Justine Henin,French Open,2007,W,WTA
Berdych,Tomas,Tomas Berdych,US Open,2007,R16,ATP
Blake,James,James Blake,US Open,2007,R16,ATP
Davydenko,Nikolay,Nikolay Davydenko,US Open,2007,R16,ATP
Djokovic,Novak,Novak Djokovic,US Open,2007,R16,ATP
Federer,Roger,Roger Federer,US Open,2007,R16,ATP
Ferrer,David,David Ferrer,US Open,2007,R16,ATP
Gulbis,Ernests,Ernests Gulbis,US Open,2007,R16,ATP
Haas,Tommy,Tommy Haas,US Open,2007,R16,ATP
Ignacio Chela,Juan,Juan Ignacio Chela,US Open,2007,R16,ATP
Lopez,Feliciano,Feliciano Lopez,US Open,2007,R16,ATP
Monaco,Juan,Juan Monaco,US Open,2007,R16,ATP
Moya,Carlos,Carlos Moya,US Open,2007,R16,ATP
Nadal,Rafael,Rafael Nadal,US Open,2007,R16,ATP
Roddick,Andy,Andy Roddick,US Open,2007,R16,ATP
Taik Lee,Hyung,Hyung Taik Lee,US Open,2007,R16,ATP
Wawrinka,Stan,Stan Wawrinka,US Open,2007,R16,ATP
Davydenko,Nikolay,Nikolay Davydenko,US Open,2007,QF,ATP
Djokovic,Novak,Novak Djokovic,US Open,2007,QF,ATP
Federer,Roger,Roger Federer,US Open,2007,QF,ATP
Ferrer,David,David Ferrer,US Open,2007,QF,ATP
Haas,Tommy,Tommy Haas,US Open,2007,QF,ATP
Ignacio Chela,Juan,Juan Ignacio Chela,US Open,2007,QF,ATP
Moya,Carlos,Carlos Moya,US Open,2007,QF,ATP
Roddick,Andy,Andy Roddick,US Open,2007,QF,ATP
Davydenko,Nikolay,Nikolay Davydenko,US Open,2007,SF,ATP
Djokovic,Novak,Novak Djokovic,US Open,2007,SF,ATP
Federer,Roger,Roger Federer,US Open,2007,SF,ATP
Ferrer,David,David Ferrer,US Open,2007,SF,ATP
Djokovic,Novak,Novak Djokovic,US Open,2007,F,ATP
Federer,Roger,Roger Federer,US Open,2007,F,ATP
Federer,Roger,Roger Federer,US Open,2007,W,ATP
Azarenka,Victoria,Victoria Azarenka,US Open,2007,R16,WTA
Bammer,Sybille,Sybille Bammer,US Open,2007,R16,WTA
Bartoli,Marion,Marion Bartoli,US Open,2007,R16,WTA
Chakvetadze,Anna,Anna Chakvetadze,US Open,2007,R16,WTA
Henin,Justine,Justine Henin,US Open,2007,R16,WTA
Ivanovic,Ana,Ana Ivanovic,US Open,2007,R16,WTA
Jankovic,Jelena,Jelena Jankovic,US Open,2007,R16,WTA
Kuznetsova,Svetlana,Svetlana Kuznetsova,US Open,2007,R16,WTA
Paszek,Tamira,Tamira Paszek,US Open,2007,R16,WTA
Peer,Shahar,Shahar Peer,US Open,2007,R16,WTA
Radwanska,Agnieszka,Agnieszka Radwanska,US Open,2007,R16,WTA
Safina,Dinara,Dinara Safina,US Open,2007,R16,WTA
Szavay,Agnes,Agnes Szavay,US Open,2007,R16,WTA
Vakulenko,Julia,Julia Vakulenko,US Open,2007,R16,WTA
Williams,Serena,Serena Williams,US Open,2007,R16,WTA
Williams,Venus,Venus Williams,US Open,2007,R16,WTA
Chakvetadze,Anna,Anna Chakvetadze,US Open,2007,QF,WTA
Henin,Justine,Justine Henin,US Open,2007,QF,WTA
Jankovic,Jelena,Jelena Jankovic,US Open,2007,QF,WTA
Kuznetsova,Svetlana,Svetlana Kuznetsova,US Open,2007,QF,WTA
Peer,Shahar,Shahar Peer,US Open,2007,QF,WTA
Szavay,Agnes,Agnes Szavay,US Open,2007,QF,WTA
Williams,Serena,Serena Williams,US Open,2007,QF,WTA
Williams,Venus,Venus Williams,US Open,2007,QF,WTA
Chakvetadze,Anna,Anna Chakvetadze,US Open,2007,SF,WTA
Henin,Justine,Justine Henin,US Open,2007,SF,WTA
Kuznetsova,Svetlana,Svetlana Kuznetsova,US Open,2007,SF,WTA
Williams,Venus,Venus Williams,US Open,2007,SF,WTA
Henin,Justine,Justine Henin,US Open,2007,F,WTA
Kuznetsova,Svetlana,Svetlana Kuznetsova,US Open,2007,F,WTA
Henin,Justine,Justine Henin,US Open,2007,W,WTA
Baghdatis,Marcos,Marcos Baghdatis,Wimbledon,2007,R16,ATP
Berdych,Tomas,Tomas Berdych,Wimbledon,2007,R16,ATP
Bjorkman,Jonas,Jonas Bjorkman,Wimbledon,2007,R16,ATP
Carlos Ferrero,Juan,Juan Carlos Ferrero,Wimbledon,2007,R16,ATP
Davydenko,Nikolay,Nikolay Davydenko,Wimbledon,2007,R16,ATP
Djokovic,Novak,Novak Djokovic,Wimbledon,2007,R16,ATP
Federer,Roger,Roger Federer,Wimbledon,2007,R16,ATP
Gasquet,Richard,Richard Gasquet,Wimbledon,2007,R16,ATP
Haas,Tommy,Tommy Haas,Wimbledon,2007,R16,ATP
Henri Mathieu,Paul,Paul Henri Mathieu,Wimbledon,2007,R16,ATP
Hewitt,Lleyton,Lleyton Hewitt,Wimbledon,2007,R16,ATP
Nadal,Rafael,Rafael Nadal,Wimbledon,2007,R16,ATP
Roddick,Andy,Andy Roddick,Wimbledon,2007,R16,ATP
Tipsarevic,Janko,Janko Tipsarevic,Wimbledon,2007,R16,ATP
Tsonga,Jo-Wilfried,Jo-Wilfried Tsonga,Wimbledon,2007,R16,ATP
Youzhny,Mikhail,Mikhail Youzhny,Wimbledon,2007,R16,ATP
Baghdatis,Marcos,Marcos Baghdatis,Wimbledon,2007,QF,ATP
Berdych,Tomas,Tomas Berdych,Wimbledon,2007,QF,ATP
Carlos Ferrero,Juan,Juan Carlos Ferrero,Wimbledon,2007,QF,ATP
Djokovic,Novak,Novak Djokovic,Wimbledon,2007,QF,ATP
Federer,Roger,Roger Federer,Wimbledon,2007,QF,ATP
Gasquet,Richard,Richard Gasquet,Wimbledon,2007,QF,ATP
Nadal,Rafael,Rafael Nadal,Wimbledon,2007,QF,ATP
Roddick,Andy,Andy Roddick,Wimbledon,2007,QF,ATP
Djokovic,Novak,Novak Djokovic,Wimbledon,2007,SF,ATP
Federer,Roger,Roger Federer,Wimbledon,2007,SF,ATP
Gasquet,Richard,Richard Gasquet,Wimbledon,2007,SF,ATP
Nadal,Rafael,Rafael Nadal,Wimbledon,2007,SF,ATP
Federer,Roger,Roger Federer,Wimbledon,2007,F,ATP
Nadal,Rafael,Rafael Nadal,Wimbledon,2007,F,ATP
Federer,Roger,Roger Federer,Wimbledon,2007,W,ATP
Bartoli,Marion,Marion Bartoli,Wimbledon,2007,R16,WTA
Granville,Laura,Laura Granville,Wimbledon,2007,R16,WTA
Hantuchova,Daniela,Daniela Hantuchova,Wimbledon,2007,R16,WTA
Henin,Justine,Justine Henin,Wimbledon,2007,R16,WTA
Ivanovic,Ana,Ana Ivanovic,Wimbledon,2007,R16,WTA
Jankovic,Jelena,Jelena Jankovic,Wimbledon,2007,R16,WTA
Krajicek,Michaella,Michaella Krajicek,Wimbledon,2007,R16,WTA
Kuznetsova,Svetlana,Svetlana Kuznetsova,Wimbledon,2007,R16,WTA
Mauresmo,Amelie,Amelie Mauresmo,Wimbledon,2007,R16,WTA
Paszek,Tamira,Tamira Paszek,Wimbledon,2007,R16,WTA
Petrova,Nadia,Nadia Petrova,Wimbledon,2007,R16,WTA
Schnyder,Patty,Patty Schnyder,Wimbledon,2007,R16,WTA
Sharapova,Maria,Maria Sharapova,Wimbledon,2007,R16,WTA
Vaidisova,Nicole,Nicole Vaidisova,Wimbledon,2007,R16,WTA
Williams,Serena,Serena Williams,Wimbledon,2007,R16,WTA
Williams,Venus,Venus Williams,Wimbledon,2007,R16,WTA
Bartoli,Marion,Marion Bartoli,Wimbledon,2007,QF,WTA
Henin,Justine,Justine Henin,Wimbledon,2007,QF,WTA
Ivanovic,Ana,Ana Ivanovic,Wimbledon,2007,QF,WTA
Krajicek,Michaella,Michaella Krajicek,Wimbledon,2007,QF,WTA
Kuznetsova,Svetlana,Svetlana Kuznetsova,Wimbledon,2007,QF,WTA
Vaidisova,Nicole,Nicole Vaidisova,Wimbledon,2007,QF,WTA
Williams,Serena,Serena Williams,Wimbledon,2007,QF,WTA
Williams,Venus,Venus Williams,Wimbledon,2007,QF,WTA
Bartoli,Marion,Marion Bartoli,Wimbledon,2007,SF,WTA
Henin,Justine,Justine Henin,Wimbledon,2007,SF,WTA
Ivanovic,Ana,Ana Ivanovic,Wimbledon,2007,SF,WTA
Williams,Venus,Venus Williams,Wimbledon,2007,SF,WTA
Bartoli,Marion,Marion Bartoli,Wimbledon,2007,F,WTA
Williams,Venus,Venus Williams,Wimbledon,2007,F,WTA
Williams,Venus,Venus Williams,Wimbledon,2007,W,WTA
Berdych,Tomas,Tomas Berdych,Australian Open,2008,R16,ATP
Blake,James,James Blake,Australian Open,2008,R16,ATP
Carlos Ferrero,Juan,Juan Carlos Ferrero,Australian Open,2008,R16,ATP
Cilic,Marin,Marin Cilic,Australian Open,2008,R16,ATP
Davydenko,Nikolay,Nikolay Davydenko,Australian Open,2008,R16,ATP
Djokovic,Novak,Novak Djokovic,Australian Open,2008,R16,ATP
Federer,Roger,Roger Federer,Australian Open,2008,R16,ATP
Ferrer,David,David Ferrer,Australian Open,2008,R16,ATP
Gasquet,Richard,Richard Gasquet,Australian Open,2008,R16,ATP
Henri Mathieu,Paul,Paul Henri Mathieu,Australian Open,2008,R16,ATP
Hewitt,Lleyton,Lleyton Hewitt,Australian Open,2008,R16,ATP
Kohlschreiber,Philipp,Philipp Kohlschreiber,Australian Open,2008,R16,ATP
Nadal,Rafael,Rafael Nadal,Australian Open,2008,R16,ATP
Nieminen,Jarkko,Jarkko Nieminen,Australian Open,2008,R16,ATP
Tsonga,Jo-Wilfried,Jo-Wilfried Tsonga,Australian Open,2008,R16,ATP
Youzhny,Mikhail,Mikhail Youzhny,Australian Open,2008,R16,ATP
Blake,James,James Blake,Australian Open,2008,QF,ATP
Djokovic,Novak,Novak Djokovic,Australian Open,2008,QF,ATP
Federer,Roger,Roger Federer,Australian Open,2008,QF,ATP
Ferrer,David,David Ferrer,Australian Open,2008,QF,ATP
Nadal,Rafael,Rafael Nadal,Australian Open,2008,QF,ATP
Nieminen,Jarkko,Jarkko Nieminen,Australian Open,2008,QF,ATP
Tsonga,Jo-Wilfried,Jo-Wilfried Tsonga,Australian Open,2008,QF,ATP
Youzhny,Mikhail,Mikhail Youzhny,Australian Open,2008,QF,ATP
Djokovic,Novak,Novak Djokovic,Australian Open,2008,SF,ATP
Federer,Roger,Roger Federer,Australian Open,2008,SF,ATP
Nadal,Rafael,Rafael Nadal,Australian Open,2008,SF,ATP
Tsonga,Jo-Wilfried,Jo-Wilfried Tsonga,Australian Open,2008,SF,ATP
Djokovic,Novak,Novak Djokovic,Australian Open,2008,F,ATP
Tsonga,Jo-Wilfried,Jo-Wilfried Tsonga,Australian Open,2008,F,ATP
Djokovic,Novak,Novak Djokovic,Australian Open,2008,W,ATP
Dellacqua,Casey,Casey Dellacqua,Australian Open,2008,R16,WTA
Dementieva,Elena,Elena Dementieva,Australian Open,2008,R16,WTA
Domachowska,Marta,Marta Domachowska,Australian Open,2008,R16,WTA
Hantuchova,Daniela,Daniela Hantuchova,Australian Open,2008,R16,WTA
Henin,Justine,Justine Henin,Australian Open,2008,R16,WTA
Ivanovic,Ana,Ana Ivanovic,Australian Open,2008,R16,WTA
Jankovic,Jelena,Jelena Jankovic,Australian Open,2008,R16,WTA
Kirilenko,Maria,Maria Kirilenko,Australian Open,2008,R16,WTA
Petrova,Nadia,Nadia Petrova,Australian Open,2008,R16,WTA
Radwanska,Agnieszka,Agnieszka Radwanska,Australian Open,2008,R16,WTA
Sharapova,Maria,Maria Sharapova,Australian Open,2008,R16,WTA
Vaidisova,Nicole,Nicole Vaidisova,Australian Open,2008,R16,WTA
Wei Hsieh,Su,Su Wei Hsieh,Australian Open,2008,R16,WTA
Williams,Serena,Serena Williams,Australian Open,2008,R16,WTA
Williams,Venus,Venus Williams,Australian Open,2008,R16,WTA
Wozniacki,Caroline,Caroline Wozniacki,Australian Open,2008,R16,WTA
Hantuchova,Daniela,Daniela Hantuchova,Australian Open,2008,QF,WTA
Henin,Justine,Justine Henin,Australian Open,2008,QF,WTA
Ivanovic,Ana,Ana Ivanovic,Australian Open,2008,QF,WTA
Jankovic,Jelena,Jelena Jankovic,Australian Open,2008,QF,WTA
Radwanska,Agnieszka,Agnieszka Radwanska,Australian Open,2008,QF,WTA
Sharapova,Maria,Maria Sharapova,Australian Open,2008,QF,WTA
Williams,Serena,Serena Williams,Australian Open,2008,QF,WTA
Williams,Venus,Venus Williams,Australian Open,2008,QF,WTA
Hantuchova,Daniela,Daniela Hantuchova,Australian Open,2008,SF,WTA
Ivanovic,Ana,Ana Ivanovic,Australian Open,2008,SF,WTA
Jankovic,Jelena,Jelena Jankovic,Australian Open,2008,SF,WTA
Sharapova,Maria,Maria Sharapova,Australian Open,2008,SF,WTA
Ivanovic,Ana,Ana Ivanovic,Australian Open,2008,F,WTA
Sharapova,Maria,Maria Sharapova,Australian Open,2008,F,WTA
Sharapova,Maria,Maria Sharapova,Australian Open,2008,W,WTA
Almagro,Nicolas,Nicolas Almagro,French Open,2008,R16,ATP
Benneteau,Julien,Julien Benneteau,French Open,2008,R16,ATP
Chardy,Jeremy,Jeremy Chardy,French Open,2008,R16,ATP
Djokovic,Novak,Novak Djokovic,French Open,2008,R16,ATP
Federer,Roger,Roger Federer,French Open,2008,R16,ATP
Ferrer,David,David Ferrer,French Open,2008,R16,ATP
Ginepri,Robby,Robby Ginepri,French Open,2008,R16,ATP
Gonzalez,Fernando,Fernando Gonzalez,French Open,2008,R16,ATP
Gulbis,Ernests,Ernests Gulbis,French Open,2008,R16,ATP
Henri Mathieu,Paul,Paul Henri Mathieu,French Open,2008,R16,ATP
Ljubicic,Ivan,Ivan Ljubicic,French Open,2008,R16,ATP
Llodra,Michael,Michael Llodra,French Open,2008,R16,ATP
Monfils,Gael,Gael Monfils,French Open,2008,R16,ATP
Nadal,Rafael,Rafael Nadal,French Open,2008,R16,ATP
Stepanek,Radek,Radek Stepanek,French Open,2008,R16,ATP
Verdasco,Fernando,Fernando Verdasco,French Open,2008,R16,ATP
Almagro,Nicolas,Nicolas Almagro,French Open,2008,QF,ATP
Djokovic,Novak,Novak Djokovic,French Open,2008,QF,ATP
Federer,Roger,Roger Federer,French Open,2008,QF,ATP
Ferrer,David,David Ferrer,French Open,2008,QF,ATP
Gonzalez,Fernando,Fernando Gonzalez,French Open,2008,QF,ATP
Gulbis,Ernests,Ernests Gulbis,French Open,2008,QF,ATP
Monfils,Gael,Gael Monfils,French Open,2008,QF,ATP
Nadal,Rafael,Rafael Nadal,French Open,2008,QF,ATP
Djokovic,Novak,Novak Djokovic,French Open,2008,SF,ATP
Federer,Roger,Roger Federer,French Open,2008,SF,ATP
Monfils,Gael,Gael Monfils,French Open,2008,SF,ATP
Nadal,Rafael,Rafael Nadal,French Open,2008,SF,ATP
Federer,Roger,Roger Federer,French Open,2008,F,ATP
Nadal,Rafael,Rafael Nadal,French Open,2008,F,ATP
Nadal,Rafael,Rafael Nadal,French Open,2008,W,ATP
Azarenka,Victoria,Victoria Azarenka,French Open,2008,R16,WTA
Cetkovska,Petra,Petra Cetkovska,French Open,2008,R16,WTA
Dementieva,Elena,Elena Dementieva,French Open,2008,R16,WTA
Ivanovic,Ana,Ana Ivanovic,French Open,2008,R16,WTA
Jankovic,Jelena,Jelena Jankovic,French Open,2008,R16,WTA
Kanepi,Kaia,Kaia Kanepi,French Open,2008,R16,WTA
Kuznetsova,Svetlana,Svetlana Kuznetsova,French Open,2008,R16,WTA
Kvitova,Petra,Petra Kvitova,French Open,2008,R16,WTA
Pennetta,Flavia,Flavia Pennetta,French Open,2008,R16,WTA
Radwanska,Agnieszka,Agnieszka Radwanska,French Open,2008,R16,WTA
Safina,Dinara,Dinara Safina,French Open,2008,R16,WTA
Schnyder,Patty,Patty Schnyder,French Open,2008,R16,WTA
Sharapova,Maria,Maria Sharapova,French Open,2008,R16,WTA
Srebotnik,Katarina,Katarina Srebotnik,French Open,2008,R16,WTA
Suarez Navarro,Carla,Carla Suarez Navarro,French Open,2008,R16,WTA
Zvonareva,Vera,Vera Zvonareva,French Open,2008,R16,WTA
Dementieva,Elena,Elena Dementieva,French Open,2008,QF,WTA
Ivanovic,Ana,Ana Ivanovic,French Open,2008,QF,WTA
Jankovic,Jelena,Jelena Jankovic,French Open,2008,QF,WTA
Kanepi,Kaia,Kaia Kanepi,French Open,2008,QF,WTA
Kuznetsova,Svetlana,Svetlana Kuznetsova,French Open,2008,QF,WTA
Safina,Dinara,Dinara Safina,French Open,2008,QF,WTA
Schnyder,Patty,Patty Schnyder,French Open,2008,QF,WTA
Suarez Navarro,Carla,Carla Suarez Navarro,French Open,2008,QF,WTA
Ivanovic,Ana,Ana Ivanovic,French Open,2008,SF,WTA
Jankovic,Jelena,Jelena Jankovic,French Open,2008,SF,WTA
Kuznetsova,Svetlana,Svetlana Kuznetsova,French Open,2008,SF,WTA
Safina,Dinara,Dinara Safina,French Open,2008,SF,WTA
Ivanovic,Ana,Ana Ivanovic,French Open,2008,F,WTA
Safina,Dinara,Dinara Safina,French Open,2008,F,WTA
Ivanovic,Ana,Ana Ivanovic,French Open,2008,W,WTA
Andreev,Igor,Igor Andreev,US Open,2008,R16,ATP
Davydenko,Nikolay,Nikolay Davydenko,US Open,2008,R16,ATP
Djokovic,Novak,Novak Djokovic,US Open,2008,R16,ATP
Federer,Roger,Roger Federer,US Open,2008,R16,ATP
Fish,Mardy,Mardy Fish,US Open,2008,R16,ATP
Gonzalez,Fernando,Fernando Gonzalez,US Open,2008,R16,ATP
Martin del Potro,Juan,Juan Martin del Potro,US Open,2008,R16,ATP
Monfils,Gael,Gael Monfils,US Open,2008,R16,ATP
Muller,Gilles,Gilles Muller,US Open,2008,R16,ATP
Murray,Andy,Andy Murray,US Open,2008,R16,ATP
Nadal,Rafael,Rafael Nadal,US Open,2008,R16,ATP
Nishikori,Kei,Kei Nishikori,US Open,2008,R16,ATP
Querrey,Sam,Sam Querrey,US Open,2008,R16,ATP
Robredo,Tommy,Tommy Robredo,US Open,2008,R16,ATP
Roddick,Andy,Andy Roddick,US Open,2008,R16,ATP
Wawrinka,Stan,Stan Wawrinka,US Open,2008,R16,ATP
Djokovic,Novak,Novak Djokovic,US Open,2008,QF,ATP
Federer,Roger,Roger Federer,US Open,2008,QF,ATP
Fish,Mardy,Mardy Fish,US Open,2008,QF,ATP
Martin del Potro,Juan,Juan Martin del Potro,US Open,2008,QF,ATP
Muller,Gilles,Gilles Muller,US Open,2008,QF,ATP
Murray,Andy,Andy Murray,US Open,2008,QF,ATP
Nadal,Rafael,Rafael Nadal,US Open,2008,QF,ATP
Roddick,Andy,Andy Roddick,US Open,2008,QF,ATP
Djokovic,Novak,Novak Djokovic,US Open,2008,SF,ATP
Federer,Roger,Roger Federer,US Open,2008,SF,ATP
Murray,Andy,Andy Murray,US Open,2008,SF,ATP
Nadal,Rafael,Rafael Nadal,US Open,2008,SF,ATP
Federer,Roger,Roger Federer,US Open,2008,F,ATP
Murray,Andy,Andy Murray,US Open,2008,F,ATP
Federer,Roger,Roger Federer,US Open,2008,W,ATP
Bammer,Sybille,Sybille Bammer,US Open,2008,R16,WTA
Bartoli,Marion,Marion Bartoli,US Open,2008,R16,WTA
Beltrame,Severine,Severine Beltrame,US Open,2008,R16,WTA
Dementieva,Elena,Elena Dementieva,US Open,2008,R16,WTA
Jankovic,Jelena,Jelena Jankovic,US Open,2008,R16,WTA
Lena Groenefeld,Anna,Anna Lena Groenefeld,US Open,2008,R16,WTA
Li,Na,Na Li,US Open,2008,R16,WTA
Mauresmo,Amelie,Amelie Mauresmo,US Open,2008,R16,WTA
Pennetta,Flavia,Flavia Pennetta,US Open,2008,R16,WTA
Radwanska,Agnieszka,Agnieszka Radwanska,US Open,2008,R16,WTA
Safina,Dinara,Dinara Safina,US Open,2008,R16,WTA
Schnyder,Patty,Patty Schnyder,US Open,2008,R16,WTA
Srebotnik,Katarina,Katarina Srebotnik,US Open,2008,R16,WTA
Williams,Serena,Serena Williams,US Open,2008,R16,WTA
Williams,Venus,Venus Williams,US Open,2008,R16,WTA
Wozniacki,Caroline,Caroline Wozniacki,US Open,2008,R16,WTA
Bammer,Sybille,Sybille Bammer,US Open,2008,QF,WTA
Dementieva,Elena,Elena Dementieva,US Open,2008,QF,WTA
Jankovic,Jelena,Jelena Jankovic,US Open,2008,QF,WTA
Pennetta,Flavia,Flavia Pennetta,US Open,2008,QF,WTA
Safina,Dinara,Dinara Safina,US Open,2008,QF,WTA
Schnyder,Patty,Patty Schnyder,US Open,2008,QF,WTA
Williams,Serena,Serena Williams,US Open,2008,QF,WTA
Williams,Venus,Venus Williams,US Open,2008,QF,WTA
Dementieva,Elena,Elena Dementieva,US Open,2008,SF,WTA
Jankovic,Jelena,Jelena Jankovic,US Open,2008,SF,WTA
Safina,Dinara,Dinara Safina,US Open,2008,SF,WTA
Williams,Serena,Serena Williams,US Open,2008,SF,WTA
Jankovic,Jelena,Jelena Jankovic,US Open,2008,F,WTA
Williams,Serena,Serena Williams,US Open,2008,F,WTA
Williams,Serena,Serena Williams,US Open,2008,W,WTA
Ancic,Mario,Mario Ancic,Wimbledon,2008,R16,ATP
Baghdatis,Marcos,Marcos Baghdatis,Wimbledon,2008,R16,ATP
Cilic,Marin,Marin Cilic,Wimbledon,2008,R16,ATP
Clement,Arnaud,Arnaud Clement,Wimbledon,2008,R16,ATP
Federer,Roger,Roger Federer,Wimbledon,2008,R16,ATP
Gasquet,Richard,Richard Gasquet,Wimbledon,2008,R16,ATP
Hewitt,Lleyton,Lleyton Hewitt,Wimbledon,2008,R16,ATP
Lopez,Feliciano,Feliciano Lopez,Wimbledon,2008,R16,ATP
Murray,Andy,Andy Murray,Wimbledon,2008,R16,ATP
Nadal,Rafael,Rafael Nadal,Wimbledon,2008,R16,ATP
Safin,Marat,Marat Safin,Wimbledon,2008,R16,ATP
Schuettler,Rainer,Rainer Schuettler,Wimbledon,2008,R16,ATP
Tipsarevic,Janko,Janko Tipsarevic,Wimbledon,2008,R16,ATP
Verdasco,Fernando,Fernando Verdasco,Wimbledon,2008,R16,ATP
Wawrinka,Stan,Stan Wawrinka,Wimbledon,2008,R16,ATP
Youzhny,Mikhail,Mikhail Youzhny,Wimbledon,2008,R16,ATP
Ancic,Mario,Mario Ancic,Wimbledon,2008,QF,ATP
Clement,Arnaud,Arnaud Clement,Wimbledon,2008,QF,ATP
Federer,Roger,Roger Federer,Wimbledon,2008,QF,ATP
Lopez,Feliciano,Feliciano Lopez,Wimbledon,2008,QF,ATP
Murray,Andy,Andy Murray,Wimbledon,2008,QF,ATP
Nadal,Rafael,Rafael Nadal,Wimbledon,2008,QF,ATP
Safin,Marat,Marat Safin,Wimbledon,2008,QF,ATP
Schuettler,Rainer,Rainer Schuettler,Wimbledon,2008,QF,ATP
Federer,Roger,Roger Federer,Wimbledon,2008,SF,ATP
Nadal,Rafael,Rafael Nadal,Wimbledon,2008,SF,ATP
Safin,Marat,Marat Safin,Wimbledon,2008,SF,ATP
Schuettler,Rainer,Rainer Schuettler,Wimbledon,2008,SF,ATP
Federer,Roger,Roger Federer,Wimbledon,2008,F,ATP
Nadal,Rafael,Rafael Nadal,Wimbledon,2008,F,ATP
Nadal,Rafael,Rafael Nadal,Wimbledon,2008,W,ATP
Chakvetadze,Anna,Anna Chakvetadze,Wimbledon,2008,R16,WTA
Dementieva,Elena,Elena Dementieva,Wimbledon,2008,R16,WTA
Jankovic,Jelena,Jelena Jankovic,Wimbledon,2008,R16,WTA
Kleybanova,Alisa,Alisa Kleybanova,Wimbledon,2008,R16,WTA
Kudryavtseva,Alla,Alla Kudryavtseva,Wimbledon,2008,R16,WTA
Kuznetsova,Svetlana,Svetlana Kuznetsova,Wimbledon,2008,R16,WTA
Mattek Sands,Bethanie,Bethanie Mattek Sands,Wimbledon,2008,R16,WTA
Peer,Shahar,Shahar Peer,Wimbledon,2008,R16,WTA
Petrova,Nadia,Nadia Petrova,Wimbledon,2008,R16,WTA
Radwanska,Agnieszka,Agnieszka Radwanska,Wimbledon,2008,R16,WTA
Szavay,Agnes,Agnes Szavay,Wimbledon,2008,R16,WTA
Tanasugarn,Tamarine,Tamarine Tanasugarn,Wimbledon,2008,R16,WTA
Vaidisova,Nicole,Nicole Vaidisova,Wimbledon,2008,R16,WTA
Williams,Serena,Serena Williams,Wimbledon,2008,R16,WTA
Williams,Venus,Venus Williams,Wimbledon,2008,R16,WTA
Zheng,Jie,Jie Zheng,Wimbledon,2008,R16,WTA
Dementieva,Elena,Elena Dementieva,Wimbledon,2008,QF,WTA
Petrova,Nadia,Nadia Petrova,Wimbledon,2008,QF,WTA
Radwanska,Agnieszka,Agnieszka Radwanska,Wimbledon,2008,QF,WTA
Tanasugarn,Tamarine,Tamarine Tanasugarn,Wimbledon,2008,QF,WTA
Vaidisova,Nicole,Nicole Vaidisova,Wimbledon,2008,QF,WTA
Williams,Serena,Serena Williams,Wimbledon,2008,QF,WTA
Williams,Venus,Venus Williams,Wimbledon,2008,QF,WTA
Zheng,Jie,Jie Zheng,Wimbledon,2008,QF,WTA
Dementieva,Elena,Elena Dementieva,Wimbledon,2008,SF,WTA
Williams,Serena,Serena Williams,Wimbledon,2008,SF,WTA
Williams,Venus,Venus Williams,Wimbledon,2008,SF,WTA
Zheng,Jie,Jie Zheng,Wimbledon,2008,SF,WTA
Williams,Venus,Venus Williams,Wimbledon,2008,F,WTA
Williams,Serena,Serena Williams,Wimbledon,2008,F,WTA
Williams,Venus,Venus Williams,Wimbledon,2008,W,WTA
Baghdatis,Marcos,Marcos Baghdatis,Australian Open,2009,R16,ATP
Berdych,Tomas,Tomas Berdych,Australian Open,2009,R16,ATP
Blake,James,James Blake,Australian Open,2009,R16,ATP
Cilic,Marin,Marin Cilic,Australian Open,2009,R16,ATP
Djokovic,Novak,Novak Djokovic,Australian Open,2009,R16,ATP
Federer,Roger,Roger Federer,Australian Open,2009,R16,ATP
Gonzalez,Fernando,Fernando Gonzalez,Australian Open,2009,R16,ATP
Martin del Potro,Juan,Juan Martin del Potro,Australian Open,2009,R16,ATP
Monfils,Gael,Gael Monfils,Australian Open,2009,R16,ATP
Murray,Andy,Andy Murray,Australian Open,2009,R16,ATP
Nadal,Rafael,Rafael Nadal,Australian Open,2009,R16,ATP
Robredo,Tommy,Tommy Robredo,Australian Open,2009,R16,ATP
Roddick,Andy,Andy Roddick,Australian Open,2009,R16,ATP
Simon,Gilles,Gilles Simon,Australian Open,2009,R16,ATP
Tsonga,Jo-Wilfried,Jo-Wilfried Tsonga,Australian Open,2009,R16,ATP
Verdasco,Fernando,Fernando Verdasco,Australian Open,2009,R16,ATP
Djokovic,Novak,Novak Djokovic,Australian Open,2009,QF,ATP
Federer,Roger,Roger Federer,Australian Open,2009,QF,ATP
Martin del Potro,Juan,Juan Martin del Potro,Australian Open,2009,QF,ATP
Nadal,Rafael,Rafael Nadal,Australian Open,2009,QF,ATP
Roddick,Andy,Andy Roddick,Australian Open,2009,QF,ATP
Simon,Gilles,Gilles Simon,Australian Open,2009,QF,ATP
Tsonga,Jo-Wilfried,Jo-Wilfried Tsonga,Australian Open,2009,QF,ATP
Verdasco,Fernando,Fernando Verdasco,Australian Open,2009,QF,ATP
Federer,Roger,Roger Federer,Australian Open,2009,SF,ATP
Nadal,Rafael,Rafael Nadal,Australian Open,2009,SF,ATP
Roddick,Andy,Andy Roddick,Australian Open,2009,SF,ATP
Verdasco,Fernando,Fernando Verdasco,Australian Open,2009,SF,ATP
Federer,Roger,Roger Federer,Australian Open,2009,F,ATP
Nadal,Rafael,Rafael Nadal,Australian Open,2009,F,ATP
Nadal,Rafael,Rafael Nadal,Australian Open,2009,W,ATP
Azarenka,Victoria,Victoria Azarenka,Australian Open,2009,R16,WTA
Bartoli,Marion,Marion Bartoli,Australian Open,2009,R16,WTA
Cibulkova,Dominika,Dominika Cibulkova,Australian Open,2009,R16,WTA
Cornet,Alize,Alize Cornet,Australian Open,2009,R16,WTA
Dementieva,Elena,Elena Dementieva,Australian Open,2009,R16,WTA
Dokic,Jelena,Jelena Dokic,Australian Open,2009,R16,WTA
Jankovic,Jelena,Jelena Jankovic,Australian Open,2009,R16,WTA
Kleybanova,Alisa,Alisa Kleybanova,Australian Open,2009,R16,WTA
Kuznetsova,Svetlana,Svetlana Kuznetsova,Australian Open,2009,R16,WTA
Medina Garrigues,Anabel,Anabel Medina Garrigues,Australian Open,2009,R16,WTA
Petrova,Nadia,Nadia Petrova,Australian Open,2009,R16,WTA
Safina,Dinara,Dinara Safina,Australian Open,2009,R16,WTA
Suarez Navarro,Carla,Carla Suarez Navarro,Australian Open,2009,R16,WTA
Williams,Serena,Serena Williams,Australian Open,2009,R16,WTA
Zheng,Jie,Jie Zheng,Australian Open,2009,R16,WTA
Zvonareva,Vera,Vera Zvonareva,Australian Open,2009,R16,WTA
Bartoli,Marion,Marion Bartoli,Australian Open,2009,QF,WTA
Dementieva,Elena,Elena Dementieva,Australian Open,2009,QF,WTA
Dokic,Jelena,Jelena Dokic,Australian Open,2009,QF,WTA
Kuznetsova,Svetlana,Svetlana Kuznetsova,Australian Open,2009,QF,WTA
Safina,Dinara,Dinara Safina,Australian Open,2009,QF,WTA
Suarez Navarro,Carla,Carla Suarez Navarro,Australian Open,2009,QF,WTA
Williams,Serena,Serena Williams,Australian Open,2009,QF,WTA
Zvonareva,Vera,Vera Zvonareva,Australian Open,2009,QF,WTA
Dementieva,Elena,Elena Dementieva,Australian Open,2009,SF,WTA
Safina,Dinara,Dinara Safina,Australian Open,2009,SF,WTA
Williams,Serena,Serena Williams,Australian Open,2009,SF,WTA
Zvonareva,Vera,Vera Zvonareva,Australian Open,2009,SF,WTA
Safina,Dinara,Dinara Safina,Australian Open,2009,F,WTA
Williams,Serena,Serena Williams,Australian Open,2009,F,WTA
Williams,Serena,Serena Williams,Australian Open,2009,W,WTA
Cilic,Marin,Marin Cilic,French Open,2009,R16,ATP
Davydenko,Nikolay,Nikolay Davydenko,French Open,2009,R16,ATP
Federer,Roger,Roger Federer,French Open,2009,R16,ATP
Gonzalez,Fernando,Fernando Gonzalez,French Open,2009,R16,ATP
Haas,Tommy,Tommy Haas,French Open,2009,R16,ATP
Hanescu,Victor,Victor Hanescu,French Open,2009,R16,ATP
Kohlschreiber,Philipp,Philipp Kohlschreiber,French Open,2009,R16,ATP
Martin del Potro,Juan,Juan Martin del Potro,French Open,2009,R16,ATP
Monfils,Gael,Gael Monfils,French Open,2009,R16,ATP
Murray,Andy,Andy Murray,French Open,2009,R16,ATP
Nadal,Rafael,Rafael Nadal,French Open,2009,R16,ATP
Robredo,Tommy,Tommy Robredo,French Open,2009,R16,ATP
Roddick,Andy,Andy Roddick,French Open,2009,R16,ATP
Soderling,Robin,Robin Soderling,French Open,2009,R16,ATP
Tsonga,Jo-Wilfried,Jo-Wilfried Tsonga,French Open,2009,R16,ATP
Verdasco,Fernando,Fernando Verdasco,French Open,2009,R16,ATP
Davydenko,Nikolay,Nikolay Davydenko,French Open,2009,QF,ATP
Federer,Roger,Roger Federer,French Open,2009,QF,ATP
Gonzalez,Fernando,Fernando Gonzalez,French Open,2009,QF,ATP
Martin del Potro,Juan,Juan Martin del Potro,French Open,2009,QF,ATP
Monfils,Gael,Gael Monfils,French Open,2009,QF,ATP
Murray,Andy,Andy Murray,French Open,2009,QF,ATP
Robredo,Tommy,Tommy Robredo,French Open,2009,QF,ATP
Soderling,Robin,Robin Soderling,French Open,2009,QF,ATP
Federer,Roger,Roger Federer,French Open,2009,SF,ATP
Gonzalez,Fernando,Fernando Gonzalez,French Open,2009,SF,ATP
Martin del Potro,Juan,Juan Martin del Potro,French Open,2009,SF,ATP
Soderling,Robin,Robin Soderling,French Open,2009,SF,ATP
Federer,Roger,Roger Federer,French Open,2009,F,ATP
Soderling,Robin,Robin Soderling,French Open,2009,F,ATP
Federer,Roger,Roger Federer,French Open,2009,W,ATP
Azarenka,Victoria,Victoria Azarenka,French Open,2009,R16,WTA
Cibulkova,Dominika,Dominika Cibulkova,French Open,2009,R16,WTA
Cirstea,Sorana,Sorana Cirstea,French Open,2009,R16,WTA
Ivanovic,Ana,Ana Ivanovic,French Open,2009,R16,WTA
Jankovic,Jelena,Jelena Jankovic,French Open,2009,R16,WTA
Kuznetsova,Svetlana,Svetlana Kuznetsova,French Open,2009,R16,WTA
Li,Na,Na Li,French Open,2009,R16,WTA
Radwanska,Agnieszka,Agnieszka Radwanska,French Open,2009,R16,WTA
Razzano,Virginie,Virginie Razzano,French Open,2009,R16,WTA
Rezai,Aravane,Aravane Rezai,French Open,2009,R16,WTA
Safina,Dinara,Dinara Safina,French Open,2009,R16,WTA
Sharapova,Maria,Maria Sharapova,French Open,2009,R16,WTA
Stosur,Samantha,Samantha Stosur,French Open,2009,R16,WTA
Szavay,Agnes,Agnes Szavay,French Open,2009,R16,WTA
Williams,Serena,Serena Williams,French Open,2009,R16,WTA
Wozniak,Aleksandra,Aleksandra Wozniak,French Open,2009,R16,WTA
Azarenka,Victoria,Victoria Azarenka,French Open,2009,QF,WTA
Cibulkova,Dominika,Dominika Cibulkova,French Open,2009,QF,WTA
Cirstea,Sorana,Sorana Cirstea,French Open,2009,QF,WTA
Kuznetsova,Svetlana,Svetlana Kuznetsova,French Open,2009,QF,WTA
Safina,Dinara,Dinara Safina,French Open,2009,QF,WTA
Sharapova,Maria,Maria Sharapova,French Open,2009,QF,WTA
Stosur,Samantha,Samantha Stosur,French Open,2009,QF,WTA
Williams,Serena,Serena Williams,French Open,2009,QF,WTA
Cibulkova,Dominika,Dominika Cibulkova,French Open,2009,SF,WTA
Kuznetsova,Svetlana,Svetlana Kuznetsova,French Open,2009,SF,WTA
Safina,Dinara,Dinara Safina,French Open,2009,SF,WTA
Stosur,Samantha,Samantha Stosur,French Open,2009,SF,WTA
Kuznetsova,Svetlana,Svetlana Kuznetsova,French Open,2009,F,WTA
Safina,Dinara,Dinara Safina,French Open,2009,F,WTA
Kuznetsova,Svetlana,Svetlana Kuznetsova,French Open,2009,W,WTA
Carlos Ferrero,Juan,Juan Carlos Ferrero,US Open,2009,R16,ATP
Cilic,Marin,Marin Cilic,US Open,2009,R16,ATP
Davydenko,Nikolay,Nikolay Davydenko,US Open,2009,R16,ATP
Djokovic,Novak,Novak Djokovic,US Open,2009,R16,ATP
Federer,Roger,Roger Federer,US Open,2009,R16,ATP
Gonzalez,Fernando,Fernando Gonzalez,US Open,2009,R16,ATP
Isner,John,John Isner,US Open,2009,R16,ATP
Martin del Potro,Juan,Juan Martin del Potro,US Open,2009,R16,ATP
Monfils,Gael,Gael Monfils,US Open,2009,R16,ATP
Murray,Andy,Andy Murray,US Open,2009,R16,ATP
Nadal,Rafael,Rafael Nadal,US Open,2009,R16,ATP
Robredo,Tommy,Tommy Robredo,US Open,2009,R16,ATP
Soderling,Robin,Robin Soderling,US Open,2009,R16,ATP
Stepanek,Radek,Radek Stepanek,US Open,2009,R16,ATP
Tsonga,Jo-Wilfried,Jo-Wilfried Tsonga,US Open,2009,R16,ATP
Verdasco,Fernando,Fernando Verdasco,US Open,2009,R16,ATP
Cilic,Marin,Marin Cilic,US Open,2009,QF,ATP
Djokovic,Novak,Novak Djokovic,US Open,2009,QF,ATP
Federer,Roger,Roger Federer,US Open,2009,QF,ATP
Gonzalez,Fernando,Fernando Gonzalez,US Open,2009,QF,ATP
Martin del Potro,Juan,Juan Martin del Potro,US Open,2009,QF,ATP
Nadal,Rafael,Rafael Nadal,US Open,2009,QF,ATP
Soderling,Robin,Robin Soderling,US Open,2009,QF,ATP
Verdasco,Fernando,Fernando Verdasco,US Open,2009,QF,ATP
Djokovic,Novak,Novak Djokovic,US Open,2009,SF,ATP
Federer,Roger,Roger Federer,US Open,2009,SF,ATP
Martin del Potro,Juan,Juan Martin del Potro,US Open,2009,SF,ATP
Nadal,Rafael,Rafael Nadal,US Open,2009,SF,ATP
Federer,Roger,Roger Federer,US Open,2009,F,ATP
Martin del Potro,Juan,Juan Martin del Potro,US Open,2009,F,ATP
Martin del Potro,Juan,Juan Martin del Potro,US Open,2009,W,ATP
Bondarenko,Kateryna,Kateryna Bondarenko,US Open,2009,R16,WTA
Clijsters,Kim,Kim Clijsters,US Open,2009,R16,WTA
Dulko,Gisela,Gisela Dulko,US Open,2009,R16,WTA
Hantuchova,Daniela,Daniela Hantuchova,US Open,2009,R16,WTA
Kuznetsova,Svetlana,Svetlana Kuznetsova,US Open,2009,R16,WTA
Kvitova,Petra,Petra Kvitova,US Open,2009,R16,WTA
Li,Na,Na Li,US Open,2009,R16,WTA
Oudin,Melanie,Melanie Oudin,US Open,2009,R16,WTA
Pennetta,Flavia,Flavia Pennetta,US Open,2009,R16,WTA
Petrova,Nadia,Nadia Petrova,US Open,2009,R16,WTA
Schiavone,Francesca,Francesca Schiavone,US Open,2009,R16,WTA
Wickmayer,Yanina,Yanina Wickmayer,US Open,2009,R16,WTA
Williams,Venus,Venus Williams,US Open,2009,R16,WTA
Williams,Serena,Serena Williams,US Open,2009,R16,WTA
Wozniacki,Caroline,Caroline Wozniacki,US Open,2009,R16,WTA
Zvonareva,Vera,Vera Zvonareva,US Open,2009,R16,WTA
Bondarenko,Kateryna,Kateryna Bondarenko,US Open,2009,QF,WTA
Clijsters,Kim,Kim Clijsters,US Open,2009,QF,WTA
Li,Na,Na Li,US Open,2009,QF,WTA
Oudin,Melanie,Melanie Oudin,US Open,2009,QF,WTA
Pennetta,Flavia,Flavia Pennetta,US Open,2009,QF,WTA
Wickmayer,Yanina,Yanina Wickmayer,US Open,2009,QF,WTA
Williams,Serena,Serena Williams,US Open,2009,QF,WTA
Wozniacki,Caroline,Caroline Wozniacki,US Open,2009,QF,WTA
Clijsters,Kim,Kim Clijsters,US Open,2009,SF,WTA
Wickmayer,Yanina,Yanina Wickmayer,US Open,2009,SF,WTA
Williams,Serena,Serena Williams,US Open,2009,SF,WTA
Wozniacki,Caroline,Caroline Wozniacki,US Open,2009,SF,WTA
Clijsters,Kim,Kim Clijsters,US Open,2009,F,WTA
Wozniacki,Caroline,Caroline Wozniacki,US Open,2009,F,WTA
Clijsters,Kim,Kim Clijsters,US Open,2009,W,WTA
Andreev,Igor,Igor Andreev,Wimbledon,2009,R16,ATP
Berdych,Tomas,Tomas Berdych,Wimbledon,2009,R16,ATP
Carlos Ferrero,Juan,Juan Carlos Ferrero,Wimbledon,2009,R16,ATP
Djokovic,Novak,Novak Djokovic,Wimbledon,2009,R16,ATP
Federer,Roger,Roger Federer,Wimbledon,2009,R16,ATP
Haas,Tommy,Tommy Haas,Wimbledon,2009,R16,ATP
Hewitt,Lleyton,Lleyton Hewitt,Wimbledon,2009,R16,ATP
Karlovic,Ivo,Ivo Karlovic,Wimbledon,2009,R16,ATP
Murray,Andy,Andy Murray,Wimbledon,2009,R16,ATP
Roddick,Andy,Andy Roddick,Wimbledon,2009,R16,ATP
Sela,Dudi,Dudi Sela,Wimbledon,2009,R16,ATP
Simon,Gilles,Gilles Simon,Wimbledon,2009,R16,ATP
Soderling,Robin,Robin Soderling,Wimbledon,2009,R16,ATP
Stepanek,Radek,Radek Stepanek,Wimbledon,2009,R16,ATP
Verdasco,Fernando,Fernando Verdasco,Wimbledon,2009,R16,ATP
Wawrinka,Stan,Stan Wawrinka,Wimbledon,2009,R16,ATP
Carlos Ferrero,Juan,Juan Carlos Ferrero,Wimbledon,2009,QF,ATP
Djokovic,Novak,Novak Djokovic,Wimbledon,2009,QF,ATP
Federer,Roger,Roger Federer,Wimbledon,2009,QF,ATP
Haas,Tommy,Tommy Haas,Wimbledon,2009,QF,ATP
Hewitt,Lleyton,Lleyton Hewitt,Wimbledon,2009,QF,ATP
Karlovic,Ivo,Ivo Karlovic,Wimbledon,2009,QF,ATP
Murray,Andy,Andy Murray,Wimbledon,2009,QF,ATP
Roddick,Andy,Andy Roddick,Wimbledon,2009,QF,ATP
Federer,Roger,Roger Federer,Wimbledon,2009,SF,ATP
Haas,Tommy,Tommy Haas,Wimbledon,2009,SF,ATP
Murray,Andy,Andy Murray,Wimbledon,2009,SF,ATP
Roddick,Andy,Andy Roddick,Wimbledon,2009,SF,ATP
Federer,Roger,Roger Federer,Wimbledon,2009,F,ATP
Roddick,Andy,Andy Roddick,Wimbledon,2009,F,ATP
Federer,Roger,Roger Federer,Wimbledon,2009,W,ATP
Azarenka,Victoria,Victoria Azarenka,Wimbledon,2009,R16,WTA
Dementieva,Elena,Elena Dementieva,Wimbledon,2009,R16,WTA
Hantuchova,Daniela,Daniela Hantuchova,Wimbledon,2009,R16,WTA
Ivanovic,Ana,Ana Ivanovic,Wimbledon,2009,R16,WTA
Lisicki,Sabine,Sabine Lisicki,Wimbledon,2009,R16,WTA
Mauresmo,Amelie,Amelie Mauresmo,Wimbledon,2009,R16,WTA
Oudin,Melanie,Melanie Oudin,Wimbledon,2009,R16,WTA
Petrova,Nadia,Nadia Petrova,Wimbledon,2009,R16,WTA
Radwanska,Agnieszka,Agnieszka Radwanska,Wimbledon,2009,R16,WTA
Razzano,Virginie,Virginie Razzano,Wimbledon,2009,R16,WTA
Safina,Dinara,Dinara Safina,Wimbledon,2009,R16,WTA
Schiavone,Francesca,Francesca Schiavone,Wimbledon,2009,R16,WTA
Vesnina,Elena,Elena Vesnina,Wimbledon,2009,R16,WTA
Williams,Venus,Venus Williams,Wimbledon,2009,R16,WTA
Williams,Serena,Serena Williams,Wimbledon,2009,R16,WTA
Wozniacki,Caroline,Caroline Wozniacki,Wimbledon,2009,R16,WTA
Azarenka,Victoria,Victoria Azarenka,Wimbledon,2009,QF,WTA
Dementieva,Elena,Elena Dementieva,Wimbledon,2009,QF,WTA
Lisicki,Sabine,Sabine Lisicki,Wimbledon,2009,QF,WTA
Radwanska,Agnieszka,Agnieszka Radwanska,Wimbledon,2009,QF,WTA
Safina,Dinara,Dinara Safina,Wimbledon,2009,QF,WTA
Schiavone,Francesca,Francesca Schiavone,Wimbledon,2009,QF,WTA
Williams,Venus,Venus Williams,Wimbledon,2009,QF,WTA
Williams,Serena,Serena Williams,Wimbledon,2009,QF,WTA
Dementieva,Elena,Elena Dementieva,Wimbledon,2009,SF,WTA
Safina,Dinara,Dinara Safina,Wimbledon,2009,SF,WTA
Williams,Venus,Venus Williams,Wimbledon,2009,SF,WTA
Williams,Serena,Serena Williams,Wimbledon,2009,SF,WTA
Williams,Serena,Serena Williams,Wimbledon,2009,F,WTA
Williams,Venus,Venus Williams,Wimbledon,2009,F,WTA
Williams,Serena,Serena Williams,Wimbledon,2009,W,WTA
Almagro,Nicolas,Nicolas Almagro,Australian Open,2010,R16,ATP
Cilic,Marin,Marin Cilic,Australian Open,2010,R16,ATP
Davydenko,Nikolay,Nikolay Davydenko,Australian Open,2010,R16,ATP
Djokovic,Novak,Novak Djokovic,Australian Open,2010,R16,ATP
Federer,Roger,Roger Federer,Australian Open,2010,R16,ATP
Gonzalez,Fernando,Fernando Gonzalez,Australian Open,2010,R16,ATP
Hewitt,Lleyton,Lleyton Hewitt,Australian Open,2010,R16,ATP
Isner,John,John Isner,Australian Open,2010,R16,ATP
Karlovic,Ivo,Ivo Karlovic,Australian Open,2010,R16,ATP
Kubot,Lukasz,Lukasz Kubot,Australian Open,2010,R16,ATP
Martin del Potro,Juan,Juan Martin del Potro,Australian Open,2010,R16,ATP
Murray,Andy,Andy Murray,Australian Open,2010,R16,ATP
Nadal,Rafael,Rafael Nadal,Australian Open,2010,R16,ATP
Roddick,Andy,Andy Roddick,Australian Open,2010,R16,ATP
Tsonga,Jo-Wilfried,Jo-Wilfried Tsonga,Australian Open,2010,R16,ATP
Verdasco,Fernando,Fernando Verdasco,Australian Open,2010,R16,ATP
Cilic,Marin,Marin Cilic,Australian Open,2010,QF,ATP
Davydenko,Nikolay,Nikolay Davydenko,Australian Open,2010,QF,ATP
Djokovic,Novak,Novak Djokovic,Australian Open,2010,QF,ATP
Federer,Roger,Roger Federer,Australian Open,2010,QF,ATP
Murray,Andy,Andy Murray,Australian Open,2010,QF,ATP
Nadal,Rafael,Rafael Nadal,Australian Open,2010,QF,ATP
Roddick,Andy,Andy Roddick,Australian Open,2010,QF,ATP
Tsonga,Jo-Wilfried,Jo-Wilfried Tsonga,Australian Open,2010,QF,ATP
Cilic,Marin,Marin Cilic,Australian Open,2010,SF,ATP
Federer,Roger,Roger Federer,Australian Open,2010,SF,ATP
Murray,Andy,Andy Murray,Australian Open,2010,SF,ATP
Tsonga,Jo-Wilfried,Jo-Wilfried Tsonga,Australian Open,2010,SF,ATP
Federer,Roger,Roger Federer,Australian Open,2010,F,ATP
Murray,Andy,Andy Murray,Australian Open,2010,F,ATP
Federer,Roger,Roger Federer,Australian Open,2010,W,ATP
Azarenka,Victoria,Victoria Azarenka,Australian Open,2010,R16,WTA
Bondarenko,Alona,Alona Bondarenko,Australian Open,2010,R16,WTA
Henin,Justine,Justine Henin,Australian Open,2010,R16,WTA
Kirilenko,Maria,Maria Kirilenko,Australian Open,2010,R16,WTA
Kuznetsova,Svetlana,Svetlana Kuznetsova,Australian Open,2010,R16,WTA
Li,Na,Na Li,Australian Open,2010,R16,WTA
Petrova,Nadia,Nadia Petrova,Australian Open,2010,R16,WTA
Safina,Dinara,Dinara Safina,Australian Open,2010,R16,WTA
Schiavone,Francesca,Francesca Schiavone,Australian Open,2010,R16,WTA
Stosur,Samantha,Samantha Stosur,Australian Open,2010,R16,WTA
Wickmayer,Yanina,Yanina Wickmayer,Australian Open,2010,R16,WTA
Williams,Serena,Serena Williams,Australian Open,2010,R16,WTA
Williams,Venus,Venus Williams,Australian Open,2010,R16,WTA
Wozniacki,Caroline,Caroline Wozniacki,Australian Open,2010,R16,WTA
Zheng,Jie,Jie Zheng,Australian Open,2010,R16,WTA
Zvonareva,Vera,Vera Zvonareva,Australian Open,2010,R16,WTA
Azarenka,Victoria,Victoria Azarenka,Australian Open,2010,QF,WTA
Henin,Justine,Justine Henin,Australian Open,2010,QF,WTA
Kirilenko,Maria,Maria Kirilenko,Australian Open,2010,QF,WTA
Li,Na,Na Li,Australian Open,2010,QF,WTA
Petrova,Nadia,Nadia Petrova,Australian Open,2010,QF,WTA
Williams,Serena,Serena Williams,Australian Open,2010,QF,WTA
Williams,Venus,Venus Williams,Australian Open,2010,QF,WTA
Zheng,Jie,Jie Zheng,Australian Open,2010,QF,WTA
Henin,Justine,Justine Henin,Australian Open,2010,SF,WTA
Li,Na,Na Li,Australian Open,2010,SF,WTA
Williams,Serena,Serena Williams,Australian Open,2010,SF,WTA
Zheng,Jie,Jie Zheng,Australian Open,2010,SF,WTA
Henin,Justine,Justine Henin,Australian Open,2010,F,WTA
Williams,Serena,Serena Williams,Australian Open,2010,F,WTA
Williams,Serena,Serena Williams,Australian Open,2010,W,WTA
Almagro,Nicolas,Nicolas Almagro,French Open,2010,R16,ATP
Bellucci,Thomaz,Thomaz Bellucci,French Open,2010,R16,ATP
Berdych,Tomas,Tomas Berdych,French Open,2010,R16,ATP
Cilic,Marin,Marin Cilic,French Open,2010,R16,ATP
Djokovic,Novak,Novak Djokovic,French Open,2010,R16,ATP
Federer,Roger,Roger Federer,French Open,2010,R16,ATP
Gabashvili,Teymuraz,Teymuraz Gabashvili,French Open,2010,R16,ATP
Ginepri,Robby,Robby Ginepri,French Open,2010,R16,ATP
Melzer,Jurgen,Jurgen Melzer,French Open,2010,R16,ATP
Murray,Andy,Andy Murray,French Open,2010,R16,ATP
Nadal,Rafael,Rafael Nadal,French Open,2010,R16,ATP
Soderling,Robin,Robin Soderling,French Open,2010,R16,ATP
Tsonga,Jo-Wilfried,Jo-Wilfried Tsonga,French Open,2010,R16,ATP
Verdasco,Fernando,Fernando Verdasco,French Open,2010,R16,ATP
Wawrinka,Stan,Stan Wawrinka,French Open,2010,R16,ATP
Youzhny,Mikhail,Mikhail Youzhny,French Open,2010,R16,ATP
Almagro,Nicolas,Nicolas Almagro,French Open,2010,QF,ATP
Berdych,Tomas,Tomas Berdych,French Open,2010,QF,ATP
Djokovic,Novak,Novak Djokovic,French Open,2010,QF,ATP
Federer,Roger,Roger Federer,French Open,2010,QF,ATP
Melzer,Jurgen,Jurgen Melzer,French Open,2010,QF,ATP
Nadal,Rafael,Rafael Nadal,French Open,2010,QF,ATP
Soderling,Robin,Robin Soderling,French Open,2010,QF,ATP
Youzhny,Mikhail,Mikhail Youzhny,French Open,2010,QF,ATP
Berdych,Tomas,Tomas Berdych,French Open,2010,SF,ATP
Melzer,Jurgen,Jurgen Melzer,French Open,2010,SF,ATP
Nadal,Rafael,Rafael Nadal,French Open,2010,SF,ATP
Soderling,Robin,Robin Soderling,French Open,2010,SF,ATP
Nadal,Rafael,Rafael Nadal,French Open,2010,F,ATP
Soderling,Robin,Robin Soderling,French Open,2010,F,ATP
Nadal,Rafael,Rafael Nadal,French Open,2010,W,ATP
Dementieva,Elena,Elena Dementieva,French Open,2010,R16,WTA
Gajdosova,Jarmila,Jarmila Gajdosova,French Open,2010,R16,WTA
Hantuchova,Daniela,Daniela Hantuchova,French Open,2010,R16,WTA
Henin,Justine,Justine Henin,French Open,2010,R16,WTA
Jankovic,Jelena,Jelena Jankovic,French Open,2010,R16,WTA
Kirilenko,Maria,Maria Kirilenko,French Open,2010,R16,WTA
Peer,Shahar,Shahar Peer,French Open,2010,R16,WTA
Pennetta,Flavia,Flavia Pennetta,French Open,2010,R16,WTA
Petrova,Nadia,Nadia Petrova,French Open,2010,R16,WTA
Scheepers,Chanelle,Chanelle Scheepers,French Open,2010,R16,WTA
Schiavone,Francesca,Francesca Schiavone,French Open,2010,R16,WTA
Shvedova,Yaroslava,Yaroslava Shvedova,French Open,2010,R16,WTA
Stosur,Samantha,Samantha Stosur,French Open,2010,R16,WTA
Williams,Serena,Serena Williams,French Open,2010,R16,WTA
Williams,Venus,Venus Williams,French Open,2010,R16,WTA
Wozniacki,Caroline,Caroline Wozniacki,French Open,2010,R16,WTA
Dementieva,Elena,Elena Dementieva,French Open,2010,QF,WTA
Jankovic,Jelena,Jelena Jankovic,French Open,2010,QF,WTA
Petrova,Nadia,Nadia Petrova,French Open,2010,QF,WTA
Schiavone,Francesca,Francesca Schiavone,French Open,2010,QF,WTA
Shvedova,Yaroslava,Yaroslava Shvedova,French Open,2010,QF,WTA
Stosur,Samantha,Samantha Stosur,French Open,2010,QF,WTA
Williams,Serena,Serena Williams,French Open,2010,QF,WTA
Wozniacki,Caroline,Caroline Wozniacki,French Open,2010,QF,WTA
Dementieva,Elena,Elena Dementieva,French Open,2010,SF,WTA
Jankovic,Jelena,Jelena Jankovic,French Open,2010,SF,WTA
Schiavone,Francesca,Francesca Schiavone,French Open,2010,SF,WTA
Stosur,Samantha,Samantha Stosur,French Open,2010,SF,WTA
Schiavone,Francesca,Francesca Schiavone,French Open,2010,F,WTA
Stosur,Samantha,Samantha Stosur,French Open,2010,F,WTA
Schiavone,Francesca,Francesca Schiavone,French Open,2010,W,WTA
Djokovic,Novak,Novak Djokovic,US Open,2010,R16,ATP
Federer,Roger,Roger Federer,US Open,2010,R16,ATP
Ferrer,David,David Ferrer,US Open,2010,R16,ATP
Fish,Mardy,Mardy Fish,US Open,2010,R16,ATP
Gasquet,Richard,Richard Gasquet,US Open,2010,R16,ATP
Lopez,Feliciano,Feliciano Lopez,US Open,2010,R16,ATP
Melzer,Jurgen,Jurgen Melzer,US Open,2010,R16,ATP
Monfils,Gael,Gael Monfils,US Open,2010,R16,ATP
Montanes,Albert,Albert Montanes,US Open,2010,R16,ATP
Nadal,Rafael,Rafael Nadal,US Open,2010,R16,ATP
Querrey,Sam,Sam Querrey,US Open,2010,R16,ATP
Robredo,Tommy,Tommy Robredo,US Open,2010,R16,ATP
Soderling,Robin,Robin Soderling,US Open,2010,R16,ATP
Verdasco,Fernando,Fernando Verdasco,US Open,2010,R16,ATP
Wawrinka,Stan,Stan Wawrinka,US Open,2010,R16,ATP
Youzhny,Mikhail,Mikhail Youzhny,US Open,2010,R16,ATP
Djokovic,Novak,Novak Djokovic,US Open,2010,QF,ATP
Federer,Roger,Roger Federer,US Open,2010,QF,ATP
Monfils,Gael,Gael Monfils,US Open,2010,QF,ATP
Nadal,Rafael,Rafael Nadal,US Open,2010,QF,ATP
Soderling,Robin,Robin Soderling,US Open,2010,QF,ATP
Verdasco,Fernando,Fernando Verdasco,US Open,2010,QF,ATP
Wawrinka,Stan,Stan Wawrinka,US Open,2010,QF,ATP
Youzhny,Mikhail,Mikhail Youzhny,US Open,2010,QF,ATP
Djokovic,Novak,Novak Djokovic,US Open,2010,SF,ATP
Federer,Roger,Roger Federer,US Open,2010,SF,ATP
Nadal,Rafael,Rafael Nadal,US Open,2010,SF,ATP
Youzhny,Mikhail,Mikhail Youzhny,US Open,2010,SF,ATP
Djokovic,Novak,Novak Djokovic,US Open,2010,F,ATP
Nadal,Rafael,Rafael Nadal,US Open,2010,F,ATP
Nadal,Rafael,Rafael Nadal,US Open,2010,W,ATP
Cibulkova,Dominika,Dominika Cibulkova,US Open,2010,R16,WTA
Clijsters,Kim,Kim Clijsters,US Open,2010,R16,WTA
Dementieva,Elena,Elena Dementieva,US Open,2010,R16,WTA
Ivanovic,Ana,Ana Ivanovic,US Open,2010,R16,WTA
Kanepi,Kaia,Kaia Kanepi,US Open,2010,R16,WTA
Kuznetsova,Svetlana,Svetlana Kuznetsova,US Open,2010,R16,WTA
Pavlyuchenkova,Anastasia,Anastasia Pavlyuchenkova,US Open,2010,R16,WTA
Peer,Shahar,Shahar Peer,US Open,2010,R16,WTA
Petkovic,Andrea,Andrea Petkovic,US Open,2010,R16,WTA
Schiavone,Francesca,Francesca Schiavone,US Open,2010,R16,WTA
Sharapova,Maria,Maria Sharapova,US Open,2010,R16,WTA
Stosur,Samantha,Samantha Stosur,US Open,2010,R16,WTA
Wickmayer,Yanina,Yanina Wickmayer,US Open,2010,R16,WTA
Williams,Venus,Venus Williams,US Open,2010,R16,WTA
Wozniacki,Caroline,Caroline Wozniacki,US Open,2010,R16,WTA
Zvonareva,Vera,Vera Zvonareva,US Open,2010,R16,WTA
Cibulkova,Dominika,Dominika Cibulkova,US Open,2010,QF,WTA
Clijsters,Kim,Kim Clijsters,US Open,2010,QF,WTA
Kanepi,Kaia,Kaia Kanepi,US Open,2010,QF,WTA
Schiavone,Francesca,Francesca Schiavone,US Open,2010,QF,WTA
Stosur,Samantha,Samantha Stosur,US Open,2010,QF,WTA
Williams,Venus,Venus Williams,US Open,2010,QF,WTA
Wozniacki,Caroline,Caroline Wozniacki,US Open,2010,QF,WTA
Zvonareva,Vera,Vera Zvonareva,US Open,2010,QF,WTA
Clijsters,Kim,Kim Clijsters,US Open,2010,SF,WTA
Williams,Venus,Venus Williams,US Open,2010,SF,WTA
Wozniacki,Caroline,Caroline Wozniacki,US Open,2010,SF,WTA
Zvonareva,Vera,Vera Zvonareva,US Open,2010,SF,WTA
Clijsters,Kim,Kim Clijsters,US Open,2010,F,WTA
Zvonareva,Vera,Vera Zvonareva,US Open,2010,F,WTA
Clijsters,Kim,Kim Clijsters,US Open,2010,W,WTA
Benneteau,Julien,Julien Benneteau,Wimbledon,2010,R16,ATP
Berdych,Tomas,Tomas Berdych,Wimbledon,2010,R16,ATP
Brands,Daniel,Daniel Brands,Wimbledon,2010,R16,ATP
Djokovic,Novak,Novak Djokovic,Wimbledon,2010,R16,ATP
Federer,Roger,Roger Federer,Wimbledon,2010,R16,ATP
Ferrer,David,David Ferrer,Wimbledon,2010,R16,ATP
Henri Mathieu,Paul,Paul Henri Mathieu,Wimbledon,2010,R16,ATP
Hewitt,Lleyton,Lleyton Hewitt,Wimbledon,2010,R16,ATP
Hsun Lu,Yen,Yen Hsun Lu,Wimbledon,2010,R16,ATP
Melzer,Jurgen,Jurgen Melzer,Wimbledon,2010,R16,ATP
Murray,Andy,Andy Murray,Wimbledon,2010,R16,ATP
Nadal,Rafael,Rafael Nadal,Wimbledon,2010,R16,ATP
Querrey,Sam,Sam Querrey,Wimbledon,2010,R16,ATP
Roddick,Andy,Andy Roddick,Wimbledon,2010,R16,ATP
Soderling,Robin,Robin Soderling,Wimbledon,2010,R16,ATP
Tsonga,Jo-Wilfried,Jo-Wilfried Tsonga,Wimbledon,2010,R16,ATP
Berdych,Tomas,Tomas Berdych,Wimbledon,2010,QF,ATP
Djokovic,Novak,Novak Djokovic,Wimbledon,2010,QF,ATP
Federer,Roger,Roger Federer,Wimbledon,2010,QF,ATP
Hsun Lu,Yen,Yen Hsun Lu,Wimbledon,2010,QF,ATP
Murray,Andy,Andy Murray,Wimbledon,2010,QF,ATP
Nadal,Rafael,Rafael Nadal,Wimbledon,2010,QF,ATP
Soderling,Robin,Robin Soderling,Wimbledon,2010,QF,ATP
Tsonga,Jo-Wilfried,Jo-Wilfried Tsonga,Wimbledon,2010,QF,ATP
Berdych,Tomas,Tomas Berdych,Wimbledon,2010,SF,ATP
Djokovic,Novak,Novak Djokovic,Wimbledon,2010,SF,ATP
Murray,Andy,Andy Murray,Wimbledon,2010,SF,ATP
Nadal,Rafael,Rafael Nadal,Wimbledon,2010,SF,ATP
Berdych,Tomas,Tomas Berdych,Wimbledon,2010,F,ATP
Nadal,Rafael,Rafael Nadal,Wimbledon,2010,F,ATP
Nadal,Rafael,Rafael Nadal,Wimbledon,2010,W,ATP
Bartoli,Marion,Marion Bartoli,Wimbledon,2010,R16,WTA
Clijsters,Kim,Kim Clijsters,Wimbledon,2010,R16,WTA
Gajdosova,Jarmila,Jarmila Gajdosova,Wimbledon,2010,R16,WTA
Henin,Justine,Justine Henin,Wimbledon,2010,R16,WTA
Jankovic,Jelena,Jelena Jankovic,Wimbledon,2010,R16,WTA
Kanepi,Kaia,Kaia Kanepi,Wimbledon,2010,R16,WTA
Koukalova,Klara,Klara Koukalova,Wimbledon,2010,R16,WTA
Kvitova,Petra,Petra Kvitova,Wimbledon,2010,R16,WTA
Li,Na,Na Li,Wimbledon,2010,R16,WTA
Pironkova,Tsvetana,Tsvetana Pironkova,Wimbledon,2010,R16,WTA
Radwanska,Agnieszka,Agnieszka Radwanska,Wimbledon,2010,R16,WTA
Sharapova,Maria,Maria Sharapova,Wimbledon,2010,R16,WTA
Williams,Serena,Serena Williams,Wimbledon,2010,R16,WTA
Williams,Venus,Venus Williams,Wimbledon,2010,R16,WTA
Wozniacki,Caroline,Caroline Wozniacki,Wimbledon,2010,R16,WTA
Zvonareva,Vera,Vera Zvonareva,Wimbledon,2010,R16,WTA
Clijsters,Kim,Kim Clijsters,Wimbledon,2010,QF,WTA
Kanepi,Kaia,Kaia Kanepi,Wimbledon,2010,QF,WTA
Kvitova,Petra,Petra Kvitova,Wimbledon,2010,QF,WTA
Li,Na,Na Li,Wimbledon,2010,QF,WTA
Pironkova,Tsvetana,Tsvetana Pironkova,Wimbledon,2010,QF,WTA
Williams,Serena,Serena Williams,Wimbledon,2010,QF,WTA
Williams,Venus,Venus Williams,Wimbledon,2010,QF,WTA
Zvonareva,Vera,Vera Zvonareva,Wimbledon,2010,QF,WTA
Kvitova,Petra,Petra Kvitova,Wimbledon,2010,SF,WTA
Pironkova,Tsvetana,Tsvetana Pironkova,Wimbledon,2010,SF,WTA
Williams,Serena,Serena Williams,Wimbledon,2010,SF,WTA
Zvonareva,Vera,Vera Zvonareva,Wimbledon,2010,SF,WTA
Williams,Serena,Serena Williams,Wimbledon,2010,F,WTA
Zvonareva,Vera,Vera Zvonareva,Wimbledon,2010,F,WTA
Williams,Serena,Serena Williams,Wimbledon,2010,W,WTA
Almagro,Nicolas,Nicolas Almagro,Australian Open,2011,R16,ATP
Berdych,Tomas,Tomas Berdych,Australian Open,2011,R16,ATP
Cilic,Marin,Marin Cilic,Australian Open,2011,R16,ATP
Djokovic,Novak,Novak Djokovic,Australian Open,2011,R16,ATP
Dolgopolov,Alexandr,Alexandr Dolgopolov,Australian Open,2011,R16,ATP
Federer,Roger,Roger Federer,Australian Open,2011,R16,ATP
Ferrer,David,David Ferrer,Australian Open,2011,R16,ATP
Melzer,Jurgen,Jurgen Melzer,Australian Open,2011,R16,ATP
Murray,Andy,Andy Murray,Australian Open,2011,R16,ATP
Nadal,Rafael,Rafael Nadal,Australian Open,2011,R16,ATP
Raonic,Milos,Milos Raonic,Australian Open,2011,R16,ATP
Robredo,Tommy,Tommy Robredo,Australian Open,2011,R16,ATP
Roddick,Andy,Andy Roddick,Australian Open,2011,R16,ATP
Soderling,Robin,Robin Soderling,Australian Open,2011,R16,ATP
Verdasco,Fernando,Fernando Verdasco,Australian Open,2011,R16,ATP
Wawrinka,Stan,Stan Wawrinka,Australian Open,2011,R16,ATP
Berdych,Tomas,Tomas Berdych,Australian Open,2011,QF,ATP
Djokovic,Novak,Novak Djokovic,Australian Open,2011,QF,ATP
Dolgopolov,Alexandr,Alexandr Dolgopolov,Australian Open,2011,QF,ATP
Federer,Roger,Roger Federer,Australian Open,2011,QF,ATP
Ferrer,David,David Ferrer,Australian Open,2011,QF,ATP
Murray,Andy,Andy Murray,Australian Open,2011,QF,ATP
Nadal,Rafael,Rafael Nadal,Australian Open,2011,QF,ATP
Wawrinka,Stan,Stan Wawrinka,Australian Open,2011,QF,ATP
Djokovic,Novak,Novak Djokovic,Australian Open,2011,SF,ATP
Federer,Roger,Roger Federer,Australian Open,2011,SF,ATP
Ferrer,David,David Ferrer,Australian Open,2011,SF,ATP
Murray,Andy,Andy Murray,Australian Open,2011,SF,ATP
Djokovic,Novak,Novak Djokovic,Australian Open,2011,F,ATP
Murray,Andy,Andy Murray,Australian Open,2011,F,ATP
Djokovic,Novak,Novak Djokovic,Australian Open,2011,W,ATP
Azarenka,Victoria,Victoria Azarenka,Australian Open,2011,R16,WTA
Benesova,Iveta,Iveta Benesova,Australian Open,2011,R16,WTA
Clijsters,Kim,Kim Clijsters,Australian Open,2011,R16,WTA
Kuznetsova,Svetlana,Svetlana Kuznetsova,Australian Open,2011,R16,WTA
Kvitova,Petra,Petra Kvitova,Australian Open,2011,R16,WTA
Li,Na,Na Li,Australian Open,2011,R16,WTA
Makarova,Kate,Kate Makarova,Australian Open,2011,R16,WTA
Peng,Shuai,Shuai Peng,Australian Open,2011,R16,WTA
Pennetta,Flavia,Flavia Pennetta,Australian Open,2011,R16,WTA
Petkovic,Andrea,Andrea Petkovic,Australian Open,2011,R16,WTA
Radwanska,Agnieszka,Agnieszka Radwanska,Australian Open,2011,R16,WTA
Schiavone,Francesca,Francesca Schiavone,Australian Open,2011,R16,WTA
Sevastova,Anastasija,Anastasija Sevastova,Australian Open,2011,R16,WTA
Sharapova,Maria,Maria Sharapova,Australian Open,2011,R16,WTA
Wozniacki,Caroline,Caroline Wozniacki,Australian Open,2011,R16,WTA
Zvonareva,Vera,Vera Zvonareva,Australian Open,2011,R16,WTA
Clijsters,Kim,Kim Clijsters,Australian Open,2011,QF,WTA
Kvitova,Petra,Petra Kvitova,Australian Open,2011,QF,WTA
Li,Na,Na Li,Australian Open,2011,QF,WTA
Petkovic,Andrea,Andrea Petkovic,Australian Open,2011,QF,WTA
Radwanska,Agnieszka,Agnieszka Radwanska,Australian Open,2011,QF,WTA
Schiavone,Francesca,Francesca Schiavone,Australian Open,2011,QF,WTA
Wozniacki,Caroline,Caroline Wozniacki,Australian Open,2011,QF,WTA
Zvonareva,Vera,Vera Zvonareva,Australian Open,2011,QF,WTA
Clijsters,Kim,Kim Clijsters,Australian Open,2011,SF,WTA
Li,Na,Na Li,Australian Open,2011,SF,WTA
Wozniacki,Caroline,Caroline Wozniacki,Australian Open,2011,SF,WTA
Zvonareva,Vera,Vera Zvonareva,Australian Open,2011,SF,WTA
Clijsters,Kim,Kim Clijsters,Australian Open,2011,F,WTA
Li,Na,Na Li,Australian Open,2011,F,WTA
Clijsters,Kim,Kim Clijsters,Australian Open,2011,W,WTA
Djokovic,Novak,Novak Djokovic,French Open,2011,R16,ATP
Falla,Alejandro,Alejandro Falla,French Open,2011,R16,ATP
Federer,Roger,Roger Federer,French Open,2011,R16,ATP
Ferrer,David,David Ferrer,French Open,2011,R16,ATP
Fognini,Fabio,Fabio Fognini,French Open,2011,R16,ATP
Gasquet,Richard,Richard Gasquet,French Open,2011,R16,ATP
Ignacio Chela,Juan,Juan Ignacio Chela,French Open,2011,R16,ATP
Ljubicic,Ivan,Ivan Ljubicic,French Open,2011,R16,ATP
Monfils,Gael,Gael Monfils,French Open,2011,R16,ATP
Montanes,Albert,Albert Montanes,French Open,2011,R16,ATP
Murray,Andy,Andy Murray,French Open,2011,R16,ATP
Nadal,Rafael,Rafael Nadal,French Open,2011,R16,ATP
Simon,Gilles,Gilles Simon,French Open,2011,R16,ATP
Soderling,Robin,Robin Soderling,French Open,2011,R16,ATP
Troicki,Viktor,Viktor Troicki,French Open,2011,R16,ATP
Wawrinka,Stan,Stan Wawrinka,French Open,2011,R16,ATP
Djokovic,Novak,Novak Djokovic,French Open,2011,QF,ATP
Federer,Roger,Roger Federer,French Open,2011,QF,ATP
Fognini,Fabio,Fabio Fognini,French Open,2011,QF,ATP
Ignacio Chela,Juan,Juan Ignacio Chela,French Open,2011,QF,ATP
Monfils,Gael,Gael Monfils,French Open,2011,QF,ATP
Murray,Andy,Andy Murray,French Open,2011,QF,ATP
Nadal,Rafael,Rafael Nadal,French Open,2011,QF,ATP
Soderling,Robin,Robin Soderling,French Open,2011,QF,ATP
Djokovic,Novak,Novak Djokovic,French Open,2011,SF,ATP
Federer,Roger,Roger Federer,French Open,2011,SF,ATP
Murray,Andy,Andy Murray,French Open,2011,SF,ATP
Nadal,Rafael,Rafael Nadal,French Open,2011,SF,ATP
Federer,Roger,Roger Federer,French Open,2011,F,ATP
Nadal,Rafael,Rafael Nadal,French Open,2011,F,ATP
Nadal,Rafael,Rafael Nadal,French Open,2011,W,ATP
Azarenka,Victoria,Victoria Azarenka,French Open,2011,R16,WTA
Bartoli,Marion,Marion Bartoli,French Open,2011,R16,WTA
Dulko,Gisela,Gisela Dulko,French Open,2011,R16,WTA
Hantuchova,Daniela,Daniela Hantuchova,French Open,2011,R16,WTA
Jankovic,Jelena,Jelena Jankovic,French Open,2011,R16,WTA
Kirilenko,Maria,Maria Kirilenko,French Open,2011,R16,WTA
Kuznetsova,Svetlana,Svetlana Kuznetsova,French Open,2011,R16,WTA
Kvitova,Petra,Petra Kvitova,French Open,2011,R16,WTA
Li,Na,Na Li,French Open,2011,R16,WTA
Makarova,Kate,Kate Makarova,French Open,2011,R16,WTA
Pavlyuchenkova,Anastasia,Anastasia Pavlyuchenkova,French Open,2011,R16,WTA
Petkovic,Andrea,Andrea Petkovic,French Open,2011,R16,WTA
Radwanska,Agnieszka,Agnieszka Radwanska,French Open,2011,R16,WTA
Schiavone,Francesca,Francesca Schiavone,French Open,2011,R16,WTA
Sharapova,Maria,Maria Sharapova,French Open,2011,R16,WTA
Zvonareva,Vera,Vera Zvonareva,French Open,2011,R16,WTA
Azarenka,Victoria,Victoria Azarenka,French Open,2011,QF,WTA
Bartoli,Marion,Marion Bartoli,French Open,2011,QF,WTA
Kuznetsova,Svetlana,Svetlana Kuznetsova,French Open,2011,QF,WTA
Li,Na,Na Li,French Open,2011,QF,WTA
Pavlyuchenkova,Anastasia,Anastasia Pavlyuchenkova,French Open,2011,QF,WTA
Petkovic,Andrea,Andrea Petkovic,French Open,2011,QF,WTA
Schiavone,Francesca,Francesca Schiavone,French Open,2011,QF,WTA
Sharapova,Maria,Maria Sharapova,French Open,2011,QF,WTA
Bartoli,Marion,Marion Bartoli,French Open,2011,SF,WTA
Li,Na,Na Li,French Open,2011,SF,WTA
Schiavone,Francesca,Francesca Schiavone,French Open,2011,SF,WTA
Sharapova,Maria,Maria Sharapova,French Open,2011,SF,WTA
Li,Na,Na Li,French Open,2011,F,WTA
Schiavone,Francesca,Francesca Schiavone,French Open,2011,F,WTA
Li,Na,Na Li,French Open,2011,W,WTA
Carlos Ferrero,Juan,Juan Carlos Ferrero,US Open,2011,R16,ATP
Djokovic,Novak,Novak Djokovic,US Open,2011,R16,ATP
Dolgopolov,Alexandr,Alexandr Dolgopolov,US Open,2011,R16,ATP
Federer,Roger,Roger Federer,US Open,2011,R16,ATP
Ferrer,David,David Ferrer,US Open,2011,R16,ATP
Fish,Mardy,Mardy Fish,US Open,2011,R16,ATP
Isner,John,John Isner,US Open,2011,R16,ATP
Monaco,Juan,Juan Monaco,US Open,2011,R16,ATP
Muller,Gilles,Gilles Muller,US Open,2011,R16,ATP
Murray,Andy,Andy Murray,US Open,2011,R16,ATP
Nadal,Rafael,Rafael Nadal,US Open,2011,R16,ATP
Roddick,Andy,Andy Roddick,US Open,2011,R16,ATP
Simon,Gilles,Gilles Simon,US Open,2011,R16,ATP
Tipsarevic,Janko,Janko Tipsarevic,US Open,2011,R16,ATP
Tsonga,Jo-Wilfried,Jo-Wilfried Tsonga,US Open,2011,R16,ATP
Young,Donald,Donald Young,US Open,2011,R16,ATP
Djokovic,Novak,Novak Djokovic,US Open,2011,QF,ATP
Federer,Roger,Roger Federer,US Open,2011,QF,ATP
Isner,John,John Isner,US Open,2011,QF,ATP
Murray,Andy,Andy Murray,US Open,2011,QF,ATP
Nadal,Rafael,Rafael Nadal,US Open,2011,QF,ATP
Roddick,Andy,Andy Roddick,US Open,2011,QF,ATP
Tipsarevic,Janko,Janko Tipsarevic,US Open,2011,QF,ATP
Tsonga,Jo-Wilfried,Jo-Wilfried Tsonga,US Open,2011,QF,ATP
Djokovic,Novak,Novak Djokovic,US Open,2011,SF,ATP
Federer,Roger,Roger Federer,US Open,2011,SF,ATP
Murray,Andy,Andy Murray,US Open,2011,SF,ATP
Nadal,Rafael,Rafael Nadal,US Open,2011,SF,ATP
Djokovic,Novak,Novak Djokovic,US Open,2011,F,ATP
Nadal,Rafael,Rafael Nadal,US Open,2011,F,ATP
Djokovic,Novak,Novak Djokovic,US Open,2011,W,ATP
Ivanovic,Ana,Ana Ivanovic,US Open,2011,R16,WTA
Kerber,Angelique,Angelique Kerber,US Open,2011,R16,WTA
Kirilenko,Maria,Maria Kirilenko,US Open,2011,R16,WTA
Kuznetsova,Svetlana,Svetlana Kuznetsova,US Open,2011,R16,WTA
Lisicki,Sabine,Sabine Lisicki,US Open,2011,R16,WTA
Niculescu,Monica,Monica Niculescu,US Open,2011,R16,WTA
Pavlyuchenkova,Anastasia,Anastasia Pavlyuchenkova,US Open,2011,R16,WTA
Peng,Shuai,Shuai Peng,US Open,2011,R16,WTA
Pennetta,Flavia,Flavia Pennetta,US Open,2011,R16,WTA
Petkovic,Andrea,Andrea Petkovic,US Open,2011,R16,WTA
Schiavone,Francesca,Francesca Schiavone,US Open,2011,R16,WTA
Stosur,Samantha,Samantha Stosur,US Open,2011,R16,WTA
Suarez Navarro,Carla,Carla Suarez Navarro,US Open,2011,R16,WTA
Williams,Serena,Serena Williams,US Open,2011,R16,WTA
Wozniacki,Caroline,Caroline Wozniacki,US Open,2011,R16,WTA
Zvonareva,Vera,Vera Zvonareva,US Open,2011,R16,WTA
Kerber,Angelique,Angelique Kerber,US Open,2011,QF,WTA
Pavlyuchenkova,Anastasia,Anastasia Pavlyuchenkova,US Open,2011,QF,WTA
Pennetta,Flavia,Flavia Pennetta,US Open,2011,QF,WTA
Petkovic,Andrea,Andrea Petkovic,US Open,2011,QF,WTA
Stosur,Samantha,Samantha Stosur,US Open,2011,QF,WTA
Williams,Serena,Serena Williams,US Open,2011,QF,WTA
Wozniacki,Caroline,Caroline Wozniacki,US Open,2011,QF,WTA
Zvonareva,Vera,Vera Zvonareva,US Open,2011,QF,WTA
Kerber,Angelique,Angelique Kerber,US Open,2011,SF,WTA
Stosur,Samantha,Samantha Stosur,US Open,2011,SF,WTA
Williams,Serena,Serena Williams,US Open,2011,SF,WTA
Wozniacki,Caroline,Caroline Wozniacki,US Open,2011,SF,WTA
Stosur,Samantha,Samantha Stosur,US Open,2011,F,WTA
Williams,Serena,Serena Williams,US Open,2011,F,WTA
Stosur,Samantha,Samantha Stosur,US Open,2011,W,WTA
Berdych,Tomas,Tomas Berdych,Wimbledon,2011,R16,ATP
Djokovic,Novak,Novak Djokovic,Wimbledon,2011,R16,ATP
Federer,Roger,Roger Federer,Wimbledon,2011,R16,ATP
Ferrer,David,David Ferrer,Wimbledon,2011,R16,ATP
Fish,Mardy,Mardy Fish,Wimbledon,2011,R16,ATP
Gasquet,Richard,Richard Gasquet,Wimbledon,2011,R16,ATP
Kubot,Lukasz,Lukasz Kubot,Wimbledon,2011,R16,ATP
Llodra,Michael,Michael Llodra,Wimbledon,2011,R16,ATP
Lopez,Feliciano,Feliciano Lopez,Wimbledon,2011,R16,ATP
Malisse,Xavier,Xavier Malisse,Wimbledon,2011,R16,ATP
Martin del Potro,Juan,Juan Martin del Potro,Wimbledon,2011,R16,ATP
Murray,Andy,Andy Murray,Wimbledon,2011,R16,ATP
Nadal,Rafael,Rafael Nadal,Wimbledon,2011,R16,ATP
Tomic,Bernard,Bernard Tomic,Wimbledon,2011,R16,ATP
Tsonga,Jo-Wilfried,Jo-Wilfried Tsonga,Wimbledon,2011,R16,ATP
Youzhny,Mikhail,Mikhail Youzhny,Wimbledon,2011,R16,ATP
Djokovic,Novak,Novak Djokovic,Wimbledon,2011,QF,ATP
Federer,Roger,Roger Federer,Wimbledon,2011,QF,ATP
Fish,Mardy,Mardy Fish,Wimbledon,2011,QF,ATP
Lopez,Feliciano,Feliciano Lopez,Wimbledon,2011,QF,ATP
Murray,Andy,Andy Murray,Wimbledon,2011,QF,ATP
Nadal,Rafael,Rafael Nadal,Wimbledon,2011,QF,ATP
Tomic,Bernard,Bernard Tomic,Wimbledon,2011,QF,ATP
Tsonga,Jo-Wilfried,Jo-Wilfried Tsonga,Wimbledon,2011,QF,ATP
Djokovic,Novak,Novak Djokovic,Wimbledon,2011,SF,ATP
Murray,Andy,Andy Murray,Wimbledon,2011,SF,ATP
Nadal,Rafael,Rafael Nadal,Wimbledon,2011,SF,ATP
Tsonga,Jo-Wilfried,Jo-Wilfried Tsonga,Wimbledon,2011,SF,ATP
Djokovic,Novak,Novak Djokovic,Wimbledon,2011,F,ATP
Nadal,Rafael,Rafael Nadal,Wimbledon,2011,F,ATP
Djokovic,Novak,Novak Djokovic,Wimbledon,2011,W,ATP
Azarenka,Victoria,Victoria Azarenka,Wimbledon,2011,R16,WTA
Bartoli,Marion,Marion Bartoli,Wimbledon,2011,R16,WTA
Cetkovska,Petra,Petra Cetkovska,Wimbledon,2011,R16,WTA
Cibulkova,Dominika,Dominika Cibulkova,Wimbledon,2011,R16,WTA
Kvitova,Petra,Petra Kvitova,Wimbledon,2011,R16,WTA
Lisicki,Sabine,Sabine Lisicki,Wimbledon,2011,R16,WTA
Paszek,Tamira,Tamira Paszek,Wimbledon,2011,R16,WTA
Peng,Shuai,Shuai Peng,Wimbledon,2011,R16,WTA
Pervak,Ksenia,Ksenia Pervak,Wimbledon,2011,R16,WTA
Petrova,Nadia,Nadia Petrova,Wimbledon,2011,R16,WTA
Pironkova,Tsvetana,Tsvetana Pironkova,Wimbledon,2011,R16,WTA
Sharapova,Maria,Maria Sharapova,Wimbledon,2011,R16,WTA
Wickmayer,Yanina,Yanina Wickmayer,Wimbledon,2011,R16,WTA
Williams,Serena,Serena Williams,Wimbledon,2011,R16,WTA
Williams,Venus,Venus Williams,Wimbledon,2011,R16,WTA
Wozniacki,Caroline,Caroline Wozniacki,Wimbledon,2011,R16,WTA
Azarenka,Victoria,Victoria Azarenka,Wimbledon,2011,QF,WTA
Bartoli,Marion,Marion Bartoli,Wimbledon,2011,QF,WTA
Cibulkova,Dominika,Dominika Cibulkova,Wimbledon,2011,QF,WTA
Kvitova,Petra,Petra Kvitova,Wimbledon,2011,QF,WTA
Lisicki,Sabine,Sabine Lisicki,Wimbledon,2011,QF,WTA
Paszek,Tamira,Tamira Paszek,Wimbledon,2011,QF,WTA
Pironkova,Tsvetana,Tsvetana Pironkova,Wimbledon,2011,QF,WTA
Sharapova,Maria,Maria Sharapova,Wimbledon,2011,QF,WTA
Azarenka,Victoria,Victoria Azarenka,Wimbledon,2011,SF,WTA
Kvitova,Petra,Petra Kvitova,Wimbledon,2011,SF,WTA
Lisicki,Sabine,Sabine Lisicki,Wimbledon,2011,SF,WTA
Sharapova,Maria,Maria Sharapova,Wimbledon,2011,SF,WTA
Kvitova,Petra,Petra Kvitova,Wimbledon,2011,F,WTA
Sharapova,Maria,Maria Sharapova,Wimbledon,2011,F,WTA
Kvitova,Petra,Petra Kvitova,Wimbledon,2011,W,WTA
Almagro,Nicolas,Nicolas Almagro,Australian Open,2012,R16,ATP
Berdych,Tomas,Tomas Berdych,Australian Open,2012,R16,ATP
Djokovic,Novak,Novak Djokovic,Australian Open,2012,R16,ATP
Federer,Roger,Roger Federer,Australian Open,2012,R16,ATP
Ferrer,David,David Ferrer,Australian Open,2012,R16,ATP
Gasquet,Richard,Richard Gasquet,Australian Open,2012,R16,ATP
Hewitt,Lleyton,Lleyton Hewitt,Australian Open,2012,R16,ATP
Kohlschreiber,Philipp,Philipp Kohlschreiber,Australian Open,2012,R16,ATP
Kukushkin,Mikhail,Mikhail Kukushkin,Australian Open,2012,R16,ATP
Lopez,Feliciano,Feliciano Lopez,Australian Open,2012,R16,ATP
Martin del Potro,Juan,Juan Martin del Potro,Australian Open,2012,R16,ATP
Murray,Andy,Andy Murray,Australian Open,2012,R16,ATP
Nadal,Rafael,Rafael Nadal,Australian Open,2012,R16,ATP
Nishikori,Kei,Kei Nishikori,Australian Open,2012,R16,ATP
Tomic,Bernard,Bernard Tomic,Australian Open,2012,R16,ATP
Tsonga,Jo-Wilfried,Jo-Wilfried Tsonga,Australian Open,2012,R16,ATP
Berdych,Tomas,Tomas Berdych,Australian Open,2012,QF,ATP
Djokovic,Novak,Novak Djokovic,Australian Open,2012,QF,ATP
Federer,Roger,Roger Federer,Australian Open,2012,QF,ATP
Ferrer,David,David Ferrer,Australian Open,2012,QF,ATP
Martin del Potro,Juan,Juan Martin del Potro,Australian Open,2012,QF,ATP
Murray,Andy,Andy Murray,Australian Open,2012,QF,ATP
Nadal,Rafael,Rafael Nadal,Australian Open,2012,QF,ATP
Nishikori,Kei,Kei Nishikori,Australian Open,2012,QF,ATP
Djokovic,Novak,Novak Djokovic,Australian Open,2012,SF,ATP
Federer,Roger,Roger Federer,Australian Open,2012,SF,ATP
Murray,Andy,Andy Murray,Australian Open,2012,SF,ATP
Nadal,Rafael,Rafael Nadal,Australian Open,2012,SF,ATP
Djokovic,Novak,Novak Djokovic,Australian Open,2012,F,ATP
Nadal,Rafael,Rafael Nadal,Australian Open,2012,F,ATP
Djokovic,Novak,Novak Djokovic,Australian Open,2012,W,ATP
Azarenka,Victoria,Victoria Azarenka,Australian Open,2012,R16,WTA
Benesova,Iveta,Iveta Benesova,Australian Open,2012,R16,WTA
Clijsters,Kim,Kim Clijsters,Australian Open,2012,R16,WTA
Errani,Sara,Sara Errani,Australian Open,2012,R16,WTA
Goerges,Julia,Julia Goerges,Australian Open,2012,R16,WTA
Ivanovic,Ana,Ana Ivanovic,Australian Open,2012,R16,WTA
Jankovic,Jelena,Jelena Jankovic,Australian Open,2012,R16,WTA
Kvitova,Petra,Petra Kvitova,Australian Open,2012,R16,WTA
Li,Na,Na Li,Australian Open,2012,R16,WTA
Lisicki,Sabine,Sabine Lisicki,Australian Open,2012,R16,WTA
Makarova,Kate,Kate Makarova,Australian Open,2012,R16,WTA
Radwanska,Agnieszka,Agnieszka Radwanska,Australian Open,2012,R16,WTA
Sharapova,Maria,Maria Sharapova,Australian Open,2012,R16,WTA
Williams,Serena,Serena Williams,Australian Open,2012,R16,WTA
Wozniacki,Caroline,Caroline Wozniacki,Australian Open,2012,R16,WTA
Zheng,Jie,Jie Zheng,Australian Open,2012,R16,WTA
Azarenka,Victoria,Victoria Azarenka,Australian Open,2012,QF,WTA
Clijsters,Kim,Kim Clijsters,Australian Open,2012,QF,WTA
Errani,Sara,Sara Errani,Australian Open,2012,QF,WTA
Kvitova,Petra,Petra Kvitova,Australian Open,2012,QF,WTA
Makarova,Kate,Kate Makarova,Australian Open,2012,QF,WTA
Radwanska,Agnieszka,Agnieszka Radwanska,Australian Open,2012,QF,WTA
Sharapova,Maria,Maria Sharapova,Australian Open,2012,QF,WTA
Wozniacki,Caroline,Caroline Wozniacki,Australian Open,2012,QF,WTA
Azarenka,Victoria,Victoria Azarenka,Australian Open,2012,SF,WTA
Clijsters,Kim,Kim Clijsters,Australian Open,2012,SF,WTA
Kvitova,Petra,Petra Kvitova,Australian Open,2012,SF,WTA
Sharapova,Maria,Maria Sharapova,Australian Open,2012,SF,WTA
Azarenka,Victoria,Victoria Azarenka,Australian Open,2012,F,WTA
Sharapova,Maria,Maria Sharapova,Australian Open,2012,F,WTA
Azarenka,Victoria,Victoria Azarenka,Australian Open,2012,W,WTA
Almagro,Nicolas,Nicolas Almagro,French Open,2012,R16,ATP
Berdych,Tomas,Tomas Berdych,French Open,2012,R16,ATP
Djokovic,Novak,Novak Djokovic,French Open,2012,R16,ATP
Federer,Roger,Roger Federer,French Open,2012,R16,ATP
Ferrer,David,David Ferrer,French Open,2012,R16,ATP
Gasquet,Richard,Richard Gasquet,French Open,2012,R16,ATP
Goffin,David,David Goffin,French Open,2012,R16,ATP
Granollers,Marcel,Marcel Granollers,French Open,2012,R16,ATP
Martin del Potro,Juan,Juan Martin del Potro,French Open,2012,R16,ATP
Monaco,Juan,Juan Monaco,French Open,2012,R16,ATP
Murray,Andy,Andy Murray,French Open,2012,R16,ATP
Nadal,Rafael,Rafael Nadal,French Open,2012,R16,ATP
Seppi,Andreas,Andreas Seppi,French Open,2012,R16,ATP
Tipsarevic,Janko,Janko Tipsarevic,French Open,2012,R16,ATP
Tsonga,Jo-Wilfried,Jo-Wilfried Tsonga,French Open,2012,R16,ATP
Wawrinka,Stan,Stan Wawrinka,French Open,2012,R16,ATP
Almagro,Nicolas,Nicolas Almagro,French Open,2012,QF,ATP
Djokovic,Novak,Novak Djokovic,French Open,2012,QF,ATP
Federer,Roger,Roger Federer,French Open,2012,QF,ATP
Ferrer,David,David Ferrer,French Open,2012,QF,ATP
Martin del Potro,Juan,Juan Martin del Potro,French Open,2012,QF,ATP
Murray,Andy,Andy Murray,French Open,2012,QF,ATP
Nadal,Rafael,Rafael Nadal,French Open,2012,QF,ATP
Tsonga,Jo-Wilfried,Jo-Wilfried Tsonga,French Open,2012,QF,ATP
Djokovic,Novak,Novak Djokovic,French Open,2012,SF,ATP
Federer,Roger,Roger Federer,French Open,2012,SF,ATP
Ferrer,David,David Ferrer,French Open,2012,SF,ATP
Nadal,Rafael,Rafael Nadal,French Open,2012,SF,ATP
Djokovic,Novak,Novak Djokovic,French Open,2012,F,ATP
Nadal,Rafael,Rafael Nadal,French Open,2012,F,ATP
Nadal,Rafael,Rafael Nadal,French Open,2012,W,ATP
Azarenka,Victoria,Victoria Azarenka,French Open,2012,R16,WTA
Cibulkova,Dominika,Dominika Cibulkova,French Open,2012,R16,WTA
Errani,Sara,Sara Errani,French Open,2012,R16,WTA
Kanepi,Kaia,Kaia Kanepi,French Open,2012,R16,WTA
Kerber,Angelique,Angelique Kerber,French Open,2012,R16,WTA
Koukalova,Klara,Klara Koukalova,French Open,2012,R16,WTA
Kuznetsova,Svetlana,Svetlana Kuznetsova,French Open,2012,R16,WTA
Kvitova,Petra,Petra Kvitova,French Open,2012,R16,WTA
Lepchenko,Varvara,Varvara Lepchenko,French Open,2012,R16,WTA
Li,Na,Na Li,French Open,2012,R16,WTA
Martic,Petra,Petra Martic,French Open,2012,R16,WTA
Rus,Arantxa,Arantxa Rus,French Open,2012,R16,WTA
Sharapova,Maria,Maria Sharapova,French Open,2012,R16,WTA
Shvedova,Yaroslava,Yaroslava Shvedova,French Open,2012,R16,WTA
Stephens,Sloane,Sloane Stephens,French Open,2012,R16,WTA
Stosur,Samantha,Samantha Stosur,French Open,2012,R16,WTA
Cibulkova,Dominika,Dominika Cibulkova,French Open,2012,QF,WTA
Errani,Sara,Sara Errani,French Open,2012,QF,WTA
Kanepi,Kaia,Kaia Kanepi,French Open,2012,QF,WTA
Kerber,Angelique,Angelique Kerber,French Open,2012,QF,WTA
Kvitova,Petra,Petra Kvitova,French Open,2012,QF,WTA
Sharapova,Maria,Maria Sharapova,French Open,2012,QF,WTA
Shvedova,Yaroslava,Yaroslava Shvedova,French Open,2012,QF,WTA
Stosur,Samantha,Samantha Stosur,French Open,2012,QF,WTA
Errani,Sara,Sara Errani,French Open,2012,SF,WTA
Kvitova,Petra,Petra Kvitova,French Open,2012,SF,WTA
Sharapova,Maria,Maria Sharapova,French Open,2012,SF,WTA
Stosur,Samantha,Samantha Stosur,French Open,2012,SF,WTA
Errani,Sara,Sara Errani,French Open,2012,F,WTA
Sharapova,Maria,Maria Sharapova,French Open,2012,F,WTA
Sharapova,Maria,Maria Sharapova,French Open,2012,W,WTA
Almagro,Nicolas,Nicolas Almagro,US Open,2012,R16,ATP
Berdych,Tomas,Tomas Berdych,US Open,2012,R16,ATP
Cilic,Marin,Marin Cilic,US Open,2012,R16,ATP
Djokovic,Novak,Novak Djokovic,US Open,2012,R16,ATP
Federer,Roger,Roger Federer,US Open,2012,R16,ATP
Ferrer,David,David Ferrer,US Open,2012,R16,ATP
Fish,Mardy,Mardy Fish,US Open,2012,R16,ATP
Gasquet,Richard,Richard Gasquet,US Open,2012,R16,ATP
Klizan,Martin,Martin Klizan,US Open,2012,R16,ATP
Kohlschreiber,Philipp,Philipp Kohlschreiber,US Open,2012,R16,ATP
Martin del Potro,Juan,Juan Martin del Potro,US Open,2012,R16,ATP
Murray,Andy,Andy Murray,US Open,2012,R16,ATP
Raonic,Milos,Milos Raonic,US Open,2012,R16,ATP
Roddick,Andy,Andy Roddick,US Open,2012,R16,ATP
Tipsarevic,Janko,Janko Tipsarevic,US Open,2012,R16,ATP
Wawrinka,Stan,Stan Wawrinka,US Open,2012,R16,ATP
Berdych,Tomas,Tomas Berdych,US Open,2012,QF,ATP
Cilic,Marin,Marin Cilic,US Open,2012,QF,ATP
Djokovic,Novak,Novak Djokovic,US Open,2012,QF,ATP
Federer,Roger,Roger Federer,US Open,2012,QF,ATP
Ferrer,David,David Ferrer,US Open,2012,QF,ATP
Martin del Potro,Juan,Juan Martin del Potro,US Open,2012,QF,ATP
Murray,Andy,Andy Murray,US Open,2012,QF,ATP
Tipsarevic,Janko,Janko Tipsarevic,US Open,2012,QF,ATP
Berdych,Tomas,Tomas Berdych,US Open,2012,SF,ATP
Djokovic,Novak,Novak Djokovic,US Open,2012,SF,ATP
Ferrer,David,David Ferrer,US Open,2012,SF,ATP
Murray,Andy,Andy Murray,US Open,2012,SF,ATP
Djokovic,Novak,Novak Djokovic,US Open,2012,F,ATP
Murray,Andy,Andy Murray,US Open,2012,F,ATP
Murray,Andy,Andy Murray,US Open,2012,W,ATP
Azarenka,Victoria,Victoria Azarenka,US Open,2012,R16,WTA
Bartoli,Marion,Marion Bartoli,US Open,2012,R16,WTA
Errani,Sara,Sara Errani,US Open,2012,R16,WTA
Hlavackova,Andrea,Andrea Hlavackova,US Open,2012,R16,WTA
Ivanovic,Ana,Ana Ivanovic,US Open,2012,R16,WTA
Kerber,Angelique,Angelique Kerber,US Open,2012,R16,WTA
Kvitova,Petra,Petra Kvitova,US Open,2012,R16,WTA
Petrova,Nadia,Nadia Petrova,US Open,2012,R16,WTA
Pironkova,Tsvetana,Tsvetana Pironkova,US Open,2012,R16,WTA
Radwanska,Agnieszka,Agnieszka Radwanska,US Open,2012,R16,WTA
Robson,Laura,Laura Robson,US Open,2012,R16,WTA
Sharapova,Maria,Maria Sharapova,US Open,2012,R16,WTA
Stosur,Samantha,Samantha Stosur,US Open,2012,R16,WTA
Tatishvili,Anna,Anna Tatishvili,US Open,2012,R16,WTA
Vinci,Roberta,Roberta Vinci,US Open,2012,R16,WTA
Williams,Serena,Serena Williams,US Open,2012,R16,WTA
Azarenka,Victoria,Victoria Azarenka,US Open,2012,QF,WTA
Bartoli,Marion,Marion Bartoli,US Open,2012,QF,WTA
Errani,Sara,Sara Errani,US Open,2012,QF,WTA
Ivanovic,Ana,Ana Ivanovic,US Open,2012,QF,WTA
Sharapova,Maria,Maria Sharapova,US Open,2012,QF,WTA
Stosur,Samantha,Samantha Stosur,US Open,2012,QF,WTA
Vinci,Roberta,Roberta Vinci,US Open,2012,QF,WTA
Williams,Serena,Serena Williams,US Open,2012,QF,WTA
Azarenka,Victoria,Victoria Azarenka,US Open,2012,SF,WTA
Errani,Sara,Sara Errani,US Open,2012,SF,WTA
Sharapova,Maria,Maria Sharapova,US Open,2012,SF,WTA
Williams,Serena,Serena Williams,US Open,2012,SF,WTA
Azarenka,Victoria,Victoria Azarenka,US Open,2012,F,WTA
Williams,Serena,Serena Williams,US Open,2012,F,WTA
Williams,Serena,Serena Williams,US Open,2012,W,WTA
Baker,Brian,Brian Baker,Wimbledon,2012,R16,ATP
Cilic,Marin,Marin Cilic,Wimbledon,2012,R16,ATP
Djokovic,Novak,Novak Djokovic,Wimbledon,2012,R16,ATP
Federer,Roger,Roger Federer,Wimbledon,2012,R16,ATP
Ferrer,David,David Ferrer,Wimbledon,2012,R16,ATP
Fish,Mardy,Mardy Fish,Wimbledon,2012,R16,ATP
Gasquet,Richard,Richard Gasquet,Wimbledon,2012,R16,ATP
Istomin,Denis,Denis Istomin,Wimbledon,2012,R16,ATP
Kohlschreiber,Philipp,Philipp Kohlschreiber,Wimbledon,2012,R16,ATP
Malisse,Xavier,Xavier Malisse,Wimbledon,2012,R16,ATP
Martin del Potro,Juan,Juan Martin del Potro,Wimbledon,2012,R16,ATP
Mayer,Florian,Florian Mayer,Wimbledon,2012,R16,ATP
Murray,Andy,Andy Murray,Wimbledon,2012,R16,ATP
Troicki,Viktor,Viktor Troicki,Wimbledon,2012,R16,ATP
Tsonga,Jo-Wilfried,Jo-Wilfried Tsonga,Wimbledon,2012,R16,ATP
Youzhny,Mikhail,Mikhail Youzhny,Wimbledon,2012,R16,ATP
Djokovic,Novak,Novak Djokovic,Wimbledon,2012,QF,ATP
Federer,Roger,Roger Federer,Wimbledon,2012,QF,ATP
Ferrer,David,David Ferrer,Wimbledon,2012,QF,ATP
Kohlschreiber,Philipp,Philipp Kohlschreiber,Wimbledon,2012,QF,ATP
Mayer,Florian,Florian Mayer,Wimbledon,2012,QF,ATP
Murray,Andy,Andy Murray,Wimbledon,2012,QF,ATP
Tsonga,Jo-Wilfried,Jo-Wilfried Tsonga,Wimbledon,2012,QF,ATP
Youzhny,Mikhail,Mikhail Youzhny,Wimbledon,2012,QF,ATP
Djokovic,Novak,Novak Djokovic,Wimbledon,2012,SF,ATP
Federer,Roger,Roger Federer,Wimbledon,2012,SF,ATP
Murray,Andy,Andy Murray,Wimbledon,2012,SF,ATP
Tsonga,Jo-Wilfried,Jo-Wilfried Tsonga,Wimbledon,2012,SF,ATP
Federer,Roger,Roger Federer,Wimbledon,2012,F,ATP
Murray,Andy,Andy Murray,Wimbledon,2012,F,ATP
Federer,Roger,Roger Federer,Wimbledon,2012,W,ATP
Azarenka,Victoria,Victoria Azarenka,Wimbledon,2012,R16,WTA
Clijsters,Kim,Kim Clijsters,Wimbledon,2012,R16,WTA
Giorgi,Camila,Camila Giorgi,Wimbledon,2012,R16,WTA
Ivanovic,Ana,Ana Ivanovic,Wimbledon,2012,R16,WTA
Kerber,Angelique,Angelique Kerber,Wimbledon,2012,R16,WTA
Kirilenko,Maria,Maria Kirilenko,Wimbledon,2012,R16,WTA
Kvitova,Petra,Petra Kvitova,Wimbledon,2012,R16,WTA
Lisicki,Sabine,Sabine Lisicki,Wimbledon,2012,R16,WTA
Paszek,Tamira,Tamira Paszek,Wimbledon,2012,R16,WTA
Peng,Shuai,Shuai Peng,Wimbledon,2012,R16,WTA
Radwanska,Agnieszka,Agnieszka Radwanska,Wimbledon,2012,R16,WTA
Schiavone,Francesca,Francesca Schiavone,Wimbledon,2012,R16,WTA
Sharapova,Maria,Maria Sharapova,Wimbledon,2012,R16,WTA
Shvedova,Yaroslava,Yaroslava Shvedova,Wimbledon,2012,R16,WTA
Vinci,Roberta,Roberta Vinci,Wimbledon,2012,R16,WTA
Williams,Serena,Serena Williams,Wimbledon,2012,R16,WTA
Azarenka,Victoria,Victoria Azarenka,Wimbledon,2012,QF,WTA
Kerber,Angelique,Angelique Kerber,Wimbledon,2012,QF,WTA
Kirilenko,Maria,Maria Kirilenko,Wimbledon,2012,QF,WTA
Kvitova,Petra,Petra Kvitova,Wimbledon,2012,QF,WTA
Lisicki,Sabine,Sabine Lisicki,Wimbledon,2012,QF,WTA
Paszek,Tamira,Tamira Paszek,Wimbledon,2012,QF,WTA
Radwanska,Agnieszka,Agnieszka Radwanska,Wimbledon,2012,QF,WTA
Williams,Serena,Serena Williams,Wimbledon,2012,QF,WTA
Azarenka,Victoria,Victoria Azarenka,Wimbledon,2012,SF,WTA
Kerber,Angelique,Angelique Kerber,Wimbledon,2012,SF,WTA
Radwanska,Agnieszka,Agnieszka Radwanska,Wimbledon,2012,SF,WTA
Williams,Serena,Serena Williams,Wimbledon,2012,SF,WTA
Radwanska,Agnieszka,Agnieszka Radwanska,Wimbledon,2012,F,WTA
Williams,Serena,Serena Williams,Wimbledon,2012,F,WTA
Williams,Serena,Serena Williams,Wimbledon,2012,W,WTA
Almagro,Nicolas,Nicolas Almagro,Australian Open,2013,R16,ATP
Anderson,Kevin,Kevin Anderson,Australian Open,2013,R16,ATP
Berdych,Tomas,Tomas Berdych,Australian Open,2013,R16,ATP
Chardy,Jeremy,Jeremy Chardy,Australian Open,2013,R16,ATP
Djokovic,Novak,Novak Djokovic,Australian Open,2013,R16,ATP
Federer,Roger,Roger Federer,Australian Open,2013,R16,ATP
Ferrer,David,David Ferrer,Australian Open,2013,R16,ATP
Gasquet,Richard,Richard Gasquet,Australian Open,2013,R16,ATP
Murray,Andy,Andy Murray,Australian Open,2013,R16,ATP
Nishikori,Kei,Kei Nishikori,Australian Open,2013,R16,ATP
Raonic,Milos,Milos Raonic,Australian Open,2013,R16,ATP
Seppi,Andreas,Andreas Seppi,Australian Open,2013,R16,ATP
Simon,Gilles,Gilles Simon,Australian Open,2013,R16,ATP
Tipsarevic,Janko,Janko Tipsarevic,Australian Open,2013,R16,ATP
Tsonga,Jo-Wilfried,Jo-Wilfried Tsonga,Australian Open,2013,R16,ATP
Wawrinka,Stan,Stan Wawrinka,Australian Open,2013,R16,ATP
Almagro,Nicolas,Nicolas Almagro,Australian Open,2013,QF,ATP
Berdych,Tomas,Tomas Berdych,Australian Open,2013,QF,ATP
Chardy,Jeremy,Jeremy Chardy,Australian Open,2013,QF,ATP
Djokovic,Novak,Novak Djokovic,Australian Open,2013,QF,ATP
Federer,Roger,Roger Federer,Australian Open,2013,QF,ATP
Ferrer,David,David Ferrer,Australian Open,2013,QF,ATP
Murray,Andy,Andy Murray,Australian Open,2013,QF,ATP
Tsonga,Jo-Wilfried,Jo-Wilfried Tsonga,Australian Open,2013,QF,ATP
Djokovic,Novak,Novak Djokovic,Australian Open,2013,SF,ATP
Federer,Roger,Roger Federer,Australian Open,2013,SF,ATP
Ferrer,David,David Ferrer,Australian Open,2013,SF,ATP
Murray,Andy,Andy Murray,Australian Open,2013,SF,ATP
Djokovic,Novak,Novak Djokovic,Australian Open,2013,F,ATP
Murray,Andy,Andy Murray,Australian Open,2013,F,ATP
Djokovic,Novak,Novak Djokovic,Australian Open,2013,W,ATP
Azarenka,Victoria,Victoria Azarenka,Australian Open,2013,R16,WTA
Flipkens,Kirsten,Kirsten Flipkens,Australian Open,2013,R16,WTA
Goerges,Julia,Julia Goerges,Australian Open,2013,R16,WTA
Ivanovic,Ana,Ana Ivanovic,Australian Open,2013,R16,WTA
Jovanovski,Bojana,Bojana Jovanovski,Australian Open,2013,R16,WTA
Kerber,Angelique,Angelique Kerber,Australian Open,2013,R16,WTA
Kirilenko,Maria,Maria Kirilenko,Australian Open,2013,R16,WTA
Kuznetsova,Svetlana,Svetlana Kuznetsova,Australian Open,2013,R16,WTA
Li,Na,Na Li,Australian Open,2013,R16,WTA
Makarova,Kate,Kate Makarova,Australian Open,2013,R16,WTA
Radwanska,Agnieszka,Agnieszka Radwanska,Australian Open,2013,R16,WTA
Sharapova,Maria,Maria Sharapova,Australian Open,2013,R16,WTA
Stephens,Sloane,Sloane Stephens,Australian Open,2013,R16,WTA
Vesnina,Elena,Elena Vesnina,Australian Open,2013,R16,WTA
Williams,Serena,Serena Williams,Australian Open,2013,R16,WTA
Wozniacki,Caroline,Caroline Wozniacki,Australian Open,2013,R16,WTA
Azarenka,Victoria,Victoria Azarenka,Australian Open,2013,QF,WTA
Kuznetsova,Svetlana,Svetlana Kuznetsova,Australian Open,2013,QF,WTA
Li,Na,Na Li,Australian Open,2013,QF,WTA
Makarova,Kate,Kate Makarova,Australian Open,2013,QF,WTA
Radwanska,Agnieszka,Agnieszka Radwanska,Australian Open,2013,QF,WTA
Sharapova,Maria,Maria Sharapova,Australian Open,2013,QF,WTA
Stephens,Sloane,Sloane Stephens,Australian Open,2013,QF,WTA
Williams,Serena,Serena Williams,Australian Open,2013,QF,WTA
Azarenka,Victoria,Victoria Azarenka,Australian Open,2013,SF,WTA
Li,Na,Na Li,Australian Open,2013,SF,WTA
Sharapova,Maria,Maria Sharapova,Australian Open,2013,SF,WTA
Stephens,Sloane,Sloane Stephens,Australian Open,2013,SF,WTA
Azarenka,Victoria,Victoria Azarenka,Australian Open,2013,F,WTA
Li,Na,Na Li,Australian Open,2013,F,WTA
Azarenka,Victoria,Victoria Azarenka,Australian Open,2013,W,WTA
Almagro,Nicolas,Nicolas Almagro,French Open,2013,R16,ATP
Anderson,Kevin,Kevin Anderson,French Open,2013,R16,ATP
Djokovic,Novak,Novak Djokovic,French Open,2013,R16,ATP
Federer,Roger,Roger Federer,French Open,2013,R16,ATP
Ferrer,David,David Ferrer,French Open,2013,R16,ATP
Gasquet,Richard,Richard Gasquet,French Open,2013,R16,ATP
Haas,Tommy,Tommy Haas,French Open,2013,R16,ATP
Kohlschreiber,Philipp,Philipp Kohlschreiber,French Open,2013,R16,ATP
Nadal,Rafael,Rafael Nadal,French Open,2013,R16,ATP
Nishikori,Kei,Kei Nishikori,French Open,2013,R16,ATP
Robredo,Tommy,Tommy Robredo,French Open,2013,R16,ATP
Simon,Gilles,Gilles Simon,French Open,2013,R16,ATP
Troicki,Viktor,Viktor Troicki,French Open,2013,R16,ATP
Tsonga,Jo-Wilfried,Jo-Wilfried Tsonga,French Open,2013,R16,ATP
Wawrinka,Stan,Stan Wawrinka,French Open,2013,R16,ATP
Youzhny,Mikhail,Mikhail Youzhny,French Open,2013,R16,ATP
Djokovic,Novak,Novak Djokovic,French Open,2013,QF,ATP
Federer,Roger,Roger Federer,French Open,2013,QF,ATP
Ferrer,David,David Ferrer,French Open,2013,QF,ATP
Haas,Tommy,Tommy Haas,French Open,2013,QF,ATP
Nadal,Rafael,Rafael Nadal,French Open,2013,QF,ATP
Robredo,Tommy,Tommy Robredo,French Open,2013,QF,ATP
Tsonga,Jo-Wilfried,Jo-Wilfried Tsonga,French Open,2013,QF,ATP
Wawrinka,Stan,Stan Wawrinka,French Open,2013,QF,ATP
Djokovic,Novak,Novak Djokovic,French Open,2013,SF,ATP
Ferrer,David,David Ferrer,French Open,2013,SF,ATP
Nadal,Rafael,Rafael Nadal,French Open,2013,SF,ATP
Tsonga,Jo-Wilfried,Jo-Wilfried Tsonga,French Open,2013,SF,ATP
Ferrer,David,David Ferrer,French Open,2013,F,ATP
Nadal,Rafael,Rafael Nadal,French Open,2013,F,ATP
Nadal,Rafael,Rafael Nadal,French Open,2013,W,ATP
Azarenka,Victoria,Victoria Azarenka,French Open,2013,R16,WTA
Errani,Sara,Sara Errani,French Open,2013,R16,WTA
Hampton,Jamie,Jamie Hampton,French Open,2013,R16,WTA
Ivanovic,Ana,Ana Ivanovic,French Open,2013,R16,WTA
Jankovic,Jelena,Jelena Jankovic,French Open,2013,R16,WTA
Kerber,Angelique,Angelique Kerber,French Open,2013,R16,WTA
Kirilenko,Maria,Maria Kirilenko,French Open,2013,R16,WTA
Kuznetsova,Svetlana,Svetlana Kuznetsova,French Open,2013,R16,WTA
Mattek Sands,Bethanie,Bethanie Mattek Sands,French Open,2013,R16,WTA
Radwanska,Agnieszka,Agnieszka Radwanska,French Open,2013,R16,WTA
Schiavone,Francesca,Francesca Schiavone,French Open,2013,R16,WTA
Sharapova,Maria,Maria Sharapova,French Open,2013,R16,WTA
Stephens,Sloane,Sloane Stephens,French Open,2013,R16,WTA
Suarez Navarro,Carla,Carla Suarez Navarro,French Open,2013,R16,WTA
Vinci,Roberta,Roberta Vinci,French Open,2013,R16,WTA
Williams,Serena,Serena Williams,French Open,2013,R16,WTA
Azarenka,Victoria,Victoria Azarenka,French Open,2013,QF,WTA
Errani,Sara,Sara Errani,French Open,2013,QF,WTA
Jankovic,Jelena,Jelena Jankovic,French Open,2013,QF,WTA
Kirilenko,Maria,Maria Kirilenko,French Open,2013,QF,WTA
Kuznetsova,Svetlana,Svetlana Kuznetsova,French Open,2013,QF,WTA
Radwanska,Agnieszka,Agnieszka Radwanska,French Open,2013,QF,WTA
Sharapova,Maria,Maria Sharapova,French Open,2013,QF,WTA
Williams,Serena,Serena Williams,French Open,2013,QF,WTA
Azarenka,Victoria,Victoria Azarenka,French Open,2013,SF,WTA
Errani,Sara,Sara Errani,French Open,2013,SF,WTA
Sharapova,Maria,Maria Sharapova,French Open,2013,SF,WTA
Williams,Serena,Serena Williams,French Open,2013,SF,WTA
Sharapova,Maria,Maria Sharapova,French Open,2013,F,WTA
Williams,Serena,Serena Williams,French Open,2013,F,WTA
Williams,Serena,Serena Williams,French Open,2013,W,WTA
Berdych,Tomas,Tomas Berdych,US Open,2013,R16,ATP
Djokovic,Novak,Novak Djokovic,US Open,2013,R16,ATP
Federer,Roger,Roger Federer,US Open,2013,R16,ATP
Ferrer,David,David Ferrer,US Open,2013,R16,ATP
Gasquet,Richard,Richard Gasquet,US Open,2013,R16,ATP
Granollers,Marcel,Marcel Granollers,US Open,2013,R16,ATP
Hewitt,Lleyton,Lleyton Hewitt,US Open,2013,R16,ATP
Istomin,Denis,Denis Istomin,US Open,2013,R16,ATP
Kohlschreiber,Philipp,Philipp Kohlschreiber,US Open,2013,R16,ATP
Murray,Andy,Andy Murray,US Open,2013,R16,ATP
Nadal,Rafael,Rafael Nadal,US Open,2013,R16,ATP
Raonic,Milos,Milos Raonic,US Open,2013,R16,ATP
Robredo,Tommy,Tommy Robredo,US Open,2013,R16,ATP
Tipsarevic,Janko,Janko Tipsarevic,US Open,2013,R16,ATP
Wawrinka,Stan,Stan Wawrinka,US Open,2013,R16,ATP
Youzhny,Mikhail,Mikhail Youzhny,US Open,2013,R16,ATP
Djokovic,Novak,Novak Djokovic,US Open,2013,QF,ATP
Ferrer,David,David Ferrer,US Open,2013,QF,ATP
Gasquet,Richard,Richard Gasquet,US Open,2013,QF,ATP
Murray,Andy,Andy Murray,US Open,2013,QF,ATP
Nadal,Rafael,Rafael Nadal,US Open,2013,QF,ATP
Robredo,Tommy,Tommy Robredo,US Open,2013,QF,ATP
Wawrinka,Stan,Stan Wawrinka,US Open,2013,QF,ATP
Youzhny,Mikhail,Mikhail Youzhny,US Open,2013,QF,ATP
Djokovic,Novak,Novak Djokovic,US Open,2013,SF,ATP
Gasquet,Richard,Richard Gasquet,US Open,2013,SF,ATP
Nadal,Rafael,Rafael Nadal,US Open,2013,SF,ATP
Wawrinka,Stan,Stan Wawrinka,US Open,2013,SF,ATP
Djokovic,Novak,Novak Djokovic,US Open,2013,F,ATP
Nadal,Rafael,Rafael Nadal,US Open,2013,F,ATP
Nadal,Rafael,Rafael Nadal,US Open,2013,W,ATP
Azarenka,Victoria,Victoria Azarenka,US Open,2013,R16,WTA
Giorgi,Camila,Camila Giorgi,US Open,2013,R16,WTA
Halep,Simona,Simona Halep,US Open,2013,R16,WTA
Hantuchova,Daniela,Daniela Hantuchova,US Open,2013,R16,WTA
Ivanovic,Ana,Ana Ivanovic,US Open,2013,R16,WTA
Jankovic,Jelena,Jelena Jankovic,US Open,2013,R16,WTA
Kerber,Angelique,Angelique Kerber,US Open,2013,R16,WTA
Li,Na,Na Li,US Open,2013,R16,WTA
Makarova,Kate,Kate Makarova,US Open,2013,R16,WTA
Pennetta,Flavia,Flavia Pennetta,US Open,2013,R16,WTA
Radwanska,Agnieszka,Agnieszka Radwanska,US Open,2013,R16,WTA
Riske Amritraj,Alison,Alison Riske Amritraj,US Open,2013,R16,WTA
Stephens,Sloane,Sloane Stephens,US Open,2013,R16,WTA
Suarez Navarro,Carla,Carla Suarez Navarro,US Open,2013,R16,WTA
Vinci,Roberta,Roberta Vinci,US Open,2013,R16,WTA
Williams,Serena,Serena Williams,US Open,2013,R16,WTA
Azarenka,Victoria,Victoria Azarenka,US Open,2013,QF,WTA
Hantuchova,Daniela,Daniela Hantuchova,US Open,2013,QF,WTA
Li,Na,Na Li,US Open,2013,QF,WTA
Makarova,Kate,Kate Makarova,US Open,2013,QF,WTA
Pennetta,Flavia,Flavia Pennetta,US Open,2013,QF,WTA
Suarez Navarro,Carla,Carla Suarez Navarro,US Open,2013,QF,WTA
Vinci,Roberta,Roberta Vinci,US Open,2013,QF,WTA
Williams,Serena,Serena Williams,US Open,2013,QF,WTA
Azarenka,Victoria,Victoria Azarenka,US Open,2013,SF,WTA
Li,Na,Na Li,US Open,2013,SF,WTA
Pennetta,Flavia,Flavia Pennetta,US Open,2013,SF,WTA
Williams,Serena,Serena Williams,US Open,2013,SF,WTA
Azarenka,Victoria,Victoria Azarenka,US Open,2013,F,WTA
Williams,Serena,Serena Williams,US Open,2013,F,WTA
Williams,Serena,Serena Williams,US Open,2013,W,WTA
Berdych,Tomas,Tomas Berdych,Wimbledon,2013,R16,ATP
De Schepper,Kenny,Kenny De Schepper,Wimbledon,2013,R16,ATP
Djokovic,Novak,Novak Djokovic,Wimbledon,2013,R16,ATP
Dodig,Ivan,Ivan Dodig,Wimbledon,2013,R16,ATP
Ferrer,David,David Ferrer,Wimbledon,2013,R16,ATP
Haas,Tommy,Tommy Haas,Wimbledon,2013,R16,ATP
Janowicz,Jerzy,Jerzy Janowicz,Wimbledon,2013,R16,ATP
Kubot,Lukasz,Lukasz Kubot,Wimbledon,2013,R16,ATP
Mannarino,Adrian,Adrian Mannarino,Wimbledon,2013,R16,ATP
Martin del Potro,Juan,Juan Martin del Potro,Wimbledon,2013,R16,ATP
Melzer,Jurgen,Jurgen Melzer,Wimbledon,2013,R16,ATP
Murray,Andy,Andy Murray,Wimbledon,2013,R16,ATP
Seppi,Andreas,Andreas Seppi,Wimbledon,2013,R16,ATP
Tomic,Bernard,Bernard Tomic,Wimbledon,2013,R16,ATP
Verdasco,Fernando,Fernando Verdasco,Wimbledon,2013,R16,ATP
Youzhny,Mikhail,Mikhail Youzhny,Wimbledon,2013,R16,ATP
Berdych,Tomas,Tomas Berdych,Wimbledon,2013,QF,ATP
Djokovic,Novak,Novak Djokovic,Wimbledon,2013,QF,ATP
Ferrer,David,David Ferrer,Wimbledon,2013,QF,ATP
Janowicz,Jerzy,Jerzy Janowicz,Wimbledon,2013,QF,ATP
Kubot,Lukasz,Lukasz Kubot,Wimbledon,2013,QF,ATP
Martin del Potro,Juan,Juan Martin del Potro,Wimbledon,2013,QF,ATP
Murray,Andy,Andy Murray,Wimbledon,2013,QF,ATP
Verdasco,Fernando,Fernando Verdasco,Wimbledon,2013,QF,ATP
Djokovic,Novak,Novak Djokovic,Wimbledon,2013,SF,ATP
Janowicz,Jerzy,Jerzy Janowicz,Wimbledon,2013,SF,ATP
Martin del Potro,Juan,Juan Martin del Potro,Wimbledon,2013,SF,ATP
Murray,Andy,Andy Murray,Wimbledon,2013,SF,ATP
Djokovic,Novak,Novak Djokovic,Wimbledon,2013,F,ATP
Murray,Andy,Andy Murray,Wimbledon,2013,F,ATP
Murray,Andy,Andy Murray,Wimbledon,2013,W,ATP
Bartoli,Marion,Marion Bartoli,Wimbledon,2013,R16,WTA
Flipkens,Kirsten,Kirsten Flipkens,Wimbledon,2013,R16,WTA
Kanepi,Kaia,Kaia Kanepi,Wimbledon,2013,R16,WTA
Knapp,Karin,Karin Knapp,Wimbledon,2013,R16,WTA
Kvitova,Petra,Petra Kvitova,Wimbledon,2013,R16,WTA
Li,Na,Na Li,Wimbledon,2013,R16,WTA
Lisicki,Sabine,Sabine Lisicki,Wimbledon,2013,R16,WTA
Pennetta,Flavia,Flavia Pennetta,Wimbledon,2013,R16,WTA
Pironkova,Tsvetana,Tsvetana Pironkova,Wimbledon,2013,R16,WTA
Puig,Monica,Monica Puig,Wimbledon,2013,R16,WTA
Radwanska,Agnieszka,Agnieszka Radwanska,Wimbledon,2013,R16,WTA
Robson,Laura,Laura Robson,Wimbledon,2013,R16,WTA
Stephens,Sloane,Sloane Stephens,Wimbledon,2013,R16,WTA
Suarez Navarro,Carla,Carla Suarez Navarro,Wimbledon,2013,R16,WTA
Vinci,Roberta,Roberta Vinci,Wimbledon,2013,R16,WTA
Williams,Serena,Serena Williams,Wimbledon,2013,R16,WTA
Bartoli,Marion,Marion Bartoli,Wimbledon,2013,QF,WTA
Flipkens,Kirsten,Kirsten Flipkens,Wimbledon,2013,QF,WTA
Kanepi,Kaia,Kaia Kanepi,Wimbledon,2013,QF,WTA
Kvitova,Petra,Petra Kvitova,Wimbledon,2013,QF,WTA
Li,Na,Na Li,Wimbledon,2013,QF,WTA
Lisicki,Sabine,Sabine Lisicki,Wimbledon,2013,QF,WTA
Radwanska,Agnieszka,Agnieszka Radwanska,Wimbledon,2013,QF,WTA
Stephens,Sloane,Sloane Stephens,Wimbledon,2013,QF,WTA
Bartoli,Marion,Marion Bartoli,Wimbledon,2013,SF,WTA
Flipkens,Kirsten,Kirsten Flipkens,Wimbledon,2013,SF,WTA
Lisicki,Sabine,Sabine Lisicki,Wimbledon,2013,SF,WTA
Radwanska,Agnieszka,Agnieszka Radwanska,Wimbledon,2013,SF,WTA
Bartoli,Marion,Marion Bartoli,Wimbledon,2013,F,WTA
Lisicki,Sabine,Sabine Lisicki,Wimbledon,2013,F,WTA
Bartoli,Marion,Marion Bartoli,Wimbledon,2013,W,WTA
Anderson,Kevin,Kevin Anderson,Australian Open,2014,R16,ATP
Bautista Agut,Roberto,Roberto Bautista Agut,Australian Open,2014,R16,ATP
Berdych,Tomas,Tomas Berdych,Australian Open,2014,R16,ATP
Dimitrov,Grigor,Grigor Dimitrov,Australian Open,2014,R16,ATP
Djokovic,Novak,Novak Djokovic,Australian Open,2014,R16,ATP
Federer,Roger,Roger Federer,Australian Open,2014,R16,ATP
Ferrer,David,David Ferrer,Australian Open,2014,R16,ATP
Fognini,Fabio,Fabio Fognini,Australian Open,2014,R16,ATP
Mayer,Florian,Florian Mayer,Australian Open,2014,R16,ATP
Murray,Andy,Andy Murray,Australian Open,2014,R16,ATP
Nadal,Rafael,Rafael Nadal,Australian Open,2014,R16,ATP
Nishikori,Kei,Kei Nishikori,Australian Open,2014,R16,ATP
Robert,Stephane,Stephane Robert,Australian Open,2014,R16,ATP
Robredo,Tommy,Tommy Robredo,Australian Open,2014,R16,ATP
Tsonga,Jo-Wilfried,Jo-Wilfried Tsonga,Australian Open,2014,R16,ATP
Wawrinka,Stan,Stan Wawrinka,Australian Open,2014,R16,ATP
Berdych,Tomas,Tomas Berdych,Australian Open,2014,QF,ATP
Dimitrov,Grigor,Grigor Dimitrov,Australian Open,2014,QF,ATP
Djokovic,Novak,Novak Djokovic,Australian Open,2014,QF,ATP
Federer,Roger,Roger Federer,Australian Open,2014,QF,ATP
Ferrer,David,David Ferrer,Australian Open,2014,QF,ATP
Murray,Andy,Andy Murray,Australian Open,2014,QF,ATP
Nadal,Rafael,Rafael Nadal,Australian Open,2014,QF,ATP
Wawrinka,Stan,Stan Wawrinka,Australian Open,2014,QF,ATP
Berdych,Tomas,Tomas Berdych,Australian Open,2014,SF,ATP
Federer,Roger,Roger Federer,Australian Open,2014,SF,ATP
Nadal,Rafael,Rafael Nadal,Australian Open,2014,SF,ATP
Wawrinka,Stan,Stan Wawrinka,Australian Open,2014,SF,ATP
Nadal,Rafael,Rafael Nadal,Australian Open,2014,F,ATP
Wawrinka,Stan,Stan Wawrinka,Australian Open,2014,F,ATP
Wawrinka,Stan,Stan Wawrinka,Australian Open,2014,W,ATP
Azarenka,Victoria,Victoria Azarenka,Australian Open,2014,R16,WTA
Bouchard,Eugenie,Eugenie Bouchard,Australian Open,2014,R16,WTA
Cibulkova,Dominika,Dominika Cibulkova,Australian Open,2014,R16,WTA
Dellacqua,Casey,Casey Dellacqua,Australian Open,2014,R16,WTA
Halep,Simona,Simona Halep,Australian Open,2014,R16,WTA
Ivanovic,Ana,Ana Ivanovic,Australian Open,2014,R16,WTA
Jankovic,Jelena,Jelena Jankovic,Australian Open,2014,R16,WTA
Kerber,Angelique,Angelique Kerber,Australian Open,2014,R16,WTA
Li,Na,Na Li,Australian Open,2014,R16,WTA
Makarova,Kate,Kate Makarova,Australian Open,2014,R16,WTA
Muguruza,Garbine,Garbine Muguruza,Australian Open,2014,R16,WTA
Pennetta,Flavia,Flavia Pennetta,Australian Open,2014,R16,WTA
Radwanska,Agnieszka,Agnieszka Radwanska,Australian Open,2014,R16,WTA
Sharapova,Maria,Maria Sharapova,Australian Open,2014,R16,WTA
Stephens,Sloane,Sloane Stephens,Australian Open,2014,R16,WTA
Williams,Serena,Serena Williams,Australian Open,2014,R16,WTA
Azarenka,Victoria,Victoria Azarenka,Australian Open,2014,QF,WTA
Bouchard,Eugenie,Eugenie Bouchard,Australian Open,2014,QF,WTA
Cibulkova,Dominika,Dominika Cibulkova,Australian Open,2014,QF,WTA
Halep,Simona,Simona Halep,Australian Open,2014,QF,WTA
Ivanovic,Ana,Ana Ivanovic,Australian Open,2014,QF,WTA
Li,Na,Na Li,Australian Open,2014,QF,WTA
Pennetta,Flavia,Flavia Pennetta,Australian Open,2014,QF,WTA
Radwanska,Agnieszka,Agnieszka Radwanska,Australian Open,2014,QF,WTA
Bouchard,Eugenie,Eugenie Bouchard,Australian Open,2014,SF,WTA
Cibulkova,Dominika,Dominika Cibulkova,Australian Open,2014,SF,WTA
Li,Na,Na Li,Australian Open,2014,SF,WTA
Radwanska,Agnieszka,Agnieszka Radwanska,Australian Open,2014,SF,WTA
Cibulkova,Dominika,Dominika Cibulkova,Australian Open,2014,F,WTA
Li,Na,Na Li,Australian Open,2014,F,WTA
Li,Na,Na Li,Australian Open,2014,W,WTA
Anderson,Kevin,Kevin Anderson,French Open,2014,R16,ATP
Berdych,Tomas,Tomas Berdych,French Open,2014,R16,ATP
Djokovic,Novak,Novak Djokovic,French Open,2014,R16,ATP
Federer,Roger,Roger Federer,French Open,2014,R16,ATP
Ferrer,David,David Ferrer,French Open,2014,R16,ATP
Garcia Lopez,Guillermo,Guillermo Garcia Lopez,French Open,2014,R16,ATP
Granollers,Marcel,Marcel Granollers,French Open,2014,R16,ATP
Gulbis,Ernests,Ernests Gulbis,French Open,2014,R16,ATP
Isner,John,John Isner,French Open,2014,R16,ATP
Lajovic,Dusan,Dusan Lajovic,French Open,2014,R16,ATP
Monfils,Gael,Gael Monfils,French Open,2014,R16,ATP
Murray,Andy,Andy Murray,French Open,2014,R16,ATP
Nadal,Rafael,Rafael Nadal,French Open,2014,R16,ATP
Raonic,Milos,Milos Raonic,French Open,2014,R16,ATP
Tsonga,Jo-Wilfried,Jo-Wilfried Tsonga,French Open,2014,R16,ATP
Verdasco,Fernando,Fernando Verdasco,French Open,2014,R16,ATP
Berdych,Tomas,Tomas Berdych,French Open,2014,QF,ATP
Djokovic,Novak,Novak Djokovic,French Open,2014,QF,ATP
Ferrer,David,David Ferrer,French Open,2014,QF,ATP
Gulbis,Ernests,Ernests Gulbis,French Open,2014,QF,ATP
Monfils,Gael,Gael Monfils,French Open,2014,QF,ATP
Murray,Andy,Andy Murray,French Open,2014,QF,ATP
Nadal,Rafael,Rafael Nadal,French Open,2014,QF,ATP
Raonic,Milos,Milos Raonic,French Open,2014,QF,ATP
Djokovic,Novak,Novak Djokovic,French Open,2014,SF,ATP
Gulbis,Ernests,Ernests Gulbis,French Open,2014,SF,ATP
Murray,Andy,Andy Murray,French Open,2014,SF,ATP
Nadal,Rafael,Rafael Nadal,French Open,2014,SF,ATP
Djokovic,Novak,Novak Djokovic,French Open,2014,F,ATP
Nadal,Rafael,Rafael Nadal,French Open,2014,F,ATP
Nadal,Rafael,Rafael Nadal,French Open,2014,W,ATP
Bertens,Kiki,Kiki Bertens,French Open,2014,R16,WTA
Bouchard,Eugenie,Eugenie Bouchard,French Open,2014,R16,WTA
Errani,Sara,Sara Errani,French Open,2014,R16,WTA
Halep,Simona,Simona Halep,French Open,2014,R16,WTA
Jankovic,Jelena,Jelena Jankovic,French Open,2014,R16,WTA
Kerber,Angelique,Angelique Kerber,French Open,2014,R16,WTA
Kuznetsova,Svetlana,Svetlana Kuznetsova,French Open,2014,R16,WTA
Muguruza,Garbine,Garbine Muguruza,French Open,2014,R16,WTA
Parmentier,Pauline,Pauline Parmentier,French Open,2014,R16,WTA
Petkovic,Andrea,Andrea Petkovic,French Open,2014,R16,WTA
Safarova,Lucie,Lucie Safarova,French Open,2014,R16,WTA
Sharapova,Maria,Maria Sharapova,French Open,2014,R16,WTA
Stephens,Sloane,Sloane Stephens,French Open,2014,R16,WTA
Stosur,Samantha,Samantha Stosur,French Open,2014,R16,WTA
Suarez Navarro,Carla,Carla Suarez Navarro,French Open,2014,R16,WTA
Tomljanovic,Ajla,Ajla Tomljanovic,French Open,2014,R16,WTA
Bouchard,Eugenie,Eugenie Bouchard,French Open,2014,QF,WTA
Errani,Sara,Sara Errani,French Open,2014,QF,WTA
Halep,Simona,Simona Halep,French Open,2014,QF,WTA
Kuznetsova,Svetlana,Svetlana Kuznetsova,French Open,2014,QF,WTA
Muguruza,Garbine,Garbine Muguruza,French Open,2014,QF,WTA
Petkovic,Andrea,Andrea Petkovic,French Open,2014,QF,WTA
Sharapova,Maria,Maria Sharapova,French Open,2014,QF,WTA
Suarez Navarro,Carla,Carla Suarez Navarro,French Open,2014,QF,WTA
Bouchard,Eugenie,Eugenie Bouchard,French Open,2014,SF,WTA
Halep,Simona,Simona Halep,French Open,2014,SF,WTA
Petkovic,Andrea,Andrea Petkovic,French Open,2014,SF,WTA
Sharapova,Maria,Maria Sharapova,French Open,2014,SF,WTA
Halep,Simona,Simona Halep,French Open,2014,F,WTA
Sharapova,Maria,Maria Sharapova,French Open,2014,F,WTA
Sharapova,Maria,Maria Sharapova,French Open,2014,W,WTA
Bautista Agut,Roberto,Roberto Bautista Agut,US Open,2014,R16,ATP
Berdych,Tomas,Tomas Berdych,US Open,2014,R16,ATP
Cilic,Marin,Marin Cilic,US Open,2014,R16,ATP
Dimitrov,Grigor,Grigor Dimitrov,US Open,2014,R16,ATP
Djokovic,Novak,Novak Djokovic,US Open,2014,R16,ATP
Federer,Roger,Roger Federer,US Open,2014,R16,ATP
Kohlschreiber,Philipp,Philipp Kohlschreiber,US Open,2014,R16,ATP
Monfils,Gael,Gael Monfils,US Open,2014,R16,ATP
Murray,Andy,Andy Murray,US Open,2014,R16,ATP
Nishikori,Kei,Kei Nishikori,US Open,2014,R16,ATP
Raonic,Milos,Milos Raonic,US Open,2014,R16,ATP
Robredo,Tommy,Tommy Robredo,US Open,2014,R16,ATP
Simon,Gilles,Gilles Simon,US Open,2014,R16,ATP
Thiem,Dominic,Dominic Thiem,US Open,2014,R16,ATP
Tsonga,Jo-Wilfried,Jo-Wilfried Tsonga,US Open,2014,R16,ATP
Wawrinka,Stan,Stan Wawrinka,US Open,2014,R16,ATP
Berdych,Tomas,Tomas Berdych,US Open,2014,QF,ATP
Cilic,Marin,Marin Cilic,US Open,2014,QF,ATP
Djokovic,Novak,Novak Djokovic,US Open,2014,QF,ATP
Federer,Roger,Roger Federer,US Open,2014,QF,ATP
Monfils,Gael,Gael Monfils,US Open,2014,QF,ATP
Murray,Andy,Andy Murray,US Open,2014,QF,ATP
Nishikori,Kei,Kei Nishikori,US Open,2014,QF,ATP
Wawrinka,Stan,Stan Wawrinka,US Open,2014,QF,ATP
Cilic,Marin,Marin Cilic,US Open,2014,SF,ATP
Djokovic,Novak,Novak Djokovic,US Open,2014,SF,ATP
Federer,Roger,Roger Federer,US Open,2014,SF,ATP
Nishikori,Kei,Kei Nishikori,US Open,2014,SF,ATP
Cilic,Marin,Marin Cilic,US Open,2014,F,ATP
Nishikori,Kei,Kei Nishikori,US Open,2014,F,ATP
Cilic,Marin,Marin Cilic,US Open,2014,W,ATP
Azarenka,Victoria,Victoria Azarenka,US Open,2014,R16,WTA
Bencic,Belinda,Belinda Bencic,US Open,2014,R16,WTA
Bouchard,Eugenie,Eugenie Bouchard,US Open,2014,R16,WTA
Dellacqua,Casey,Casey Dellacqua,US Open,2014,R16,WTA
Errani,Sara,Sara Errani,US Open,2014,R16,WTA
Jankovic,Jelena,Jelena Jankovic,US Open,2014,R16,WTA
Kanepi,Kaia,Kaia Kanepi,US Open,2014,R16,WTA
Krunic,Aleksandra,Aleksandra Krunic,US Open,2014,R16,WTA
Lucic,Mirjana,Mirjana Lucic,US Open,2014,R16,WTA
Makarova,Kate,Kate Makarova,US Open,2014,R16,WTA
Peng,Shuai,Shuai Peng,US Open,2014,R16,WTA
Pennetta,Flavia,Flavia Pennetta,US Open,2014,R16,WTA
Safarova,Lucie,Lucie Safarova,US Open,2014,R16,WTA
Sharapova,Maria,Maria Sharapova,US Open,2014,R16,WTA
Williams,Serena,Serena Williams,US Open,2014,R16,WTA
Wozniacki,Caroline,Caroline Wozniacki,US Open,2014,R16,WTA
Azarenka,Victoria,Victoria Azarenka,US Open,2014,QF,WTA
Bencic,Belinda,Belinda Bencic,US Open,2014,QF,WTA
Errani,Sara,Sara Errani,US Open,2014,QF,WTA
Makarova,Kate,Kate Makarova,US Open,2014,QF,WTA
Peng,Shuai,Shuai Peng,US Open,2014,QF,WTA
Pennetta,Flavia,Flavia Pennetta,US Open,2014,QF,WTA
Williams,Serena,Serena Williams,US Open,2014,QF,WTA
Wozniacki,Caroline,Caroline Wozniacki,US Open,2014,QF,WTA
Makarova,Kate,Kate Makarova,US Open,2014,SF,WTA
Peng,Shuai,Shuai Peng,US Open,2014,SF,WTA
Williams,Serena,Serena Williams,US Open,2014,SF,WTA
Wozniacki,Caroline,Caroline Wozniacki,US Open,2014,SF,WTA
Williams,Serena,Serena Williams,US Open,2014,F,WTA
Wozniacki,Caroline,Caroline Wozniacki,US Open,2014,F,WTA
Williams,Serena,Serena Williams,US Open,2014,W,WTA
Anderson,Kevin,Kevin Anderson,Wimbledon,2014,R16,ATP
Chardy,Jeremy,Jeremy Chardy,Wimbledon,2014,R16,ATP
Cilic,Marin,Marin Cilic,Wimbledon,2014,R16,ATP
Dimitrov,Grigor,Grigor Dimitrov,Wimbledon,2014,R16,ATP
Djokovic,Novak,Novak Djokovic,Wimbledon,2014,R16,ATP
Federer,Roger,Roger Federer,Wimbledon,2014,R16,ATP
Kyrgios,Nick,Nick Kyrgios,Wimbledon,2014,R16,ATP
Lopez,Feliciano,Feliciano Lopez,Wimbledon,2014,R16,ATP
Mayer,Leonardo,Leonardo Mayer,Wimbledon,2014,R16,ATP
Murray,Andy,Andy Murray,Wimbledon,2014,R16,ATP
Nadal,Rafael,Rafael Nadal,Wimbledon,2014,R16,ATP
Nishikori,Kei,Kei Nishikori,Wimbledon,2014,R16,ATP
Raonic,Milos,Milos Raonic,Wimbledon,2014,R16,ATP
Robredo,Tommy,Tommy Robredo,Wimbledon,2014,R16,ATP
Tsonga,Jo-Wilfried,Jo-Wilfried Tsonga,Wimbledon,2014,R16,ATP
Wawrinka,Stan,Stan Wawrinka,Wimbledon,2014,R16,ATP
Cilic,Marin,Marin Cilic,Wimbledon,2014,QF,ATP
Dimitrov,Grigor,Grigor Dimitrov,Wimbledon,2014,QF,ATP
Djokovic,Novak,Novak Djokovic,Wimbledon,2014,QF,ATP
Federer,Roger,Roger Federer,Wimbledon,2014,QF,ATP
Kyrgios,Nick,Nick Kyrgios,Wimbledon,2014,QF,ATP
Murray,Andy,Andy Murray,Wimbledon,2014,QF,ATP
Raonic,Milos,Milos Raonic,Wimbledon,2014,QF,ATP
Wawrinka,Stan,Stan Wawrinka,Wimbledon,2014,QF,ATP
Dimitrov,Grigor,Grigor Dimitrov,Wimbledon,2014,SF,ATP
Djokovic,Novak,Novak Djokovic,Wimbledon,2014,SF,ATP
Federer,Roger,Roger Federer,Wimbledon,2014,SF,ATP
Raonic,Milos,Milos Raonic,Wimbledon,2014,SF,ATP
Djokovic,Novak,Novak Djokovic,Wimbledon,2014,F,ATP
Federer,Roger,Roger Federer,Wimbledon,2014,F,ATP
Djokovic,Novak,Novak Djokovic,Wimbledon,2014,W,ATP
Bouchard,Eugenie,Eugenie Bouchard,Wimbledon,2014,R16,WTA
Cornet,Alize,Alize Cornet,Wimbledon,2014,R16,WTA
Diyas,Zarina,Zarina Diyas,Wimbledon,2014,R16,WTA
Halep,Simona,Simona Halep,Wimbledon,2014,R16,WTA
Kerber,Angelique,Angelique Kerber,Wimbledon,2014,R16,WTA
Kvitova,Petra,Petra Kvitova,Wimbledon,2014,R16,WTA
Lisicki,Sabine,Sabine Lisicki,Wimbledon,2014,R16,WTA
Makarova,Kate,Kate Makarova,Wimbledon,2014,R16,WTA
Peng,Shuai,Shuai Peng,Wimbledon,2014,R16,WTA
Radwanska,Agnieszka,Agnieszka Radwanska,Wimbledon,2014,R16,WTA
Safarova,Lucie,Lucie Safarova,Wimbledon,2014,R16,WTA
Sharapova,Maria,Maria Sharapova,Wimbledon,2014,R16,WTA
Shvedova,Yaroslava,Yaroslava Shvedova,Wimbledon,2014,R16,WTA
Smitkova,Tereza,Tereza Smitkova,Wimbledon,2014,R16,WTA
Strycova,Barbora,Barbora Strycova,Wimbledon,2014,R16,WTA
Wozniacki,Caroline,Caroline Wozniacki,Wimbledon,2014,R16,WTA
Bouchard,Eugenie,Eugenie Bouchard,Wimbledon,2014,QF,WTA
Halep,Simona,Simona Halep,Wimbledon,2014,QF,WTA
Kerber,Angelique,Angelique Kerber,Wimbledon,2014,QF,WTA
Kvitova,Petra,Petra Kvitova,Wimbledon,2014,QF,WTA
Lisicki,Sabine,Sabine Lisicki,Wimbledon,2014,QF,WTA
Makarova,Kate,Kate Makarova,Wimbledon,2014,QF,WTA
Safarova,Lucie,Lucie Safarova,Wimbledon,2014,QF,WTA
Strycova,Barbora,Barbora Strycova,Wimbledon,2014,QF,WTA
Bouchard,Eugenie,Eugenie Bouchard,Wimbledon,2014,SF,WTA
Halep,Simona,Simona Halep,Wimbledon,2014,SF,WTA
Kvitova,Petra,Petra Kvitova,Wimbledon,2014,SF,WTA
Safarova,Lucie,Lucie Safarova,Wimbledon,2014,SF,WTA
Bouchard,Eugenie,Eugenie Bouchard,Wimbledon,2014,F,WTA
Kvitova,Petra,Petra Kvitova,Wimbledon,2014,F,WTA
Kvitova,Petra,Petra Kvitova,Wimbledon,2014,W,WTA
Anderson,Kevin,Kevin Anderson,Australian Open,2015,R16,ATP
Berdych,Tomas,Tomas Berdych,Australian Open,2015,R16,ATP
Dimitrov,Grigor,Grigor Dimitrov,Australian Open,2015,R16,ATP
Djokovic,Novak,Novak Djokovic,Australian Open,2015,R16,ATP
Ferrer,David,David Ferrer,Australian Open,2015,R16,ATP
Garcia Lopez,Guillermo,Guillermo Garcia Lopez,Australian Open,2015,R16,ATP
Kyrgios,Nick,Nick Kyrgios,Australian Open,2015,R16,ATP
Lopez,Feliciano,Feliciano Lopez,Australian Open,2015,R16,ATP
Muller,Gilles,Gilles Muller,Australian Open,2015,R16,ATP
Murray,Andy,Andy Murray,Australian Open,2015,R16,ATP
Nadal,Rafael,Rafael Nadal,Australian Open,2015,R16,ATP
Nishikori,Kei,Kei Nishikori,Australian Open,2015,R16,ATP
Raonic,Milos,Milos Raonic,Australian Open,2015,R16,ATP
Seppi,Andreas,Andreas Seppi,Australian Open,2015,R16,ATP
Tomic,Bernard,Bernard Tomic,Australian Open,2015,R16,ATP
Wawrinka,Stan,Stan Wawrinka,Australian Open,2015,R16,ATP
Berdych,Tomas,Tomas Berdych,Australian Open,2015,QF,ATP
Djokovic,Novak,Novak Djokovic,Australian Open,2015,QF,ATP
Kyrgios,Nick,Nick Kyrgios,Australian Open,2015,QF,ATP
Murray,Andy,Andy Murray,Australian Open,2015,QF,ATP
Nadal,Rafael,Rafael Nadal,Australian Open,2015,QF,ATP
Nishikori,Kei,Kei Nishikori,Australian Open,2015,QF,ATP
Raonic,Milos,Milos Raonic,Australian Open,2015,QF,ATP
Wawrinka,Stan,Stan Wawrinka,Australian Open,2015,QF,ATP
Berdych,Tomas,Tomas Berdych,Australian Open,2015,SF,ATP
Djokovic,Novak,Novak Djokovic,Australian Open,2015,SF,ATP
Murray,Andy,Andy Murray,Australian Open,2015,SF,ATP
Wawrinka,Stan,Stan Wawrinka,Australian Open,2015,SF,ATP
Djokovic,Novak,Novak Djokovic,Australian Open,2015,F,ATP
Murray,Andy,Andy Murray,Australian Open,2015,F,ATP
Djokovic,Novak,Novak Djokovic,Australian Open,2015,W,ATP
Azarenka,Victoria,Victoria Azarenka,Australian Open,2015,R16,WTA
Bouchard,Eugenie,Eugenie Bouchard,Australian Open,2015,R16,WTA
Brengle,Madison,Madison Brengle,Australian Open,2015,R16,WTA
Camelia Begu,Irina,Irina Camelia Begu,Australian Open,2015,R16,WTA
Cibulkova,Dominika,Dominika Cibulkova,Australian Open,2015,R16,WTA
Goerges,Julia,Julia Goerges,Australian Open,2015,R16,WTA
Halep,Simona,Simona Halep,Australian Open,2015,R16,WTA
Keys,Madison,Madison Keys,Australian Open,2015,R16,WTA
Makarova,Kate,Kate Makarova,Australian Open,2015,R16,WTA
Muguruza,Garbine,Garbine Muguruza,Australian Open,2015,R16,WTA
Peng,Shuai,Shuai Peng,Australian Open,2015,R16,WTA
Radwanska,Agnieszka,Agnieszka Radwanska,Australian Open,2015,R16,WTA
Sharapova,Maria,Maria Sharapova,Australian Open,2015,R16,WTA
Wickmayer,Yanina,Yanina Wickmayer,Australian Open,2015,R16,WTA
Williams,Serena,Serena Williams,Australian Open,2015,R16,WTA
Williams,Venus,Venus Williams,Australian Open,2015,R16,WTA
Bouchard,Eugenie,Eugenie Bouchard,Australian Open,2015,QF,WTA
Cibulkova,Dominika,Dominika Cibulkova,Australian Open,2015,QF,WTA
Halep,Simona,Simona Halep,Australian Open,2015,QF,WTA
Keys,Madison,Madison Keys,Australian Open,2015,QF,WTA
Makarova,Kate,Kate Makarova,Australian Open,2015,QF,WTA
Sharapova,Maria,Maria Sharapova,Australian Open,2015,QF,WTA
Williams,Serena,Serena Williams,Australian Open,2015,QF,WTA
Williams,Venus,Venus Williams,Australian Open,2015,QF,WTA
Keys,Madison,Madison Keys,Australian Open,2015,SF,WTA
Makarova,Kate,Kate Makarova,Australian Open,2015,SF,WTA
Sharapova,Maria,Maria Sharapova,Australian Open,2015,SF,WTA
Williams,Serena,Serena Williams,Australian Open,2015,SF,WTA
Sharapova,Maria,Maria Sharapova,Australian Open,2015,F,WTA
Williams,Serena,Serena Williams,Australian Open,2015,F,WTA
Williams,Serena,Serena Williams,Australian Open,2015,W,WTA
Berdych,Tomas,Tomas Berdych,French Open,2015,R16,ATP
Chardy,Jeremy,Jeremy Chardy,French Open,2015,R16,ATP
Cilic,Marin,Marin Cilic,French Open,2015,R16,ATP
Djokovic,Novak,Novak Djokovic,French Open,2015,R16,ATP
Federer,Roger,Roger Federer,French Open,2015,R16,ATP
Ferrer,David,David Ferrer,French Open,2015,R16,ATP
Gabashvili,Teymuraz,Teymuraz Gabashvili,French Open,2015,R16,ATP
Gasquet,Richard,Richard Gasquet,French Open,2015,R16,ATP
Monfils,Gael,Gael Monfils,French Open,2015,R16,ATP
Murray,Andy,Andy Murray,French Open,2015,R16,ATP
Nadal,Rafael,Rafael Nadal,French Open,2015,R16,ATP
Nishikori,Kei,Kei Nishikori,French Open,2015,R16,ATP
Simon,Gilles,Gilles Simon,French Open,2015,R16,ATP
Sock,Jack,Jack Sock,French Open,2015,R16,ATP
Tsonga,Jo-Wilfried,Jo-Wilfried Tsonga,French Open,2015,R16,ATP
Wawrinka,Stan,Stan Wawrinka,French Open,2015,R16,ATP
Djokovic,Novak,Novak Djokovic,French Open,2015,QF,ATP
Federer,Roger,Roger Federer,French Open,2015,QF,ATP
Ferrer,David,David Ferrer,French Open,2015,QF,ATP
Murray,Andy,Andy Murray,French Open,2015,QF,ATP
Nadal,Rafael,Rafael Nadal,French Open,2015,QF,ATP
Nishikori,Kei,Kei Nishikori,French Open,2015,QF,ATP
Tsonga,Jo-Wilfried,Jo-Wilfried Tsonga,French Open,2015,QF,ATP
Wawrinka,Stan,Stan Wawrinka,French Open,2015,QF,ATP
Djokovic,Novak,Novak Djokovic,French Open,2015,SF,ATP
Murray,Andy,Andy Murray,French Open,2015,SF,ATP
Tsonga,Jo-Wilfried,Jo-Wilfried Tsonga,French Open,2015,SF,ATP
Wawrinka,Stan,Stan Wawrinka,French Open,2015,SF,ATP
Djokovic,Novak,Novak Djokovic,French Open,2015,F,ATP
Wawrinka,Stan,Stan Wawrinka,French Open,2015,F,ATP
Wawrinka,Stan,Stan Wawrinka,French Open,2015,W,ATP
Andreea Mitu,Cristina,Cristina Andreea Mitu,French Open,2015,R16,WTA
Bacsinszky,Timea,Timea Bacsinszky,French Open,2015,R16,WTA
Cornet,Alize,Alize Cornet,French Open,2015,R16,WTA
Errani,Sara,Sara Errani,French Open,2015,R16,WTA
Goerges,Julia,Julia Goerges,French Open,2015,R16,WTA
Ivanovic,Ana,Ana Ivanovic,French Open,2015,R16,WTA
Kvitova,Petra,Petra Kvitova,French Open,2015,R16,WTA
Makarova,Kate,Kate Makarova,French Open,2015,R16,WTA
Muguruza,Garbine,Garbine Muguruza,French Open,2015,R16,WTA
Pennetta,Flavia,Flavia Pennetta,French Open,2015,R16,WTA
Safarova,Lucie,Lucie Safarova,French Open,2015,R16,WTA
Sharapova,Maria,Maria Sharapova,French Open,2015,R16,WTA
Stephens,Sloane,Sloane Stephens,French Open,2015,R16,WTA
Svitolina,Elina,Elina Svitolina,French Open,2015,R16,WTA
Van Uytvanck,Alison,Alison Van Uytvanck,French Open,2015,R16,WTA
Williams,Serena,Serena Williams,French Open,2015,R16,WTA
Bacsinszky,Timea,Timea Bacsinszky,French Open,2015,QF,WTA
Errani,Sara,Sara Errani,French Open,2015,QF,WTA
Ivanovic,Ana,Ana Ivanovic,French Open,2015,QF,WTA
Muguruza,Garbine,Garbine Muguruza,French Open,2015,QF,WTA
Safarova,Lucie,Lucie Safarova,French Open,2015,QF,WTA
Svitolina,Elina,Elina Svitolina,French Open,2015,QF,WTA
Van Uytvanck,Alison,Alison Van Uytvanck,French Open,2015,QF,WTA
Williams,Serena,Serena Williams,French Open,2015,QF,WTA
Bacsinszky,Timea,Timea Bacsinszky,French Open,2015,SF,WTA
Ivanovic,Ana,Ana Ivanovic,French Open,2015,SF,WTA
Safarova,Lucie,Lucie Safarova,French Open,2015,SF,WTA
Williams,Serena,Serena Williams,French Open,2015,SF,WTA
Safarova,Lucie,Lucie Safarova,French Open,2015,F,WTA
Williams,Serena,Serena Williams,French Open,2015,F,WTA
Williams,Serena,Serena Williams,French Open,2015,W,WTA
Anderson,Kevin,Kevin Anderson,US Open,2015,R16,ATP
Bautista Agut,Roberto,Roberto Bautista Agut,US Open,2015,R16,ATP
Berdych,Tomas,Tomas Berdych,US Open,2015,R16,ATP
Chardy,Jeremy,Jeremy Chardy,US Open,2015,R16,ATP
Cilic,Marin,Marin Cilic,US Open,2015,R16,ATP
Djokovic,Novak,Novak Djokovic,US Open,2015,R16,ATP
Federer,Roger,Roger Federer,US Open,2015,R16,ATP
Fognini,Fabio,Fabio Fognini,US Open,2015,R16,ATP
Gasquet,Richard,Richard Gasquet,US Open,2015,R16,ATP
Isner,John,John Isner,US Open,2015,R16,ATP
Lopez,Feliciano,Feliciano Lopez,US Open,2015,R16,ATP
Murray,Andy,Andy Murray,US Open,2015,R16,ATP
Paire,Benoit,Benoit Paire,US Open,2015,R16,ATP
Tsonga,Jo-Wilfried,Jo-Wilfried Tsonga,US Open,2015,R16,ATP
Wawrinka,Stan,Stan Wawrinka,US Open,2015,R16,ATP
Young,Donald,Donald Young,US Open,2015,R16,ATP
Anderson,Kevin,Kevin Anderson,US Open,2015,QF,ATP
Cilic,Marin,Marin Cilic,US Open,2015,QF,ATP
Djokovic,Novak,Novak Djokovic,US Open,2015,QF,ATP
Federer,Roger,Roger Federer,US Open,2015,QF,ATP
Gasquet,Richard,Richard Gasquet,US Open,2015,QF,ATP
Lopez,Feliciano,Feliciano Lopez,US Open,2015,QF,ATP
Tsonga,Jo-Wilfried,Jo-Wilfried Tsonga,US Open,2015,QF,ATP
Wawrinka,Stan,Stan Wawrinka,US Open,2015,QF,ATP
Cilic,Marin,Marin Cilic,US Open,2015,SF,ATP
Djokovic,Novak,Novak Djokovic,US Open,2015,SF,ATP
Federer,Roger,Roger Federer,US Open,2015,SF,ATP
Wawrinka,Stan,Stan Wawrinka,US Open,2015,SF,ATP
Djokovic,Novak,Novak Djokovic,US Open,2015,F,ATP
Federer,Roger,Roger Federer,US Open,2015,F,ATP
Djokovic,Novak,Novak Djokovic,US Open,2015,W,ATP
Azarenka,Victoria,Victoria Azarenka,US Open,2015,R16,WTA
Bouchard,Eugenie,Eugenie Bouchard,US Open,2015,R16,WTA
Halep,Simona,Simona Halep,US Open,2015,R16,WTA
Keys,Madison,Madison Keys,US Open,2015,R16,WTA
Konta,Johanna,Johanna Konta,US Open,2015,R16,WTA
Kontaveit,Anett,Anett Kontaveit,US Open,2015,R16,WTA
Kvitova,Petra,Petra Kvitova,US Open,2015,R16,WTA
Lepchenko,Varvara,Varvara Lepchenko,US Open,2015,R16,WTA
Lisicki,Sabine,Sabine Lisicki,US Open,2015,R16,WTA
Makarova,Kate,Kate Makarova,US Open,2015,R16,WTA
Mladenovic,Kristina,Kristina Mladenovic,US Open,2015,R16,WTA
Pennetta,Flavia,Flavia Pennetta,US Open,2015,R16,WTA
Stosur,Samantha,Samantha Stosur,US Open,2015,R16,WTA
Vinci,Roberta,Roberta Vinci,US Open,2015,R16,WTA
Williams,Serena,Serena Williams,US Open,2015,R16,WTA
Williams,Venus,Venus Williams,US Open,2015,R16,WTA
Azarenka,Victoria,Victoria Azarenka,US Open,2015,QF,WTA
Halep,Simona,Simona Halep,US Open,2015,QF,WTA
Kvitova,Petra,Petra Kvitova,US Open,2015,QF,WTA
Mladenovic,Kristina,Kristina Mladenovic,US Open,2015,QF,WTA
Pennetta,Flavia,Flavia Pennetta,US Open,2015,QF,WTA
Vinci,Roberta,Roberta Vinci,US Open,2015,QF,WTA
Williams,Serena,Serena Williams,US Open,2015,QF,WTA
Williams,Venus,Venus Williams,US Open,2015,QF,WTA
Halep,Simona,Simona Halep,US Open,2015,SF,WTA
Pennetta,Flavia,Flavia Pennetta,US Open,2015,SF,WTA
Vinci,Roberta,Roberta Vinci,US Open,2015,SF,WTA
Williams,Serena,Serena Williams,US Open,2015,SF,WTA
Pennetta,Flavia,Flavia Pennetta,US Open,2015,F,WTA
Vinci,Roberta,Roberta Vinci,US Open,2015,F,WTA
Pennetta,Flavia,Flavia Pennetta,US Open,2015,W,WTA
Anderson,Kevin,Kevin Anderson,Wimbledon,2015,R16,ATP
Bautista Agut,Roberto,Roberto Bautista Agut,Wimbledon,2015,R16,ATP
Berdych,Tomas,Tomas Berdych,Wimbledon,2015,R16,ATP
Cilic,Marin,Marin Cilic,Wimbledon,2015,R16,ATP
Djokovic,Novak,Novak Djokovic,Wimbledon,2015,R16,ATP
Federer,Roger,Roger Federer,Wimbledon,2015,R16,ATP
Gasquet,Richard,Richard Gasquet,Wimbledon,2015,R16,ATP
Goffin,David,David Goffin,Wimbledon,2015,R16,ATP
Karlovic,Ivo,Ivo Karlovic,Wimbledon,2015,R16,ATP
Kudla,Denis,Denis Kudla,Wimbledon,2015,R16,ATP
Kyrgios,Nick,Nick Kyrgios,Wimbledon,2015,R16,ATP
Murray,Andy,Andy Murray,Wimbledon,2015,R16,ATP
Pospisil,Vasek,Vasek Pospisil,Wimbledon,2015,R16,ATP
Simon,Gilles,Gilles Simon,Wimbledon,2015,R16,ATP
Troicki,Viktor,Viktor Troicki,Wimbledon,2015,R16,ATP
Wawrinka,Stan,Stan Wawrinka,Wimbledon,2015,R16,ATP
Cilic,Marin,Marin Cilic,Wimbledon,2015,QF,ATP
Djokovic,Novak,Novak Djokovic,Wimbledon,2015,QF,ATP
Federer,Roger,Roger Federer,Wimbledon,2015,QF,ATP
Gasquet,Richard,Richard Gasquet,Wimbledon,2015,QF,ATP
Murray,Andy,Andy Murray,Wimbledon,2015,QF,ATP
Pospisil,Vasek,Vasek Pospisil,Wimbledon,2015,QF,ATP
Simon,Gilles,Gilles Simon,Wimbledon,2015,QF,ATP
Wawrinka,Stan,Stan Wawrinka,Wimbledon,2015,QF,ATP
Djokovic,Novak,Novak Djokovic,Wimbledon,2015,SF,ATP
Federer,Roger,Roger Federer,Wimbledon,2015,SF,ATP
Gasquet,Richard,Richard Gasquet,Wimbledon,2015,SF,ATP
Murray,Andy,Andy Murray,Wimbledon,2015,SF,ATP
Djokovic,Novak,Novak Djokovic,Wimbledon,2015,F,ATP
Federer,Roger,Roger Federer,Wimbledon,2015,F,ATP
Djokovic,Novak,Novak Djokovic,Wimbledon,2015,W,ATP
Azarenka,Victoria,Victoria Azarenka,Wimbledon,2015,R16,WTA
Bacsinszky,Timea,Timea Bacsinszky,Wimbledon,2015,R16,WTA
Bencic,Belinda,Belinda Bencic,Wimbledon,2015,R16,WTA
Diyas,Zarina,Zarina Diyas,Wimbledon,2015,R16,WTA
Govortsova,Olga,Olga Govortsova,Wimbledon,2015,R16,WTA
Jankovic,Jelena,Jelena Jankovic,Wimbledon,2015,R16,WTA
Keys,Madison,Madison Keys,Wimbledon,2015,R16,WTA
Muguruza,Garbine,Garbine Muguruza,Wimbledon,2015,R16,WTA
Niculescu,Monica,Monica Niculescu,Wimbledon,2015,R16,WTA
Radwanska,Agnieszka,Agnieszka Radwanska,Wimbledon,2015,R16,WTA
Safarova,Lucie,Lucie Safarova,Wimbledon,2015,R16,WTA
Sharapova,Maria,Maria Sharapova,Wimbledon,2015,R16,WTA
Vandeweghe,Coco,Coco Vandeweghe,Wimbledon,2015,R16,WTA
Williams,Serena,Serena Williams,Wimbledon,2015,R16,WTA
Williams,Venus,Venus Williams,Wimbledon,2015,R16,WTA
Wozniacki,Caroline,Caroline Wozniacki,Wimbledon,2015,R16,WTA
Azarenka,Victoria,Victoria Azarenka,Wimbledon,2015,QF,WTA
Bacsinszky,Timea,Timea Bacsinszky,Wimbledon,2015,QF,WTA
Keys,Madison,Madison Keys,Wimbledon,2015,QF,WTA
Muguruza,Garbine,Garbine Muguruza,Wimbledon,2015,QF,WTA
Radwanska,Agnieszka,Agnieszka Radwanska,Wimbledon,2015,QF,WTA
Sharapova,Maria,Maria Sharapova,Wimbledon,2015,QF,WTA
Vandeweghe,Coco,Coco Vandeweghe,Wimbledon,2015,QF,WTA
Williams,Serena,Serena Williams,Wimbledon,2015,QF,WTA
Muguruza,Garbine,Garbine Muguruza,Wimbledon,2015,SF,WTA
Radwanska,Agnieszka,Agnieszka Radwanska,Wimbledon,2015,SF,WTA
Sharapova,Maria,Maria Sharapova,Wimbledon,2015,SF,WTA
Williams,Serena,Serena Williams,Wimbledon,2015,SF,WTA
Muguruza,Garbine,Garbine Muguruza,Wimbledon,2015,F,WTA
Williams,Serena,Serena Williams,Wimbledon,2015,F,WTA
Williams,Serena,Serena Williams,Wimbledon,2015,W,WTA
Bautista Agut,Roberto,Roberto Bautista Agut,Australian Open,2016,R16,ATP
Berdych,Tomas,Tomas Berdych,Australian Open,2016,R16,ATP
Djokovic,Novak,Novak Djokovic,Australian Open,2016,R16,ATP
Federer,Roger,Roger Federer,Australian Open,2016,R16,ATP
Ferrer,David,David Ferrer,Australian Open,2016,R16,ATP
Goffin,David,David Goffin,Australian Open,2016,R16,ATP
Isner,John,John Isner,Australian Open,2016,R16,ATP
Kuznetsov,Andrey,Andrey Kuznetsov,Australian Open,2016,R16,ATP
Monfils,Gael,Gael Monfils,Australian Open,2016,R16,ATP
Murray,Andy,Andy Murray,Australian Open,2016,R16,ATP
Nishikori,Kei,Kei Nishikori,Australian Open,2016,R16,ATP
Raonic,Milos,Milos Raonic,Australian Open,2016,R16,ATP
Simon,Gilles,Gilles Simon,Australian Open,2016,R16,ATP
Tomic,Bernard,Bernard Tomic,Australian Open,2016,R16,ATP
Tsonga,Jo-Wilfried,Jo-Wilfried Tsonga,Australian Open,2016,R16,ATP
Wawrinka,Stan,Stan Wawrinka,Australian Open,2016,R16,ATP
Berdych,Tomas,Tomas Berdych,Australian Open,2016,QF,ATP
Djokovic,Novak,Novak Djokovic,Australian Open,2016,QF,ATP
Federer,Roger,Roger Federer,Australian Open,2016,QF,ATP
Ferrer,David,David Ferrer,Australian Open,2016,QF,ATP
Monfils,Gael,Gael Monfils,Australian Open,2016,QF,ATP
Murray,Andy,Andy Murray,Australian Open,2016,QF,ATP
Nishikori,Kei,Kei Nishikori,Australian Open,2016,QF,ATP
Raonic,Milos,Milos Raonic,Australian Open,2016,QF,ATP
Djokovic,Novak,Novak Djokovic,Australian Open,2016,SF,ATP
Federer,Roger,Roger Federer,Australian Open,2016,SF,ATP
Murray,Andy,Andy Murray,Australian Open,2016,SF,ATP
Raonic,Milos,Milos Raonic,Australian Open,2016,SF,ATP
Djokovic,Novak,Novak Djokovic,Australian Open,2016,F,ATP
Murray,Andy,Andy Murray,Australian Open,2016,F,ATP
Djokovic,Novak,Novak Djokovic,Australian Open,2016,W,ATP
Azarenka,Victoria,Victoria Azarenka,Australian Open,2016,R16,WTA
Beck,Annika,Annika Beck,Australian Open,2016,R16,WTA
Bencic,Belinda,Belinda Bencic,Australian Open,2016,R16,WTA
Gasparyan,Margarita,Margarita Gasparyan,Australian Open,2016,R16,WTA
Kerber,Angelique,Angelique Kerber,Australian Open,2016,R16,WTA
Keys,Madison,Madison Keys,Australian Open,2016,R16,WTA
Konta,Johanna,Johanna Konta,Australian Open,2016,R16,WTA
Lena Friedsam,Anna,Anna Lena Friedsam,Australian Open,2016,R16,WTA
Makarova,Kate,Kate Makarova,Australian Open,2016,R16,WTA
Radwanska,Agnieszka,Agnieszka Radwanska,Australian Open,2016,R16,WTA
Saville,Daria,Daria Saville,Australian Open,2016,R16,WTA
Sharapova,Maria,Maria Sharapova,Australian Open,2016,R16,WTA
Strycova,Barbora,Barbora Strycova,Australian Open,2016,R16,WTA
Suarez Navarro,Carla,Carla Suarez Navarro,Australian Open,2016,R16,WTA
Williams,Serena,Serena Williams,Australian Open,2016,R16,WTA
Zhang,Shuai,Shuai Zhang,Australian Open,2016,R16,WTA
Azarenka,Victoria,Victoria Azarenka,Australian Open,2016,QF,WTA
Kerber,Angelique,Angelique Kerber,Australian Open,2016,QF,WTA
Konta,Johanna,Johanna Konta,Australian Open,2016,QF,WTA
Radwanska,Agnieszka,Agnieszka Radwanska,Australian Open,2016,QF,WTA
Sharapova,Maria,Maria Sharapova,Australian Open,2016,QF,WTA
Suarez Navarro,Carla,Carla Suarez Navarro,Australian Open,2016,QF,WTA
Williams,Serena,Serena Williams,Australian Open,2016,QF,WTA
Zhang,Shuai,Shuai Zhang,Australian Open,2016,QF,WTA
Kerber,Angelique,Angelique Kerber,Australian Open,2016,SF,WTA
Konta,Johanna,Johanna Konta,Australian Open,2016,SF,WTA
Radwanska,Agnieszka,Agnieszka Radwanska,Australian Open,2016,SF,WTA
Williams,Serena,Serena Williams,Australian Open,2016,SF,WTA
Kerber,Angelique,Angelique Kerber,Australian Open,2016,F,WTA
Williams,Serena,Serena Williams,Australian Open,2016,F,WTA
Kerber,Angelique,Angelique Kerber,Australian Open,2016,W,WTA
Bautista Agut,Roberto,Roberto Bautista Agut,French Open,2016,R16,ATP
Berdych,Tomas,Tomas Berdych,French Open,2016,R16,ATP
Djokovic,Novak,Novak Djokovic,French Open,2016,R16,ATP
Ferrer,David,David Ferrer,French Open,2016,R16,ATP
Gasquet,Richard,Richard Gasquet,French Open,2016,R16,ATP
Goffin,David,David Goffin,French Open,2016,R16,ATP
Granollers,Marcel,Marcel Granollers,French Open,2016,R16,ATP
Gulbis,Ernests,Ernests Gulbis,French Open,2016,R16,ATP
Isner,John,John Isner,French Open,2016,R16,ATP
Murray,Andy,Andy Murray,French Open,2016,R16,ATP
Nishikori,Kei,Kei Nishikori,French Open,2016,R16,ATP
Ramos,Albert,Albert Ramos,French Open,2016,R16,ATP
Raonic,Milos,Milos Raonic,French Open,2016,R16,ATP
Thiem,Dominic,Dominic Thiem,French Open,2016,R16,ATP
Troicki,Viktor,Viktor Troicki,French Open,2016,R16,ATP
Wawrinka,Stan,Stan Wawrinka,French Open,2016,R16,ATP
Berdych,Tomas,Tomas Berdych,French Open,2016,QF,ATP
Djokovic,Novak,Novak Djokovic,French Open,2016,QF,ATP
Gasquet,Richard,Richard Gasquet,French Open,2016,QF,ATP
Goffin,David,David Goffin,French Open,2016,QF,ATP
Murray,Andy,Andy Murray,French Open,2016,QF,ATP
Ramos,Albert,Albert Ramos,French Open,2016,QF,ATP
Thiem,Dominic,Dominic Thiem,French Open,2016,QF,ATP
Wawrinka,Stan,Stan Wawrinka,French Open,2016,QF,ATP
Djokovic,Novak,Novak Djokovic,French Open,2016,SF,ATP
Murray,Andy,Andy Murray,French Open,2016,SF,ATP
Thiem,Dominic,Dominic Thiem,French Open,2016,SF,ATP
Wawrinka,Stan,Stan Wawrinka,French Open,2016,SF,ATP
Djokovic,Novak,Novak Djokovic,French Open,2016,F,ATP
Murray,Andy,Andy Murray,French Open,2016,F,ATP
Djokovic,Novak,Novak Djokovic,French Open,2016,W,ATP
Bacsinszky,Timea,Timea Bacsinszky,French Open,2016,R16,WTA
Bertens,Kiki,Kiki Bertens,French Open,2016,R16,WTA
Camelia Begu,Irina,Irina Camelia Begu,French Open,2016,R16,WTA
Halep,Simona,Simona Halep,French Open,2016,R16,WTA
Keys,Madison,Madison Keys,French Open,2016,R16,WTA
Kuznetsova,Svetlana,Svetlana Kuznetsova,French Open,2016,R16,WTA
Muguruza,Garbine,Garbine Muguruza,French Open,2016,R16,WTA
Pironkova,Tsvetana,Tsvetana Pironkova,French Open,2016,R16,WTA
Putintseva,Yulia,Yulia Putintseva,French Open,2016,R16,WTA
Radwanska,Agnieszka,Agnieszka Radwanska,French Open,2016,R16,WTA
Rogers,Shelby,Shelby Rogers,French Open,2016,R16,WTA
Stosur,Samantha,Samantha Stosur,French Open,2016,R16,WTA
Suarez Navarro,Carla,Carla Suarez Navarro,French Open,2016,R16,WTA
Svitolina,Elina,Elina Svitolina,French Open,2016,R16,WTA
Williams,Serena,Serena Williams,French Open,2016,R16,WTA
Williams,Venus,Venus Williams,French Open,2016,R16,WTA
Bacsinszky,Timea,Timea Bacsinszky,French Open,2016,QF,WTA
Bertens,Kiki,Kiki Bertens,French Open,2016,QF,WTA
Muguruza,Garbine,Garbine Muguruza,French Open,2016,QF,WTA
Pironkova,Tsvetana,Tsvetana Pironkova,French Open,2016,QF,WTA
Putintseva,Yulia,Yulia Putintseva,French Open,2016,QF,WTA
Rogers,Shelby,Shelby Rogers,French Open,2016,QF,WTA
Stosur,Samantha,Samantha Stosur,French Open,2016,QF,WTA
Williams,Serena,Serena Williams,French Open,2016,QF,WTA
Bertens,Kiki,Kiki Bertens,French Open,2016,SF,WTA
Muguruza,Garbine,Garbine Muguruza,French Open,2016,SF,WTA
Stosur,Samantha,Samantha Stosur,French Open,2016,SF,WTA
Williams,Serena,Serena Williams,French Open,2016,SF,WTA
Muguruza,Garbine,Garbine Muguruza,French Open,2016,F,WTA
Williams,Serena,Serena Williams,French Open,2016,F,WTA
Muguruza,Garbine,Garbine Muguruza,French Open,2016,W,WTA
Baghdatis,Marcos,Marcos Baghdatis,US Open,2016,R16,ATP
Dimitrov,Grigor,Grigor Dimitrov,US Open,2016,R16,ATP
Djokovic,Novak,Novak Djokovic,US Open,2016,R16,ATP
Edmund,Kyle,Kyle Edmund,US Open,2016,R16,ATP
Karlovic,Ivo,Ivo Karlovic,US Open,2016,R16,ATP
Marchenko,Illya,Illya Marchenko,US Open,2016,R16,ATP
Martin del Potro,Juan,Juan Martin del Potro,US Open,2016,R16,ATP
Monfils,Gael,Gael Monfils,US Open,2016,R16,ATP
Murray,Andy,Andy Murray,US Open,2016,R16,ATP
Nadal,Rafael,Rafael Nadal,US Open,2016,R16,ATP
Nishikori,Kei,Kei Nishikori,US Open,2016,R16,ATP
Pouille,Lucas,Lucas Pouille,US Open,2016,R16,ATP
Sock,Jack,Jack Sock,US Open,2016,R16,ATP
Thiem,Dominic,Dominic Thiem,US Open,2016,R16,ATP
Tsonga,Jo-Wilfried,Jo-Wilfried Tsonga,US Open,2016,R16,ATP
Wawrinka,Stan,Stan Wawrinka,US Open,2016,R16,ATP
Djokovic,Novak,Novak Djokovic,US Open,2016,QF,ATP
Martin del Potro,Juan,Juan Martin del Potro,US Open,2016,QF,ATP
Monfils,Gael,Gael Monfils,US Open,2016,QF,ATP
Murray,Andy,Andy Murray,US Open,2016,QF,ATP
Nishikori,Kei,Kei Nishikori,US Open,2016,QF,ATP
Pouille,Lucas,Lucas Pouille,US Open,2016,QF,ATP
Tsonga,Jo-Wilfried,Jo-Wilfried Tsonga,US Open,2016,QF,ATP
Wawrinka,Stan,Stan Wawrinka,US Open,2016,QF,ATP
Djokovic,Novak,Novak Djokovic,US Open,2016,SF,ATP
Monfils,Gael,Gael Monfils,US Open,2016,SF,ATP
Nishikori,Kei,Kei Nishikori,US Open,2016,SF,ATP
Wawrinka,Stan,Stan Wawrinka,US Open,2016,SF,ATP
Djokovic,Novak,Novak Djokovic,US Open,2016,F,ATP
Wawrinka,Stan,Stan Wawrinka,US Open,2016,F,ATP
Wawrinka,Stan,Stan Wawrinka,US Open,2016,W,ATP
Halep,Simona,Simona Halep,US Open,2016,R16,WTA
Kerber,Angelique,Angelique Kerber,US Open,2016,R16,WTA
Keys,Madison,Madison Keys,US Open,2016,R16,WTA
Konjuh,Ana,Ana Konjuh,US Open,2016,R16,WTA
Konta,Johanna,Johanna Konta,US Open,2016,R16,WTA
Kvitova,Petra,Petra Kvitova,US Open,2016,R16,WTA
Pliskova,Karolina,Karolina Pliskova,US Open,2016,R16,WTA
Radwanska,Agnieszka,Agnieszka Radwanska,US Open,2016,R16,WTA
Sevastova,Anastasija,Anastasija Sevastova,US Open,2016,R16,WTA
Shvedova,Yaroslava,Yaroslava Shvedova,US Open,2016,R16,WTA
Suarez Navarro,Carla,Carla Suarez Navarro,US Open,2016,R16,WTA
Tsurenko,Lesia,Lesia Tsurenko,US Open,2016,R16,WTA
Vinci,Roberta,Roberta Vinci,US Open,2016,R16,WTA
Williams,Serena,Serena Williams,US Open,2016,R16,WTA
Williams,Venus,Venus Williams,US Open,2016,R16,WTA
Wozniacki,Caroline,Caroline Wozniacki,US Open,2016,R16,WTA
Halep,Simona,Simona Halep,US Open,2016,QF,WTA
Kerber,Angelique,Angelique Kerber,US Open,2016,QF,WTA
Konjuh,Ana,Ana Konjuh,US Open,2016,QF,WTA
Pliskova,Karolina,Karolina Pliskova,US Open,2016,QF,WTA
Sevastova,Anastasija,Anastasija Sevastova,US Open,2016,QF,WTA
Vinci,Roberta,Roberta Vinci,US Open,2016,QF,WTA
Williams,Serena,Serena Williams,US Open,2016,QF,WTA
Wozniacki,Caroline,Caroline Wozniacki,US Open,2016,QF,WTA
Kerber,Angelique,Angelique Kerber,US Open,2016,SF,WTA
Pliskova,Karolina,Karolina Pliskova,US Open,2016,SF,WTA
Williams,Serena,Serena Williams,US Open,2016,SF,WTA
Wozniacki,Caroline,Caroline Wozniacki,US Open,2016,SF,WTA
Kerber,Angelique,Angelique Kerber,US Open,2016,F,WTA
Pliskova,Karolina,Karolina Pliskova,US Open,2016,F,WTA
Kerber,Angelique,Angelique Kerber,US Open,2016,W,WTA
Berdych,Tomas,Tomas Berdych,Wimbledon,2016,R16,ATP
Cilic,Marin,Marin Cilic,Wimbledon,2016,R16,ATP
Federer,Roger,Roger Federer,Wimbledon,2016,R16,ATP
Gasquet,Richard,Richard Gasquet,Wimbledon,2016,R16,ATP
Goffin,David,David Goffin,Wimbledon,2016,R16,ATP
Johnson,Steve,Steve Johnson,Wimbledon,2016,R16,ATP
Kyrgios,Nick,Nick Kyrgios,Wimbledon,2016,R16,ATP
Mahut,Nicolas,Nicolas Mahut,Wimbledon,2016,R16,ATP
Murray,Andy,Andy Murray,Wimbledon,2016,R16,ATP
Nishikori,Kei,Kei Nishikori,Wimbledon,2016,R16,ATP
Pouille,Lucas,Lucas Pouille,Wimbledon,2016,R16,ATP
Querrey,Sam,Sam Querrey,Wimbledon,2016,R16,ATP
Raonic,Milos,Milos Raonic,Wimbledon,2016,R16,ATP
Tomic,Bernard,Bernard Tomic,Wimbledon,2016,R16,ATP
Tsonga,Jo-Wilfried,Jo-Wilfried Tsonga,Wimbledon,2016,R16,ATP
Vesely,Jiri,Jiri Vesely,Wimbledon,2016,R16,ATP
Berdych,Tomas,Tomas Berdych,Wimbledon,2016,QF,ATP
Cilic,Marin,Marin Cilic,Wimbledon,2016,QF,ATP
Federer,Roger,Roger Federer,Wimbledon,2016,QF,ATP
Murray,Andy,Andy Murray,Wimbledon,2016,QF,ATP
Pouille,Lucas,Lucas Pouille,Wimbledon,2016,QF,ATP
Querrey,Sam,Sam Querrey,Wimbledon,2016,QF,ATP
Raonic,Milos,Milos Raonic,Wimbledon,2016,QF,ATP
Tsonga,Jo-Wilfried,Jo-Wilfried Tsonga,Wimbledon,2016,QF,ATP
Berdych,Tomas,Tomas Berdych,Wimbledon,2016,SF,ATP
Federer,Roger,Roger Federer,Wimbledon,2016,SF,ATP
Murray,Andy,Andy Murray,Wimbledon,2016,SF,ATP
Raonic,Milos,Milos Raonic,Wimbledon,2016,SF,ATP
Murray,Andy,Andy Murray,Wimbledon,2016,F,ATP
Raonic,Milos,Milos Raonic,Wimbledon,2016,F,ATP
Murray,Andy,Andy Murray,Wimbledon,2016,W,ATP
Cibulkova,Dominika,Dominika Cibulkova,Wimbledon,2016,R16,WTA
Doi,Misaki,Misaki Doi,Wimbledon,2016,R16,WTA
Halep,Simona,Simona Halep,Wimbledon,2016,R16,WTA
Kerber,Angelique,Angelique Kerber,Wimbledon,2016,R16,WTA
Keys,Madison,Madison Keys,Wimbledon,2016,R16,WTA
Kuznetsova,Svetlana,Svetlana Kuznetsova,Wimbledon,2016,R16,WTA
Makarova,Kate,Kate Makarova,Wimbledon,2016,R16,WTA
Pavlyuchenkova,Anastasia,Anastasia Pavlyuchenkova,Wimbledon,2016,R16,WTA
Radwanska,Agnieszka,Agnieszka Radwanska,Wimbledon,2016,R16,WTA
Safarova,Lucie,Lucie Safarova,Wimbledon,2016,R16,WTA
Shvedova,Yaroslava,Yaroslava Shvedova,Wimbledon,2016,R16,WTA
Suarez Navarro,Carla,Carla Suarez Navarro,Wimbledon,2016,R16,WTA
Vandeweghe,Coco,Coco Vandeweghe,Wimbledon,2016,R16,WTA
Vesnina,Elena,Elena Vesnina,Wimbledon,2016,R16,WTA
Williams,Serena,Serena Williams,Wimbledon,2016,R16,WTA
Williams,Venus,Venus Williams,Wimbledon,2016,R16,WTA
Cibulkova,Dominika,Dominika Cibulkova,Wimbledon,2016,QF,WTA
Halep,Simona,Simona Halep,Wimbledon,2016,QF,WTA
Kerber,Angelique,Angelique Kerber,Wimbledon,2016,QF,WTA
Pavlyuchenkova,Anastasia,Anastasia Pavlyuchenkova,Wimbledon,2016,QF,WTA
Shvedova,Yaroslava,Yaroslava Shvedova,Wimbledon,2016,QF,WTA
Vesnina,Elena,Elena Vesnina,Wimbledon,2016,QF,WTA
Williams,Serena,Serena Williams,Wimbledon,2016,QF,WTA
Williams,Venus,Venus Williams,Wimbledon,2016,QF,WTA
Kerber,Angelique,Angelique Kerber,Wimbledon,2016,SF,WTA
Vesnina,Elena,Elena Vesnina,Wimbledon,2016,SF,WTA
Williams,Serena,Serena Williams,Wimbledon,2016,SF,WTA
Williams,Venus,Venus Williams,Wimbledon,2016,SF,WTA
Kerber,Angelique,Angelique Kerber,Wimbledon,2016,F,WTA
Williams,Serena,Serena Williams,Wimbledon,2016,F,WTA
Williams,Serena,Serena Williams,Wimbledon,2016,W,WTA
Bautista Agut,Roberto,Roberto Bautista Agut,Australian Open,2017,R16,ATP
Dimitrov,Grigor,Grigor Dimitrov,Australian Open,2017,R16,ATP
Evans,Daniel,Daniel Evans,Australian Open,2017,R16,ATP
Federer,Roger,Roger Federer,Australian Open,2017,R16,ATP
Goffin,David,David Goffin,Australian Open,2017,R16,ATP
Istomin,Denis,Denis Istomin,Australian Open,2017,R16,ATP
Monfils,Gael,Gael Monfils,Australian Open,2017,R16,ATP
Murray,Andy,Andy Murray,Australian Open,2017,R16,ATP
Nadal,Rafael,Rafael Nadal,Australian Open,2017,R16,ATP
Nishikori,Kei,Kei Nishikori,Australian Open,2017,R16,ATP
Raonic,Milos,Milos Raonic,Australian Open,2017,R16,ATP
Seppi,Andreas,Andreas Seppi,Australian Open,2017,R16,ATP
Thiem,Dominic,Dominic Thiem,Australian Open,2017,R16,ATP
Tsonga,Jo-Wilfried,Jo-Wilfried Tsonga,Australian Open,2017,R16,ATP
Wawrinka,Stan,Stan Wawrinka,Australian Open,2017,R16,ATP
Zverev,Mischa,Mischa Zverev,Australian Open,2017,R16,ATP
Dimitrov,Grigor,Grigor Dimitrov,Australian Open,2017,QF,ATP
Federer,Roger,Roger Federer,Australian Open,2017,QF,ATP
Goffin,David,David Goffin,Australian Open,2017,QF,ATP
Nadal,Rafael,Rafael Nadal,Australian Open,2017,QF,ATP
Raonic,Milos,Milos Raonic,Australian Open,2017,QF,ATP
Tsonga,Jo-Wilfried,Jo-Wilfried Tsonga,Australian Open,2017,QF,ATP
Wawrinka,Stan,Stan Wawrinka,Australian Open,2017,QF,ATP
Zverev,Mischa,Mischa Zverev,Australian Open,2017,QF,ATP
Dimitrov,Grigor,Grigor Dimitrov,Australian Open,2017,SF,ATP
Federer,Roger,Roger Federer,Australian Open,2017,SF,ATP
Nadal,Rafael,Rafael Nadal,Australian Open,2017,SF,ATP
Wawrinka,Stan,Stan Wawrinka,Australian Open,2017,SF,ATP
Federer,Roger,Roger Federer,Australian Open,2017,F,ATP
Nadal,Rafael,Rafael Nadal,Australian Open,2017,F,ATP
Federer,Roger,Roger Federer,Australian Open,2017,W,ATP
Barthel,Mona,Mona Barthel,Australian Open,2017,R16,WTA
Brady,Jennifer,Jennifer Brady,Australian Open,2017,R16,WTA
Cirstea,Sorana,Sorana Cirstea,Australian Open,2017,R16,WTA
Kerber,Angelique,Angelique Kerber,Australian Open,2017,R16,WTA
Konta,Johanna,Johanna Konta,Australian Open,2017,R16,WTA
Kuznetsova,Svetlana,Svetlana Kuznetsova,Australian Open,2017,R16,WTA
Lucic,Mirjana,Mirjana Lucic,Australian Open,2017,R16,WTA
Makarova,Kate,Kate Makarova,Australian Open,2017,R16,WTA
Muguruza,Garbine,Garbine Muguruza,Australian Open,2017,R16,WTA
Pavlyuchenkova,Anastasia,Anastasia Pavlyuchenkova,Australian Open,2017,R16,WTA
Pliskova,Karolina,Karolina Pliskova,Australian Open,2017,R16,WTA
Saville,Daria,Daria Saville,Australian Open,2017,R16,WTA
Strycova,Barbora,Barbora Strycova,Australian Open,2017,R16,WTA
Vandeweghe,Coco,Coco Vandeweghe,Australian Open,2017,R16,WTA
Williams,Venus,Venus Williams,Australian Open,2017,R16,WTA
Williams,Serena,Serena Williams,Australian Open,2017,R16,WTA
Konta,Johanna,Johanna Konta,Australian Open,2017,QF,WTA
Lucic,Mirjana,Mirjana Lucic,Australian Open,2017,QF,WTA
Muguruza,Garbine,Garbine Muguruza,Australian Open,2017,QF,WTA
Pavlyuchenkova,Anastasia,Anastasia Pavlyuchenkova,Australian Open,2017,QF,WTA
Pliskova,Karolina,Karolina Pliskova,Australian Open,2017,QF,WTA
Vandeweghe,Coco,Coco Vandeweghe,Australian Open,2017,QF,WTA
Williams,Venus,Venus Williams,Australian Open,2017,QF,WTA
Williams,Serena,Serena Williams,Australian Open,2017,QF,WTA
Lucic,Mirjana,Mirjana Lucic,Australian Open,2017,SF,WTA
Vandeweghe,Coco,Coco Vandeweghe,Australian Open,2017,SF,WTA
Williams,Venus,Venus Williams,Australian Open,2017,SF,WTA
Williams,Serena,Serena Williams,Australian Open,2017,SF,WTA
Williams,Serena,Serena Williams,Australian Open,2017,F,WTA
Williams,Venus,Venus Williams,Australian Open,2017,F,WTA
Williams,Serena,Serena Williams,Australian Open,2017,W,WTA
Anderson,Kevin,Kevin Anderson,French Open,2017,R16,ATP
Bautista Agut,Roberto,Roberto Bautista Agut,French Open,2017,R16,ATP
Carreno Busta,Pablo,Pablo Carreno Busta,French Open,2017,R16,ATP
Cilic,Marin,Marin Cilic,French Open,2017,R16,ATP
Djokovic,Novak,Novak Djokovic,French Open,2017,R16,ATP
Khachanov,Karen,Karen Khachanov,French Open,2017,R16,ATP
Monfils,Gael,Gael Monfils,French Open,2017,R16,ATP
Murray,Andy,Andy Murray,French Open,2017,R16,ATP
Nadal,Rafael,Rafael Nadal,French Open,2017,R16,ATP
Nishikori,Kei,Kei Nishikori,French Open,2017,R16,ATP
Ramos,Albert,Albert Ramos,French Open,2017,R16,ATP
Raonic,Milos,Milos Raonic,French Open,2017,R16,ATP
Thiem,Dominic,Dominic Thiem,French Open,2017,R16,ATP
Verdasco,Fernando,Fernando Verdasco,French Open,2017,R16,ATP
Wawrinka,Stan,Stan Wawrinka,French Open,2017,R16,ATP
Zeballos,Horacio,Horacio Zeballos,French Open,2017,R16,ATP
Carreno Busta,Pablo,Pablo Carreno Busta,French Open,2017,QF,ATP
Cilic,Marin,Marin Cilic,French Open,2017,QF,ATP
Djokovic,Novak,Novak Djokovic,French Open,2017,QF,ATP
Murray,Andy,Andy Murray,French Open,2017,QF,ATP
Nadal,Rafael,Rafael Nadal,French Open,2017,QF,ATP
Nishikori,Kei,Kei Nishikori,French Open,2017,QF,ATP
Thiem,Dominic,Dominic Thiem,French Open,2017,QF,ATP
Wawrinka,Stan,Stan Wawrinka,French Open,2017,QF,ATP
Murray,Andy,Andy Murray,French Open,2017,SF,ATP
Nadal,Rafael,Rafael Nadal,French Open,2017,SF,ATP
Thiem,Dominic,Dominic Thiem,French Open,2017,SF,ATP
Wawrinka,Stan,Stan Wawrinka,French Open,2017,SF,ATP
Nadal,Rafael,Rafael Nadal,French Open,2017,F,ATP
Wawrinka,Stan,Stan Wawrinka,French Open,2017,F,ATP
Nadal,Rafael,Rafael Nadal,French Open,2017,W,ATP
Bacsinszky,Timea,Timea Bacsinszky,French Open,2017,R16,WTA
Cepede Royg,Veronica,Veronica Cepede Royg,French Open,2017,R16,WTA
Cornet,Alize,Alize Cornet,French Open,2017,R16,WTA
Garcia,Caroline,Caroline Garcia,French Open,2017,R16,WTA
Halep,Simona,Simona Halep,French Open,2017,R16,WTA
Kuznetsova,Svetlana,Svetlana Kuznetsova,French Open,2017,R16,WTA
Martic,Petra,Petra Martic,French Open,2017,R16,WTA
Mladenovic,Kristina,Kristina Mladenovic,French Open,2017,R16,WTA
Muguruza,Garbine,Garbine Muguruza,French Open,2017,R16,WTA
Ostapenko,Jelena,Jelena Ostapenko,French Open,2017,R16,WTA
Pliskova,Karolina,Karolina Pliskova,French Open,2017,R16,WTA
Stosur,Samantha,Samantha Stosur,French Open,2017,R16,WTA
Suarez Navarro,Carla,Carla Suarez Navarro,French Open,2017,R16,WTA
Svitolina,Elina,Elina Svitolina,French Open,2017,R16,WTA
Williams,Venus,Venus Williams,French Open,2017,R16,WTA
Wozniacki,Caroline,Caroline Wozniacki,French Open,2017,R16,WTA
Bacsinszky,Timea,Timea Bacsinszky,French Open,2017,QF,WTA
Garcia,Caroline,Caroline Garcia,French Open,2017,QF,WTA
Halep,Simona,Simona Halep,French Open,2017,QF,WTA
Mladenovic,Kristina,Kristina Mladenovic,French Open,2017,QF,WTA
Ostapenko,Jelena,Jelena Ostapenko,French Open,2017,QF,WTA
Pliskova,Karolina,Karolina Pliskova,French Open,2017,QF,WTA
Svitolina,Elina,Elina Svitolina,French Open,2017,QF,WTA
Wozniacki,Caroline,Caroline Wozniacki,French Open,2017,QF,WTA
Bacsinszky,Timea,Timea Bacsinszky,French Open,2017,SF,WTA
Halep,Simona,Simona Halep,French Open,2017,SF,WTA
Ostapenko,Jelena,Jelena Ostapenko,French Open,2017,SF,WTA
Pliskova,Karolina,Karolina Pliskova,French Open,2017,SF,WTA
Halep,Simona,Simona Halep,French Open,2017,F,WTA
Ostapenko,Jelena,Jelena Ostapenko,French Open,2017,F,WTA
Ostapenko,Jelena,Jelena Ostapenko,French Open,2017,W,WTA
Anderson,Kevin,Kevin Anderson,US Open,2017,R16,ATP
Carreno Busta,Pablo,Pablo Carreno Busta,US Open,2017,R16,ATP
Dolgopolov,Alexandr,Alexandr Dolgopolov,US Open,2017,R16,ATP
Federer,Roger,Roger Federer,US Open,2017,R16,ATP
Goffin,David,David Goffin,US Open,2017,R16,ATP
Kohlschreiber,Philipp,Philipp Kohlschreiber,US Open,2017,R16,ATP
Lorenzi,Paolo,Paolo Lorenzi,US Open,2017,R16,ATP
Martin del Potro,Juan,Juan Martin del Potro,US Open,2017,R16,ATP
Nadal,Rafael,Rafael Nadal,US Open,2017,R16,ATP
Pouille,Lucas,Lucas Pouille,US Open,2017,R16,ATP
Querrey,Sam,Sam Querrey,US Open,2017,R16,ATP
Rublev,Andrey,Andrey Rublev,US Open,2017,R16,ATP
Schwartzman,Diego,Diego Schwartzman,US Open,2017,R16,ATP
Shapovalov,Denis,Denis Shapovalov,US Open,2017,R16,ATP
Thiem,Dominic,Dominic Thiem,US Open,2017,R16,ATP
Zverev,Mischa,Mischa Zverev,US Open,2017,R16,ATP
Anderson,Kevin,Kevin Anderson,US Open,2017,QF,ATP
Carreno Busta,Pablo,Pablo Carreno Busta,US Open,2017,QF,ATP
Federer,Roger,Roger Federer,US Open,2017,QF,ATP
Martin del Potro,Juan,Juan Martin del Potro,US Open,2017,QF,ATP
Nadal,Rafael,Rafael Nadal,US Open,2017,QF,ATP
Querrey,Sam,Sam Querrey,US Open,2017,QF,ATP
Rublev,Andrey,Andrey Rublev,US Open,2017,QF,ATP
Schwartzman,Diego,Diego Schwartzman,US Open,2017,QF,ATP
Anderson,Kevin,Kevin Anderson,US Open,2017,SF,ATP
Carreno Busta,Pablo,Pablo Carreno Busta,US Open,2017,SF,ATP
Martin del Potro,Juan,Juan Martin del Potro,US Open,2017,SF,ATP
Nadal,Rafael,Rafael Nadal,US Open,2017,SF,ATP
Anderson,Kevin,Kevin Anderson,US Open,2017,F,ATP
Nadal,Rafael,Rafael Nadal,US Open,2017,F,ATP
Nadal,Rafael,Rafael Nadal,US Open,2017,W,ATP
Brady,Jennifer,Jennifer Brady,US Open,2017,R16,WTA
Goerges,Julia,Julia Goerges,US Open,2017,R16,WTA
Kanepi,Kaia,Kaia Kanepi,US Open,2017,R16,WTA
Kasatkina,Daria,Daria Kasatkina,US Open,2017,R16,WTA
Keys,Madison,Madison Keys,US Open,2017,R16,WTA
Kvitova,Petra,Petra Kvitova,US Open,2017,R16,WTA
Muguruza,Garbine,Garbine Muguruza,US Open,2017,R16,WTA
Pliskova,Karolina,Karolina Pliskova,US Open,2017,R16,WTA
Safarova,Lucie,Lucie Safarova,US Open,2017,R16,WTA
Sevastova,Anastasija,Anastasija Sevastova,US Open,2017,R16,WTA
Sharapova,Maria,Maria Sharapova,US Open,2017,R16,WTA
Stephens,Sloane,Sloane Stephens,US Open,2017,R16,WTA
Suarez Navarro,Carla,Carla Suarez Navarro,US Open,2017,R16,WTA
Svitolina,Elina,Elina Svitolina,US Open,2017,R16,WTA
Vandeweghe,Coco,Coco Vandeweghe,US Open,2017,R16,WTA
Williams,Venus,Venus Williams,US Open,2017,R16,WTA
Kanepi,Kaia,Kaia Kanepi,US Open,2017,QF,WTA
Keys,Madison,Madison Keys,US Open,2017,QF,WTA
Kvitova,Petra,Petra Kvitova,US Open,2017,QF,WTA
Pliskova,Karolina,Karolina Pliskova,US Open,2017,QF,WTA
Sevastova,Anastasija,Anastasija Sevastova,US Open,2017,QF,WTA
Stephens,Sloane,Sloane Stephens,US Open,2017,QF,WTA
Vandeweghe,Coco,Coco Vandeweghe,US Open,2017,QF,WTA
Williams,Venus,Venus Williams,US Open,2017,QF,WTA
Keys,Madison,Madison Keys,US Open,2017,SF,WTA
Stephens,Sloane,Sloane Stephens,US Open,2017,SF,WTA
Vandeweghe,Coco,Coco Vandeweghe,US Open,2017,SF,WTA
Williams,Venus,Venus Williams,US Open,2017,SF,WTA
Keys,Madison,Madison Keys,US Open,2017,F,WTA
Stephens,Sloane,Sloane Stephens,US Open,2017,F,WTA
Stephens,Sloane,Sloane Stephens,US Open,2017,W,WTA
Anderson,Kevin,Kevin Anderson,Wimbledon,2017,R16,ATP
Bautista Agut,Roberto,Roberto Bautista Agut,Wimbledon,2017,R16,ATP
Berdych,Tomas,Tomas Berdych,Wimbledon,2017,R16,ATP
Cilic,Marin,Marin Cilic,Wimbledon,2017,R16,ATP
Dimitrov,Grigor,Grigor Dimitrov,Wimbledon,2017,R16,ATP
Djokovic,Novak,Novak Djokovic,Wimbledon,2017,R16,ATP
Federer,Roger,Roger Federer,Wimbledon,2017,R16,ATP
Mannarino,Adrian,Adrian Mannarino,Wimbledon,2017,R16,ATP
Muller,Gilles,Gilles Muller,Wimbledon,2017,R16,ATP
Murray,Andy,Andy Murray,Wimbledon,2017,R16,ATP
Nadal,Rafael,Rafael Nadal,Wimbledon,2017,R16,ATP
Paire,Benoit,Benoit Paire,Wimbledon,2017,R16,ATP
Querrey,Sam,Sam Querrey,Wimbledon,2017,R16,ATP
Raonic,Milos,Milos Raonic,Wimbledon,2017,R16,ATP
Thiem,Dominic,Dominic Thiem,Wimbledon,2017,R16,ATP
Zverev,Alexander,Alexander Zverev,Wimbledon,2017,R16,ATP
Berdych,Tomas,Tomas Berdych,Wimbledon,2017,QF,ATP
Cilic,Marin,Marin Cilic,Wimbledon,2017,QF,ATP
Djokovic,Novak,Novak Djokovic,Wimbledon,2017,QF,ATP
Federer,Roger,Roger Federer,Wimbledon,2017,QF,ATP
Muller,Gilles,Gilles Muller,Wimbledon,2017,QF,ATP
Murray,Andy,Andy Murray,Wimbledon,2017,QF,ATP
Querrey,Sam,Sam Querrey,Wimbledon,2017,QF,ATP
Raonic,Milos,Milos Raonic,Wimbledon,2017,QF,ATP
Berdych,Tomas,Tomas Berdych,Wimbledon,2017,SF,ATP
Cilic,Marin,Marin Cilic,Wimbledon,2017,SF,ATP
Federer,Roger,Roger Federer,Wimbledon,2017,SF,ATP
Querrey,Sam,Sam Querrey,Wimbledon,2017,SF,ATP
Cilic,Marin,Marin Cilic,Wimbledon,2017,F,ATP
Federer,Roger,Roger Federer,Wimbledon,2017,F,ATP
Federer,Roger,Roger Federer,Wimbledon,2017,W,ATP
Azarenka,Victoria,Victoria Azarenka,Wimbledon,2017,R16,WTA
Garcia,Caroline,Caroline Garcia,Wimbledon,2017,R16,WTA
Halep,Simona,Simona Halep,Wimbledon,2017,R16,WTA
Kerber,Angelique,Angelique Kerber,Wimbledon,2017,R16,WTA
Konjuh,Ana,Ana Konjuh,Wimbledon,2017,R16,WTA
Konta,Johanna,Johanna Konta,Wimbledon,2017,R16,WTA
Kuznetsova,Svetlana,Svetlana Kuznetsova,Wimbledon,2017,R16,WTA
Martic,Petra,Petra Martic,Wimbledon,2017,R16,WTA
Muguruza,Garbine,Garbine Muguruza,Wimbledon,2017,R16,WTA
Ostapenko,Jelena,Jelena Ostapenko,Wimbledon,2017,R16,WTA
Radwanska,Agnieszka,Agnieszka Radwanska,Wimbledon,2017,R16,WTA
Rybarikova,Magdalena,Magdalena Rybarikova,Wimbledon,2017,R16,WTA
Svitolina,Elina,Elina Svitolina,Wimbledon,2017,R16,WTA
Vandeweghe,Coco,Coco Vandeweghe,Wimbledon,2017,R16,WTA
Williams,Venus,Venus Williams,Wimbledon,2017,R16,WTA
Wozniacki,Caroline,Caroline Wozniacki,Wimbledon,2017,R16,WTA
Halep,Simona,Simona Halep,Wimbledon,2017,QF,WTA
Konta,Johanna,Johanna Konta,Wimbledon,2017,QF,WTA
Kuznetsova,Svetlana,Svetlana Kuznetsova,Wimbledon,2017,QF,WTA
Muguruza,Garbine,Garbine Muguruza,Wimbledon,2017,QF,WTA
Ostapenko,Jelena,Jelena Ostapenko,Wimbledon,2017,QF,WTA
Rybarikova,Magdalena,Magdalena Rybarikova,Wimbledon,2017,QF,WTA
Vandeweghe,Coco,Coco Vandeweghe,Wimbledon,2017,QF,WTA
Williams,Venus,Venus Williams,Wimbledon,2017,QF,WTA
Konta,Johanna,Johanna Konta,Wimbledon,2017,SF,WTA
Muguruza,Garbine,Garbine Muguruza,Wimbledon,2017,SF,WTA
Rybarikova,Magdalena,Magdalena Rybarikova,Wimbledon,2017,SF,WTA
Williams,Venus,Venus Williams,Wimbledon,2017,SF,WTA
Muguruza,Garbine,Garbine Muguruza,Wimbledon,2017,F,WTA
Williams,Venus,Venus Williams,Wimbledon,2017,F,WTA
Muguruza,Garbine,Garbine Muguruza,Wimbledon,2017,W,WTA
Berdych,Tomas,Tomas Berdych,Australian Open,2018,R16,ATP
Carreno Busta,Pablo,Pablo Carreno Busta,Australian Open,2018,R16,ATP
Chung,Hyeon,Hyeon Chung,Australian Open,2018,R16,ATP
Cilic,Marin,Marin Cilic,Australian Open,2018,R16,ATP
Dimitrov,Grigor,Grigor Dimitrov,Australian Open,2018,R16,ATP
Djokovic,Novak,Novak Djokovic,Australian Open,2018,R16,ATP
Edmund,Kyle,Kyle Edmund,Australian Open,2018,R16,ATP
Federer,Roger,Roger Federer,Australian Open,2018,R16,ATP
Fognini,Fabio,Fabio Fognini,Australian Open,2018,R16,ATP
Fucsovics,Marton,Marton Fucsovics,Australian Open,2018,R16,ATP
Kyrgios,Nick,Nick Kyrgios,Australian Open,2018,R16,ATP
Nadal,Rafael,Rafael Nadal,Australian Open,2018,R16,ATP
Sandgren,Tennys,Tennys Sandgren,Australian Open,2018,R16,ATP
Schwartzman,Diego,Diego Schwartzman,Australian Open,2018,R16,ATP
Seppi,Andreas,Andreas Seppi,Australian Open,2018,R16,ATP
Thiem,Dominic,Dominic Thiem,Australian Open,2018,R16,ATP
Berdych,Tomas,Tomas Berdych,Australian Open,2018,QF,ATP
Chung,Hyeon,Hyeon Chung,Australian Open,2018,QF,ATP
Cilic,Marin,Marin Cilic,Australian Open,2018,QF,ATP
Dimitrov,Grigor,Grigor Dimitrov,Australian Open,2018,QF,ATP
Edmund,Kyle,Kyle Edmund,Australian Open,2018,QF,ATP
Federer,Roger,Roger Federer,Australian Open,2018,QF,ATP
Nadal,Rafael,Rafael Nadal,Australian Open,2018,QF,ATP
Sandgren,Tennys,Tennys Sandgren,Australian Open,2018,QF,ATP
Chung,Hyeon,Hyeon Chung,Australian Open,2018,SF,ATP
Cilic,Marin,Marin Cilic,Australian Open,2018,SF,ATP
Edmund,Kyle,Kyle Edmund,Australian Open,2018,SF,ATP
Federer,Roger,Roger Federer,Australian Open,2018,SF,ATP
Cilic,Marin,Marin Cilic,Australian Open,2018,F,ATP
Federer,Roger,Roger Federer,Australian Open,2018,F,ATP
Federer,Roger,Roger Federer,Australian Open,2018,W,ATP
Allertova,Denisa,Denisa Allertova,Australian Open,2018,R16,WTA
Garcia,Caroline,Caroline Garcia,Australian Open,2018,R16,WTA
Halep,Simona,Simona Halep,Australian Open,2018,R16,WTA
Kerber,Angelique,Angelique Kerber,Australian Open,2018,R16,WTA
Keys,Madison,Madison Keys,Australian Open,2018,R16,WTA
Kontaveit,Anett,Anett Kontaveit,Australian Open,2018,R16,WTA
Martic,Petra,Petra Martic,Australian Open,2018,R16,WTA
Mertens,Elise,Elise Mertens,Australian Open,2018,R16,WTA
Osaka,Naomi,Naomi Osaka,Australian Open,2018,R16,WTA
Pliskova,Karolina,Karolina Pliskova,Australian Open,2018,R16,WTA
Rybarikova,Magdalena,Magdalena Rybarikova,Australian Open,2018,R16,WTA
Strycova,Barbora,Barbora Strycova,Australian Open,2018,R16,WTA
Suarez Navarro,Carla,Carla Suarez Navarro,Australian Open,2018,R16,WTA
Svitolina,Elina,Elina Svitolina,Australian Open,2018,R16,WTA
Wei Hsieh,Su,Su Wei Hsieh,Australian Open,2018,R16,WTA
Wozniacki,Caroline,Caroline Wozniacki,Australian Open,2018,R16,WTA
Halep,Simona,Simona Halep,Australian Open,2018,QF,WTA
Kerber,Angelique,Angelique Kerber,Australian Open,2018,QF,WTA
Keys,Madison,Madison Keys,Australian Open,2018,QF,WTA
Mertens,Elise,Elise Mertens,Australian Open,2018,QF,WTA
Pliskova,Karolina,Karolina Pliskova,Australian Open,2018,QF,WTA
Suarez Navarro,Carla,Carla Suarez Navarro,Australian Open,2018,QF,WTA
Svitolina,Elina,Elina Svitolina,Australian Open,2018,QF,WTA
Wozniacki,Caroline,Caroline Wozniacki,Australian Open,2018,QF,WTA
Halep,Simona,Simona Halep,Australian Open,2018,SF,WTA
Kerber,Angelique,Angelique Kerber,Australian Open,2018,SF,WTA
Mertens,Elise,Elise Mertens,Australian Open,2018,SF,WTA
Wozniacki,Caroline,Caroline Wozniacki,Australian Open,2018,SF,WTA
Halep,Simona,Simona Halep,Australian Open,2018,F,WTA
Wozniacki,Caroline,Caroline Wozniacki,Australian Open,2018,F,WTA
Wozniacki,Caroline,Caroline Wozniacki,Australian Open,2018,W,WTA
Anderson,Kevin,Kevin Anderson,French Open,2018,R16,ATP
Cecchinato,Marco,Marco Cecchinato,French Open,2018,R16,ATP
Cilic,Marin,Marin Cilic,French Open,2018,R16,ATP
Djokovic,Novak,Novak Djokovic,French Open,2018,R16,ATP
Fognini,Fabio,Fabio Fognini,French Open,2018,R16,ATP
Goffin,David,David Goffin,French Open,2018,R16,ATP
Isner,John,John Isner,French Open,2018,R16,ATP
Khachanov,Karen,Karen Khachanov,French Open,2018,R16,ATP
Marterer,Maximilian,Maximilian Marterer,French Open,2018,R16,ATP
Martin del Potro,Juan,Juan Martin del Potro,French Open,2018,R16,ATP
Nadal,Rafael,Rafael Nadal,French Open,2018,R16,ATP
Nishikori,Kei,Kei Nishikori,French Open,2018,R16,ATP
Schwartzman,Diego,Diego Schwartzman,French Open,2018,R16,ATP
Thiem,Dominic,Dominic Thiem,French Open,2018,R16,ATP
Verdasco,Fernando,Fernando Verdasco,French Open,2018,R16,ATP
Zverev,Alexander,Alexander Zverev,French Open,2018,R16,ATP
Cecchinato,Marco,Marco Cecchinato,French Open,2018,QF,ATP
Cilic,Marin,Marin Cilic,French Open,2018,QF,ATP
Djokovic,Novak,Novak Djokovic,French Open,2018,QF,ATP
Martin del Potro,Juan,Juan Martin del Potro,French Open,2018,QF,ATP
Nadal,Rafael,Rafael Nadal,French Open,2018,QF,ATP
Schwartzman,Diego,Diego Schwartzman,French Open,2018,QF,ATP
Thiem,Dominic,Dominic Thiem,French Open,2018,QF,ATP
Zverev,Alexander,Alexander Zverev,French Open,2018,QF,ATP
Cecchinato,Marco,Marco Cecchinato,French Open,2018,SF,ATP
Martin del Potro,Juan,Juan Martin del Potro,French Open,2018,SF,ATP
Nadal,Rafael,Rafael Nadal,French Open,2018,SF,ATP
Thiem,Dominic,Dominic Thiem,French Open,2018,SF,ATP
Nadal,Rafael,Rafael Nadal,French Open,2018,F,ATP
Thiem,Dominic,Dominic Thiem,French Open,2018,F,ATP
Nadal,Rafael,Rafael Nadal,French Open,2018,W,ATP
Buzarnescu,Mihaela,Mihaela Buzarnescu,French Open,2018,R16,WTA
Garcia,Caroline,Caroline Garcia,French Open,2018,R16,WTA
Halep,Simona,Simona Halep,French Open,2018,R16,WTA
Kasatkina,Daria,Daria Kasatkina,French Open,2018,R16,WTA
Kerber,Angelique,Angelique Kerber,French Open,2018,R16,WTA
Keys,Madison,Madison Keys,French Open,2018,R16,WTA
Kontaveit,Anett,Anett Kontaveit,French Open,2018,R16,WTA
Mertens,Elise,Elise Mertens,French Open,2018,R16,WTA
Muguruza,Garbine,Garbine Muguruza,French Open,2018,R16,WTA
Putintseva,Yulia,Yulia Putintseva,French Open,2018,R16,WTA
Sharapova,Maria,Maria Sharapova,French Open,2018,R16,WTA
Stephens,Sloane,Sloane Stephens,French Open,2018,R16,WTA
Strycova,Barbora,Barbora Strycova,French Open,2018,R16,WTA
Tsurenko,Lesia,Lesia Tsurenko,French Open,2018,R16,WTA
Williams,Serena,Serena Williams,French Open,2018,R16,WTA
Wozniacki,Caroline,Caroline Wozniacki,French Open,2018,R16,WTA
Halep,Simona,Simona Halep,French Open,2018,QF,WTA
Kasatkina,Daria,Daria Kasatkina,French Open,2018,QF,WTA
Kerber,Angelique,Angelique Kerber,French Open,2018,QF,WTA
Keys,Madison,Madison Keys,French Open,2018,QF,WTA
Muguruza,Garbine,Garbine Muguruza,French Open,2018,QF,WTA
Putintseva,Yulia,Yulia Putintseva,French Open,2018,QF,WTA
Sharapova,Maria,Maria Sharapova,French Open,2018,QF,WTA
Stephens,Sloane,Sloane Stephens,French Open,2018,QF,WTA
Halep,Simona,Simona Halep,French Open,2018,SF,WTA
Keys,Madison,Madison Keys,French Open,2018,SF,WTA
Muguruza,Garbine,Garbine Muguruza,French Open,2018,SF,WTA
Stephens,Sloane,Sloane Stephens,French Open,2018,SF,WTA
Halep,Simona,Simona Halep,French Open,2018,F,WTA
Stephens,Sloane,Sloane Stephens,French Open,2018,F,WTA
Halep,Simona,Simona Halep,French Open,2018,W,WTA
Anderson,Kevin,Kevin Anderson,US Open,2018,R16,ATP
Basilashvili,Nikoloz,Nikoloz Basilashvili,US Open,2018,R16,ATP
Cilic,Marin,Marin Cilic,US Open,2018,R16,ATP
Coric,Borna,Borna Coric,US Open,2018,R16,ATP
Djokovic,Novak,Novak Djokovic,US Open,2018,R16,ATP
Federer,Roger,Roger Federer,US Open,2018,R16,ATP
Goffin,David,David Goffin,US Open,2018,R16,ATP
Isner,John,John Isner,US Open,2018,R16,ATP
Kohlschreiber,Philipp,Philipp Kohlschreiber,US Open,2018,R16,ATP
Martin del Potro,Juan,Juan Martin del Potro,US Open,2018,R16,ATP
Millman,John,John Millman,US Open,2018,R16,ATP
Nadal,Rafael,Rafael Nadal,US Open,2018,R16,ATP
Nishikori,Kei,Kei Nishikori,US Open,2018,R16,ATP
Raonic,Milos,Milos Raonic,US Open,2018,R16,ATP
Sousa,Joao,Joao Sousa,US Open,2018,R16,ATP
Thiem,Dominic,Dominic Thiem,US Open,2018,R16,ATP
Cilic,Marin,Marin Cilic,US Open,2018,QF,ATP
Djokovic,Novak,Novak Djokovic,US Open,2018,QF,ATP
Isner,John,John Isner,US Open,2018,QF,ATP
Martin del Potro,Juan,Juan Martin del Potro,US Open,2018,QF,ATP
Millman,John,John Millman,US Open,2018,QF,ATP
Nadal,Rafael,Rafael Nadal,US Open,2018,QF,ATP
Nishikori,Kei,Kei Nishikori,US Open,2018,QF,ATP
Thiem,Dominic,Dominic Thiem,US Open,2018,QF,ATP
Djokovic,Novak,Novak Djokovic,US Open,2018,SF,ATP
Martin del Potro,Juan,Juan Martin del Potro,US Open,2018,SF,ATP
Nadal,Rafael,Rafael Nadal,US Open,2018,SF,ATP
Nishikori,Kei,Kei Nishikori,US Open,2018,SF,ATP
Djokovic,Novak,Novak Djokovic,US Open,2018,F,ATP
Martin del Potro,Juan,Juan Martin del Potro,US Open,2018,F,ATP
Djokovic,Novak,Novak Djokovic,US Open,2018,W,ATP
Barty,Ashleigh,Ashleigh Barty,US Open,2018,R16,WTA
Cibulkova,Dominika,Dominika Cibulkova,US Open,2018,R16,WTA
Kanepi,Kaia,Kaia Kanepi,US Open,2018,R16,WTA
Keys,Madison,Madison Keys,US Open,2018,R16,WTA
Mertens,Elise,Elise Mertens,US Open,2018,R16,WTA
Osaka,Naomi,Naomi Osaka,US Open,2018,R16,WTA
Pliskova,Karolina,Karolina Pliskova,US Open,2018,R16,WTA
Sabalenka,Aryna,Aryna Sabalenka,US Open,2018,R16,WTA
Sevastova,Anastasija,Anastasija Sevastova,US Open,2018,R16,WTA
Sharapova,Maria,Maria Sharapova,US Open,2018,R16,WTA
Stephens,Sloane,Sloane Stephens,US Open,2018,R16,WTA
Suarez Navarro,Carla,Carla Suarez Navarro,US Open,2018,R16,WTA
Svitolina,Elina,Elina Svitolina,US Open,2018,R16,WTA
Tsurenko,Lesia,Lesia Tsurenko,US Open,2018,R16,WTA
Vondrousova,Marketa,Marketa Vondrousova,US Open,2018,R16,WTA
Williams,Serena,Serena Williams,US Open,2018,R16,WTA
Keys,Madison,Madison Keys,US Open,2018,QF,WTA
Osaka,Naomi,Naomi Osaka,US Open,2018,QF,WTA
Pliskova,Karolina,Karolina Pliskova,US Open,2018,QF,WTA
Sevastova,Anastasija,Anastasija Sevastova,US Open,2018,QF,WTA
Stephens,Sloane,Sloane Stephens,US Open,2018,QF,WTA
Suarez Navarro,Carla,Carla Suarez Navarro,US Open,2018,QF,WTA
Tsurenko,Lesia,Lesia Tsurenko,US Open,2018,QF,WTA
Williams,Serena,Serena Williams,US Open,2018,QF,WTA
Keys,Madison,Madison Keys,US Open,2018,SF,WTA
Osaka,Naomi,Naomi Osaka,US Open,2018,SF,WTA
Sevastova,Anastasija,Anastasija Sevastova,US Open,2018,SF,WTA
Williams,Serena,Serena Williams,US Open,2018,SF,WTA
Osaka,Naomi,Naomi Osaka,US Open,2018,F,WTA
Williams,Serena,Serena Williams,US Open,2018,F,WTA
Osaka,Naomi,Naomi Osaka,US Open,2018,W,WTA
Anderson,Kevin,Kevin Anderson,Wimbledon,2018,R16,ATP
Djokovic,Novak,Novak Djokovic,Wimbledon,2018,R16,ATP
Federer,Roger,Roger Federer,Wimbledon,2018,R16,ATP
Gulbis,Ernests,Ernests Gulbis,Wimbledon,2018,R16,ATP
Isner,John,John Isner,Wimbledon,2018,R16,ATP
Khachanov,Karen,Karen Khachanov,Wimbledon,2018,R16,ATP
Mannarino,Adrian,Adrian Mannarino,Wimbledon,2018,R16,ATP
Martin del Potro,Juan,Juan Martin del Potro,Wimbledon,2018,R16,ATP
Mcdonald,Mackenzie,Mackenzie Mcdonald,Wimbledon,2018,R16,ATP
Monfils,Gael,Gael Monfils,Wimbledon,2018,R16,ATP
Nadal,Rafael,Rafael Nadal,Wimbledon,2018,R16,ATP
Nishikori,Kei,Kei Nishikori,Wimbledon,2018,R16,ATP
Raonic,Milos,Milos Raonic,Wimbledon,2018,R16,ATP
Simon,Gilles,Gilles Simon,Wimbledon,2018,R16,ATP
Tsitsipas,Stefanos,Stefanos Tsitsipas,Wimbledon,2018,R16,ATP
Vesely,Jiri,Jiri Vesely,Wimbledon,2018,R16,ATP
Anderson,Kevin,Kevin Anderson,Wimbledon,2018,QF,ATP
Djokovic,Novak,Novak Djokovic,Wimbledon,2018,QF,ATP
Federer,Roger,Roger Federer,Wimbledon,2018,QF,ATP
Isner,John,John Isner,Wimbledon,2018,QF,ATP
Martin del Potro,Juan,Juan Martin del Potro,Wimbledon,2018,QF,ATP
Nadal,Rafael,Rafael Nadal,Wimbledon,2018,QF,ATP
Nishikori,Kei,Kei Nishikori,Wimbledon,2018,QF,ATP
Raonic,Milos,Milos Raonic,Wimbledon,2018,QF,ATP
Anderson,Kevin,Kevin Anderson,Wimbledon,2018,SF,ATP
Djokovic,Novak,Novak Djokovic,Wimbledon,2018,SF,ATP
Isner,John,John Isner,Wimbledon,2018,SF,ATP
Nadal,Rafael,Rafael Nadal,Wimbledon,2018,SF,ATP
Anderson,Kevin,Kevin Anderson,Wimbledon,2018,F,ATP
Djokovic,Novak,Novak Djokovic,Wimbledon,2018,F,ATP
Djokovic,Novak,Novak Djokovic,Wimbledon,2018,W,ATP
Bencic,Belinda,Belinda Bencic,Wimbledon,2018,R16,WTA
Bertens,Kiki,Kiki Bertens,Wimbledon,2018,R16,WTA
Cibulkova,Dominika,Dominika Cibulkova,Wimbledon,2018,R16,WTA
Giorgi,Camila,Camila Giorgi,Wimbledon,2018,R16,WTA
Goerges,Julia,Julia Goerges,Wimbledon,2018,R16,WTA
Kasatkina,Daria,Daria Kasatkina,Wimbledon,2018,R16,WTA
Kerber,Angelique,Angelique Kerber,Wimbledon,2018,R16,WTA
Makarova,Kate,Kate Makarova,Wimbledon,2018,R16,WTA
Ostapenko,Jelena,Jelena Ostapenko,Wimbledon,2018,R16,WTA
Pliskova,Karolina,Karolina Pliskova,Wimbledon,2018,R16,WTA
Rodina,Evgeniya,Evgeniya Rodina,Wimbledon,2018,R16,WTA
Sasnovich,Aliaksandra,Aliaksandra Sasnovich,Wimbledon,2018,R16,WTA
Van Uytvanck,Alison,Alison Van Uytvanck,Wimbledon,2018,R16,WTA
Vekic,Donna,Donna Vekic,Wimbledon,2018,R16,WTA
Wei Hsieh,Su,Su Wei Hsieh,Wimbledon,2018,R16,WTA
Williams,Serena,Serena Williams,Wimbledon,2018,R16,WTA
Bertens,Kiki,Kiki Bertens,Wimbledon,2018,QF,WTA
Cibulkova,Dominika,Dominika Cibulkova,Wimbledon,2018,QF,WTA
Giorgi,Camila,Camila Giorgi,Wimbledon,2018,QF,WTA
Goerges,Julia,Julia Goerges,Wimbledon,2018,QF,WTA
Kasatkina,Daria,Daria Kasatkina,Wimbledon,2018,QF,WTA
Kerber,Angelique,Angelique Kerber,Wimbledon,2018,QF,WTA
Ostapenko,Jelena,Jelena Ostapenko,Wimbledon,2018,QF,WTA
Williams,Serena,Serena Williams,Wimbledon,2018,QF,WTA
Goerges,Julia,Julia Goerges,Wimbledon,2018,SF,WTA
Kerber,Angelique,Angelique Kerber,Wimbledon,2018,SF,WTA
Ostapenko,Jelena,Jelena Ostapenko,Wimbledon,2018,SF,WTA
Williams,Serena,Serena Williams,Wimbledon,2018,SF,WTA
Kerber,Angelique,Angelique Kerber,Wimbledon,2018,F,WTA
Williams,Serena,Serena Williams,Wimbledon,2018,F,WTA
Kerber,Angelique,Angelique Kerber,Wimbledon,2018,W,WTA
Bautista Agut,Roberto,Roberto Bautista Agut,Australian Open,2019,R16,ATP
Berdych,Tomas,Tomas Berdych,Australian Open,2019,R16,ATP
Carreno Busta,Pablo,Pablo Carreno Busta,Australian Open,2019,R16,ATP
Cilic,Marin,Marin Cilic,Australian Open,2019,R16,ATP
Coric,Borna,Borna Coric,Australian Open,2019,R16,ATP
Dimitrov,Grigor,Grigor Dimitrov,Australian Open,2019,R16,ATP
Djokovic,Novak,Novak Djokovic,Australian Open,2019,R16,ATP
Federer,Roger,Roger Federer,Australian Open,2019,R16,ATP
Medvedev,Daniil,Daniil Medvedev,Australian Open,2019,R16,ATP
Nadal,Rafael,Rafael Nadal,Australian Open,2019,R16,ATP
Nishikori,Kei,Kei Nishikori,Australian Open,2019,R16,ATP
Pouille,Lucas,Lucas Pouille,Australian Open,2019,R16,ATP
Raonic,Milos,Milos Raonic,Australian Open,2019,R16,ATP
Tiafoe,Frances,Frances Tiafoe,Australian Open,2019,R16,ATP
Tsitsipas,Stefanos,Stefanos Tsitsipas,Australian Open,2019,R16,ATP
Zverev,Alexander,Alexander Zverev,Australian Open,2019,R16,ATP
Bautista Agut,Roberto,Roberto Bautista Agut,Australian Open,2019,QF,ATP
Djokovic,Novak,Novak Djokovic,Australian Open,2019,QF,ATP
Nadal,Rafael,Rafael Nadal,Australian Open,2019,QF,ATP
Nishikori,Kei,Kei Nishikori,Australian Open,2019,QF,ATP
Pouille,Lucas,Lucas Pouille,Australian Open,2019,QF,ATP
Raonic,Milos,Milos Raonic,Australian Open,2019,QF,ATP
Tiafoe,Frances,Frances Tiafoe,Australian Open,2019,QF,ATP
Tsitsipas,Stefanos,Stefanos Tsitsipas,Australian Open,2019,QF,ATP
Djokovic,Novak,Novak Djokovic,Australian Open,2019,SF,ATP
Nadal,Rafael,Rafael Nadal,Australian Open,2019,SF,ATP
Pouille,Lucas,Lucas Pouille,Australian Open,2019,SF,ATP
Tsitsipas,Stefanos,Stefanos Tsitsipas,Australian Open,2019,SF,ATP
Djokovic,Novak,Novak Djokovic,Australian Open,2019,F,ATP
Nadal,Rafael,Rafael Nadal,Australian Open,2019,F,ATP
Djokovic,Novak,Novak Djokovic,Australian Open,2019,W,ATP
Anisimova,Amanda,Amanda Anisimova,Australian Open,2019,R16,WTA
Barty,Ashleigh,Ashleigh Barty,Australian Open,2019,R16,WTA
Collins,Danielle,Danielle Collins,Australian Open,2019,R16,WTA
Halep,Simona,Simona Halep,Australian Open,2019,R16,WTA
Kerber,Angelique,Angelique Kerber,Australian Open,2019,R16,WTA
Keys,Madison,Madison Keys,Australian Open,2019,R16,WTA
Kvitova,Petra,Petra Kvitova,Australian Open,2019,R16,WTA
Muguruza,Garbine,Garbine Muguruza,Australian Open,2019,R16,WTA
Osaka,Naomi,Naomi Osaka,Australian Open,2019,R16,WTA
Pavlyuchenkova,Anastasia,Anastasia Pavlyuchenkova,Australian Open,2019,R16,WTA
Pliskova,Karolina,Karolina Pliskova,Australian Open,2019,R16,WTA
Sevastova,Anastasija,Anastasija Sevastova,Australian Open,2019,R16,WTA
Sharapova,Maria,Maria Sharapova,Australian Open,2019,R16,WTA
Stephens,Sloane,Sloane Stephens,Australian Open,2019,R16,WTA
Svitolina,Elina,Elina Svitolina,Australian Open,2019,R16,WTA
Williams,Serena,Serena Williams,Australian Open,2019,R16,WTA
Barty,Ashleigh,Ashleigh Barty,Australian Open,2019,QF,WTA
Collins,Danielle,Danielle Collins,Australian Open,2019,QF,WTA
Kvitova,Petra,Petra Kvitova,Australian Open,2019,QF,WTA
Osaka,Naomi,Naomi Osaka,Australian Open,2019,QF,WTA
Pavlyuchenkova,Anastasia,Anastasia Pavlyuchenkova,Australian Open,2019,QF,WTA
Pliskova,Karolina,Karolina Pliskova,Australian Open,2019,QF,WTA
Svitolina,Elina,Elina Svitolina,Australian Open,2019,QF,WTA
Williams,Serena,Serena Williams,Australian Open,2019,QF,WTA
Collins,Danielle,Danielle Collins,Australian Open,2019,SF,WTA
Kvitova,Petra,Petra Kvitova,Australian Open,2019,SF,WTA
Osaka,Naomi,Naomi Osaka,Australian Open,2019,SF,WTA
Pliskova,Karolina,Karolina Pliskova,Australian Open,2019,SF,WTA
Kvitova,Petra,Petra Kvitova,Australian Open,2019,F,WTA
Osaka,Naomi,Naomi Osaka,Australian Open,2019,F,WTA
Osaka,Naomi,Naomi Osaka,Australian Open,2019,W,WTA
Djokovic,Novak,Novak Djokovic,French Open,2019,R16,ATP
Federer,Roger,Roger Federer,French Open,2019,R16,ATP
Fognini,Fabio,Fabio Fognini,French Open,2019,R16,ATP
Ignacio Londero,Juan,Juan Ignacio Londero,French Open,2019,R16,ATP
Khachanov,Karen,Karen Khachanov,French Open,2019,R16,ATP
Lennard Struff,Jan,Jan Lennard Struff,French Open,2019,R16,ATP
Martin del Potro,Juan,Juan Martin del Potro,French Open,2019,R16,ATP
Mayer,Leonardo,Leonardo Mayer,French Open,2019,R16,ATP
Monfils,Gael,Gael Monfils,French Open,2019,R16,ATP
Nadal,Rafael,Rafael Nadal,French Open,2019,R16,ATP
Nishikori,Kei,Kei Nishikori,French Open,2019,R16,ATP
Paire,Benoit,Benoit Paire,French Open,2019,R16,ATP
Thiem,Dominic,Dominic Thiem,French Open,2019,R16,ATP
Tsitsipas,Stefanos,Stefanos Tsitsipas,French Open,2019,R16,ATP
Wawrinka,Stan,Stan Wawrinka,French Open,2019,R16,ATP
Zverev,Alexander,Alexander Zverev,French Open,2019,R16,ATP
Djokovic,Novak,Novak Djokovic,French Open,2019,QF,ATP
Federer,Roger,Roger Federer,French Open,2019,QF,ATP
Khachanov,Karen,Karen Khachanov,French Open,2019,QF,ATP
Nadal,Rafael,Rafael Nadal,French Open,2019,QF,ATP
Nishikori,Kei,Kei Nishikori,French Open,2019,QF,ATP
Thiem,Dominic,Dominic Thiem,French Open,2019,QF,ATP
Wawrinka,Stan,Stan Wawrinka,French Open,2019,QF,ATP
Zverev,Alexander,Alexander Zverev,French Open,2019,QF,ATP
Djokovic,Novak,Novak Djokovic,French Open,2019,SF,ATP
Federer,Roger,Roger Federer,French Open,2019,SF,ATP
Nadal,Rafael,Rafael Nadal,French Open,2019,SF,ATP
Thiem,Dominic,Dominic Thiem,French Open,2019,SF,ATP
Nadal,Rafael,Rafael Nadal,French Open,2019,F,ATP
Thiem,Dominic,Dominic Thiem,French Open,2019,F,ATP
Nadal,Rafael,Rafael Nadal,French Open,2019,W,ATP
Anisimova,Amanda,Amanda Anisimova,French Open,2019,R16,WTA
Barty,Ashleigh,Ashleigh Barty,French Open,2019,R16,WTA
Bolsova,Aliona,Aliona Bolsova,French Open,2019,R16,WTA
Halep,Simona,Simona Halep,French Open,2019,R16,WTA
Kanepi,Kaia,Kaia Kanepi,French Open,2019,R16,WTA
Kenin,Sofia,Sofia Kenin,French Open,2019,R16,WTA
Keys,Madison,Madison Keys,French Open,2019,R16,WTA
Konta,Johanna,Johanna Konta,French Open,2019,R16,WTA
Martic,Petra,Petra Martic,French Open,2019,R16,WTA
Muguruza,Garbine,Garbine Muguruza,French Open,2019,R16,WTA
Sevastova,Anastasija,Anastasija Sevastova,French Open,2019,R16,WTA
Siniakova,Katerina,Katerina Siniakova,French Open,2019,R16,WTA
Stephens,Sloane,Sloane Stephens,French Open,2019,R16,WTA
Swiatek,Iga,Iga Swiatek,French Open,2019,R16,WTA
Vekic,Donna,Donna Vekic,French Open,2019,R16,WTA
Vondrousova,Marketa,Marketa Vondrousova,French Open,2019,R16,WTA
Anisimova,Amanda,Amanda Anisimova,French Open,2019,QF,WTA
Barty,Ashleigh,Ashleigh Barty,French Open,2019,QF,WTA
Halep,Simona,Simona Halep,French Open,2019,QF,WTA
Keys,Madison,Madison Keys,French Open,2019,QF,WTA
Konta,Johanna,Johanna Konta,French Open,2019,QF,WTA
Martic,Petra,Petra Martic,French Open,2019,QF,WTA
Stephens,Sloane,Sloane Stephens,French Open,2019,QF,WTA
Vondrousova,Marketa,Marketa Vondrousova,French Open,2019,QF,WTA
Anisimova,Amanda,Amanda Anisimova,French Open,2019,SF,WTA
Barty,Ashleigh,Ashleigh Barty,French Open,2019,SF,WTA
Konta,Johanna,Johanna Konta,French Open,2019,SF,WTA
Vondrousova,Marketa,Marketa Vondrousova,French Open,2019,SF,WTA
Barty,Ashleigh,Ashleigh Barty,French Open,2019,F,WTA
Vondrousova,Marketa,Marketa Vondrousova,French Open,2019,F,WTA
Barty,Ashleigh,Ashleigh Barty,French Open,2019,W,WTA
Andujar,Pablo,Pablo Andujar,US Open,2019,R16,ATP
Berrettini,Matteo,Matteo Berrettini,US Open,2019,R16,ATP
Cilic,Marin,Marin Cilic,US Open,2019,R16,ATP
De Minaur,Alex,Alex De Minaur,US Open,2019,R16,ATP
Dimitrov,Grigor,Grigor Dimitrov,US Open,2019,R16,ATP
Djokovic,Novak,Novak Djokovic,US Open,2019,R16,ATP
Federer,Roger,Roger Federer,US Open,2019,R16,ATP
Goffin,David,David Goffin,US Open,2019,R16,ATP
Koepfer,Dominik,Dominik Koepfer,US Open,2019,R16,ATP
Medvedev,Daniil,Daniil Medvedev,US Open,2019,R16,ATP
Monfils,Gael,Gael Monfils,US Open,2019,R16,ATP
Nadal,Rafael,Rafael Nadal,US Open,2019,R16,ATP
Rublev,Andrey,Andrey Rublev,US Open,2019,R16,ATP
Schwartzman,Diego,Diego Schwartzman,US Open,2019,R16,ATP
Wawrinka,Stan,Stan Wawrinka,US Open,2019,R16,ATP
Zverev,Alexander,Alexander Zverev,US Open,2019,R16,ATP
Berrettini,Matteo,Matteo Berrettini,US Open,2019,QF,ATP
Dimitrov,Grigor,Grigor Dimitrov,US Open,2019,QF,ATP
Federer,Roger,Roger Federer,US Open,2019,QF,ATP
Medvedev,Daniil,Daniil Medvedev,US Open,2019,QF,ATP
Monfils,Gael,Gael Monfils,US Open,2019,QF,ATP
Nadal,Rafael,Rafael Nadal,US Open,2019,QF,ATP
Schwartzman,Diego,Diego Schwartzman,US Open,2019,QF,ATP
Wawrinka,Stan,Stan Wawrinka,US Open,2019,QF,ATP
Berrettini,Matteo,Matteo Berrettini,US Open,2019,SF,ATP
Dimitrov,Grigor,Grigor Dimitrov,US Open,2019,SF,ATP
Medvedev,Daniil,Daniil Medvedev,US Open,2019,SF,ATP
Nadal,Rafael,Rafael Nadal,US Open,2019,SF,ATP
Medvedev,Daniil,Daniil Medvedev,US Open,2019,F,ATP
Nadal,Rafael,Rafael Nadal,US Open,2019,F,ATP
Nadal,Rafael,Rafael Nadal,US Open,2019,W,ATP
Ahn,Kristie,Kristie Ahn,US Open,2019,R16,WTA
Andreescu,Bianca,Bianca Andreescu,US Open,2019,R16,WTA
Barty,Ashleigh,Ashleigh Barty,US Open,2019,R16,WTA
Bencic,Belinda,Belinda Bencic,US Open,2019,R16,WTA
Goerges,Julia,Julia Goerges,US Open,2019,R16,WTA
Keys,Madison,Madison Keys,US Open,2019,R16,WTA
Konta,Johanna,Johanna Konta,US Open,2019,R16,WTA
Martic,Petra,Petra Martic,US Open,2019,R16,WTA
Mertens,Elise,Elise Mertens,US Open,2019,R16,WTA
Osaka,Naomi,Naomi Osaka,US Open,2019,R16,WTA
Pliskova,Karolina,Karolina Pliskova,US Open,2019,R16,WTA
Svitolina,Elina,Elina Svitolina,US Open,2019,R16,WTA
Townsend,Taylor,Taylor Townsend,US Open,2019,R16,WTA
Vekic,Donna,Donna Vekic,US Open,2019,R16,WTA
Wang,Qiang,Qiang Wang,US Open,2019,R16,WTA
Williams,Serena,Serena Williams,US Open,2019,R16,WTA
Andreescu,Bianca,Bianca Andreescu,US Open,2019,QF,WTA
Bencic,Belinda,Belinda Bencic,US Open,2019,QF,WTA
Konta,Johanna,Johanna Konta,US Open,2019,QF,WTA
Mertens,Elise,Elise Mertens,US Open,2019,QF,WTA
Svitolina,Elina,Elina Svitolina,US Open,2019,QF,WTA
Vekic,Donna,Donna Vekic,US Open,2019,QF,WTA
Wang,Qiang,Qiang Wang,US Open,2019,QF,WTA
Williams,Serena,Serena Williams,US Open,2019,QF,WTA
Andreescu,Bianca,Bianca Andreescu,US Open,2019,SF,WTA
Bencic,Belinda,Belinda Bencic,US Open,2019,SF,WTA
Svitolina,Elina,Elina Svitolina,US Open,2019,SF,WTA
Williams,Serena,Serena Williams,US Open,2019,SF,WTA
Andreescu,Bianca,Bianca Andreescu,US Open,2019,F,WTA
Williams,Serena,Serena Williams,US Open,2019,F,WTA
Andreescu,Bianca,Bianca Andreescu,US Open,2019,W,WTA
Bautista Agut,Roberto,Roberto Bautista Agut,Wimbledon,2019,R16,ATP
Berrettini,Matteo,Matteo Berrettini,Wimbledon,2019,R16,ATP
Djokovic,Novak,Novak Djokovic,Wimbledon,2019,R16,ATP
Federer,Roger,Roger Federer,Wimbledon,2019,R16,ATP
Goffin,David,David Goffin,Wimbledon,2019,R16,ATP
Humbert,Ugo,Ugo Humbert,Wimbledon,2019,R16,ATP
Kukushkin,Mikhail,Mikhail Kukushkin,Wimbledon,2019,R16,ATP
Nadal,Rafael,Rafael Nadal,Wimbledon,2019,R16,ATP
Nishikori,Kei,Kei Nishikori,Wimbledon,2019,R16,ATP
Paire,Benoit,Benoit Paire,Wimbledon,2019,R16,ATP
Pella,Guido,Guido Pella,Wimbledon,2019,R16,ATP
Querrey,Sam,Sam Querrey,Wimbledon,2019,R16,ATP
Raonic,Milos,Milos Raonic,Wimbledon,2019,R16,ATP
Sandgren,Tennys,Tennys Sandgren,Wimbledon,2019,R16,ATP
Sousa,Joao,Joao Sousa,Wimbledon,2019,R16,ATP
Verdasco,Fernando,Fernando Verdasco,Wimbledon,2019,R16,ATP
Bautista Agut,Roberto,Roberto Bautista Agut,Wimbledon,2019,QF,ATP
Djokovic,Novak,Novak Djokovic,Wimbledon,2019,QF,ATP
Federer,Roger,Roger Federer,Wimbledon,2019,QF,ATP
Goffin,David,David Goffin,Wimbledon,2019,QF,ATP
Nadal,Rafael,Rafael Nadal,Wimbledon,2019,QF,ATP
Nishikori,Kei,Kei Nishikori,Wimbledon,2019,QF,ATP
Pella,Guido,Guido Pella,Wimbledon,2019,QF,ATP
Querrey,Sam,Sam Querrey,Wimbledon,2019,QF,ATP
Bautista Agut,Roberto,Roberto Bautista Agut,Wimbledon,2019,SF,ATP
Djokovic,Novak,Novak Djokovic,Wimbledon,2019,SF,ATP
Federer,Roger,Roger Federer,Wimbledon,2019,SF,ATP
Nadal,Rafael,Rafael Nadal,Wimbledon,2019,SF,ATP
Djokovic,Novak,Novak Djokovic,Wimbledon,2019,F,ATP
Federer,Roger,Roger Federer,Wimbledon,2019,F,ATP
Djokovic,Novak,Novak Djokovic,Wimbledon,2019,W,ATP
Barty,Ashleigh,Ashleigh Barty,Wimbledon,2019,R16,WTA
Gauff,Coco,Coco Gauff,Wimbledon,2019,R16,WTA
Halep,Simona,Simona Halep,Wimbledon,2019,R16,WTA
Konta,Johanna,Johanna Konta,Wimbledon,2019,R16,WTA
Kvitova,Petra,Petra Kvitova,Wimbledon,2019,R16,WTA
Martic,Petra,Petra Martic,Wimbledon,2019,R16,WTA
Mertens,Elise,Elise Mertens,Wimbledon,2019,R16,WTA
Muchova,Karolina,Karolina Muchova,Wimbledon,2019,R16,WTA
Pliskova,Karolina,Karolina Pliskova,Wimbledon,2019,R16,WTA
Riske Amritraj,Alison,Alison Riske Amritraj,Wimbledon,2019,R16,WTA
Strycova,Barbora,Barbora Strycova,Wimbledon,2019,R16,WTA
Suarez Navarro,Carla,Carla Suarez Navarro,Wimbledon,2019,R16,WTA
Svitolina,Elina,Elina Svitolina,Wimbledon,2019,R16,WTA
Williams,Serena,Serena Williams,Wimbledon,2019,R16,WTA
Yastremska,Dayana,Dayana Yastremska,Wimbledon,2019,R16,WTA
Zhang,Shuai,Shuai Zhang,Wimbledon,2019,R16,WTA
Halep,Simona,Simona Halep,Wimbledon,2019,QF,WTA
Konta,Johanna,Johanna Konta,Wimbledon,2019,QF,WTA
Muchova,Karolina,Karolina Muchova,Wimbledon,2019,QF,WTA
Riske Amritraj,Alison,Alison Riske Amritraj,Wimbledon,2019,QF,WTA
Strycova,Barbora,Barbora Strycova,Wimbledon,2019,QF,WTA
Svitolina,Elina,Elina Svitolina,Wimbledon,2019,QF,WTA
Williams,Serena,Serena Williams,Wimbledon,2019,QF,WTA
Zhang,Shuai,Shuai Zhang,Wimbledon,2019,QF,WTA
Halep,Simona,Simona Halep,Wimbledon,2019,SF,WTA
Strycova,Barbora,Barbora Strycova,Wimbledon,2019,SF,WTA
Svitolina,Elina,Elina Svitolina,Wimbledon,2019,SF,WTA
Williams,Serena,Serena Williams,Wimbledon,2019,SF,WTA
Halep,Simona,Simona Halep,Wimbledon,2019,F,WTA
Williams,Serena,Serena Williams,Wimbledon,2019,F,WTA
Halep,Simona,Simona Halep,Wimbledon,2019,W,WTA
Cilic,Marin,Marin Cilic,Australian Open,2020,R16,ATP
Djokovic,Novak,Novak Djokovic,Australian Open,2020,R16,ATP
Federer,Roger,Roger Federer,Australian Open,2020,R16,ATP
Fognini,Fabio,Fabio Fognini,Australian Open,2020,R16,ATP
Fucsovics,Marton,Marton Fucsovics,Australian Open,2020,R16,ATP
Kyrgios,Nick,Nick Kyrgios,Australian Open,2020,R16,ATP
Medvedev,Daniil,Daniil Medvedev,Australian Open,2020,R16,ATP
Monfils,Gael,Gael Monfils,Australian Open,2020,R16,ATP
Nadal,Rafael,Rafael Nadal,Australian Open,2020,R16,ATP
Raonic,Milos,Milos Raonic,Australian Open,2020,R16,ATP
Rublev,Andrey,Andrey Rublev,Australian Open,2020,R16,ATP
Sandgren,Tennys,Tennys Sandgren,Australian Open,2020,R16,ATP
Schwartzman,Diego,Diego Schwartzman,Australian Open,2020,R16,ATP
Thiem,Dominic,Dominic Thiem,Australian Open,2020,R16,ATP
Wawrinka,Stan,Stan Wawrinka,Australian Open,2020,R16,ATP
Zverev,Alexander,Alexander Zverev,Australian Open,2020,R16,ATP
Djokovic,Novak,Novak Djokovic,Australian Open,2020,QF,ATP
Federer,Roger,Roger Federer,Australian Open,2020,QF,ATP
Nadal,Rafael,Rafael Nadal,Australian Open,2020,QF,ATP
Raonic,Milos,Milos Raonic,Australian Open,2020,QF,ATP
Sandgren,Tennys,Tennys Sandgren,Australian Open,2020,QF,ATP
Thiem,Dominic,Dominic Thiem,Australian Open,2020,QF,ATP
Wawrinka,Stan,Stan Wawrinka,Australian Open,2020,QF,ATP
Zverev,Alexander,Alexander Zverev,Australian Open,2020,QF,ATP
Djokovic,Novak,Novak Djokovic,Australian Open,2020,SF,ATP
Federer,Roger,Roger Federer,Australian Open,2020,SF,ATP
Thiem,Dominic,Dominic Thiem,Australian Open,2020,SF,ATP
Zverev,Alexander,Alexander Zverev,Australian Open,2020,SF,ATP
Djokovic,Novak,Novak Djokovic,Australian Open,2020,F,ATP
Thiem,Dominic,Dominic Thiem,Australian Open,2020,F,ATP
Djokovic,Novak,Novak Djokovic,Australian Open,2020,W,ATP
Barty,Ashleigh,Ashleigh Barty,Australian Open,2020,R16,WTA
Bertens,Kiki,Kiki Bertens,Australian Open,2020,R16,WTA
Gauff,Coco,Coco Gauff,Australian Open,2020,R16,WTA
Halep,Simona,Simona Halep,Australian Open,2020,R16,WTA
Jabeur,Ons,Ons Jabeur,Australian Open,2020,R16,WTA
Kenin,Sofia,Sofia Kenin,Australian Open,2020,R16,WTA
Kerber,Angelique,Angelique Kerber,Australian Open,2020,R16,WTA
Kontaveit,Anett,Anett Kontaveit,Australian Open,2020,R16,WTA
Kvitova,Petra,Petra Kvitova,Australian Open,2020,R16,WTA
Mertens,Elise,Elise Mertens,Australian Open,2020,R16,WTA
Muguruza,Garbine,Garbine Muguruza,Australian Open,2020,R16,WTA
Pavlyuchenkova,Anastasia,Anastasia Pavlyuchenkova,Australian Open,2020,R16,WTA
Riske Amritraj,Alison,Alison Riske Amritraj,Australian Open,2020,R16,WTA
Sakkari,Maria,Maria Sakkari,Australian Open,2020,R16,WTA
Swiatek,Iga,Iga Swiatek,Australian Open,2020,R16,WTA
Wang,Qiang,Qiang Wang,Australian Open,2020,R16,WTA
Barty,Ashleigh,Ashleigh Barty,Australian Open,2020,QF,WTA
Halep,Simona,Simona Halep,Australian Open,2020,QF,WTA
Jabeur,Ons,Ons Jabeur,Australian Open,2020,QF,WTA
Kenin,Sofia,Sofia Kenin,Australian Open,2020,QF,WTA
Kontaveit,Anett,Anett Kontaveit,Australian Open,2020,QF,WTA
Kvitova,Petra,Petra Kvitova,Australian Open,2020,QF,WTA
Muguruza,Garbine,Garbine Muguruza,Australian Open,2020,QF,WTA
Pavlyuchenkova,Anastasia,Anastasia Pavlyuchenkova,Australian Open,2020,QF,WTA
Barty,Ashleigh,Ashleigh Barty,Australian Open,2020,SF,WTA
Halep,Simona,Simona Halep,Australian Open,2020,SF,WTA
Kenin,Sofia,Sofia Kenin,Australian Open,2020,SF,WTA
Muguruza,Garbine,Garbine Muguruza,Australian Open,2020,SF,WTA
Kenin,Sofia,Sofia Kenin,Australian Open,2020,F,WTA
Muguruza,Garbine,Garbine Muguruza,Australian Open,2020,F,WTA
Kenin,Sofia,Sofia Kenin,Australian Open,2020,W,WTA
Altmaier,Daniel,Daniel Altmaier,French Open,2020,R16,ATP
Carreno Busta,Pablo,Pablo Carreno Busta,French Open,2020,R16,ATP
Dimitrov,Grigor,Grigor Dimitrov,French Open,2020,R16,ATP
Djokovic,Novak,Novak Djokovic,French Open,2020,R16,ATP
Fucsovics,Marton,Marton Fucsovics,French Open,2020,R16,ATP
Gaston,Hugo,Hugo Gaston,French Open,2020,R16,ATP
Khachanov,Karen,Karen Khachanov,French Open,2020,R16,ATP
Korda,Sebastian,Sebastian Korda,French Open,2020,R16,ATP
Nadal,Rafael,Rafael Nadal,French Open,2020,R16,ATP
Rublev,Andrey,Andrey Rublev,French Open,2020,R16,ATP
Schwartzman,Diego,Diego Schwartzman,French Open,2020,R16,ATP
Sinner,Jannik,Jannik Sinner,French Open,2020,R16,ATP
Sonego,Lorenzo,Lorenzo Sonego,French Open,2020,R16,ATP
Thiem,Dominic,Dominic Thiem,French Open,2020,R16,ATP
Tsitsipas,Stefanos,Stefanos Tsitsipas,French Open,2020,R16,ATP
Zverev,Alexander,Alexander Zverev,French Open,2020,R16,ATP
Carreno Busta,Pablo,Pablo Carreno Busta,French Open,2020,QF,ATP
Djokovic,Novak,Novak Djokovic,French Open,2020,QF,ATP
Nadal,Rafael,Rafael Nadal,French Open,2020,QF,ATP
Rublev,Andrey,Andrey Rublev,French Open,2020,QF,ATP
Schwartzman,Diego,Diego Schwartzman,French Open,2020,QF,ATP
Sinner,Jannik,Jannik Sinner,French Open,2020,QF,ATP
Thiem,Dominic,Dominic Thiem,French Open,2020,QF,ATP
Tsitsipas,Stefanos,Stefanos Tsitsipas,French Open,2020,QF,ATP
Djokovic,Novak,Novak Djokovic,French Open,2020,SF,ATP
Nadal,Rafael,Rafael Nadal,French Open,2020,SF,ATP
Schwartzman,Diego,Diego Schwartzman,French Open,2020,SF,ATP
Tsitsipas,Stefanos,Stefanos Tsitsipas,French Open,2020,SF,ATP
Djokovic,Novak,Novak Djokovic,French Open,2020,F,ATP
Nadal,Rafael,Rafael Nadal,French Open,2020,F,ATP
Nadal,Rafael,Rafael Nadal,French Open,2020,W,ATP
Badosa,Paula,Paula Badosa,French Open,2020,R16,WTA
Bertens,Kiki,Kiki Bertens,French Open,2020,R16,WTA
Collins,Danielle,Danielle Collins,French Open,2020,R16,WTA
Ferro,Fiona,Fiona Ferro,French Open,2020,R16,WTA
Garcia,Caroline,Caroline Garcia,French Open,2020,R16,WTA
Halep,Simona,Simona Halep,French Open,2020,R16,WTA
Jabeur,Ons,Ons Jabeur,French Open,2020,R16,WTA
Kenin,Sofia,Sofia Kenin,French Open,2020,R16,WTA
Krejcikova,Barbora,Barbora Krejcikova,French Open,2020,R16,WTA
Kvitova,Petra,Petra Kvitova,French Open,2020,R16,WTA
Podoroska,Nadia,Nadia Podoroska,French Open,2020,R16,WTA
Siegemund,Laura,Laura Siegemund,French Open,2020,R16,WTA
Svitolina,Elina,Elina Svitolina,French Open,2020,R16,WTA
Swiatek,Iga,Iga Swiatek,French Open,2020,R16,WTA
Trevisan,Martina,Martina Trevisan,French Open,2020,R16,WTA
Zhang,Shuai,Shuai Zhang,French Open,2020,R16,WTA
Collins,Danielle,Danielle Collins,French Open,2020,QF,WTA
Kenin,Sofia,Sofia Kenin,French Open,2020,QF,WTA
Kvitova,Petra,Petra Kvitova,French Open,2020,QF,WTA
Podoroska,Nadia,Nadia Podoroska,French Open,2020,QF,WTA
Siegemund,Laura,Laura Siegemund,French Open,2020,QF,WTA
Svitolina,Elina,Elina Svitolina,French Open,2020,QF,WTA
Swiatek,Iga,Iga Swiatek,French Open,2020,QF,WTA
Trevisan,Martina,Martina Trevisan,French Open,2020,QF,WTA
Kenin,Sofia,Sofia Kenin,French Open,2020,SF,WTA
Kvitova,Petra,Petra Kvitova,French Open,2020,SF,WTA
Podoroska,Nadia,Nadia Podoroska,French Open,2020,SF,WTA
Swiatek,Iga,Iga Swiatek,French Open,2020,SF,WTA
Kenin,Sofia,Sofia Kenin,French Open,2020,F,WTA
Swiatek,Iga,Iga Swiatek,French Open,2020,F,WTA
Swiatek,Iga,Iga Swiatek,French Open,2020,W,WTA
Auger Aliassime,Felix,Felix Auger Aliassime,US Open,2020,R16,ATP
Berrettini,Matteo,Matteo Berrettini,US Open,2020,R16,ATP
Carreno Busta,Pablo,Pablo Carreno Busta,US Open,2020,R16,ATP
Coric,Borna,Borna Coric,US Open,2020,R16,ATP
Davidovich Fokina,Alejandro,Alejandro Davidovich Fokina,US Open,2020,R16,ATP
De Minaur,Alex,Alex De Minaur,US Open,2020,R16,ATP
Djokovic,Novak,Novak Djokovic,US Open,2020,R16,ATP
Goffin,David,David Goffin,US Open,2020,R16,ATP
Medvedev,Daniil,Daniil Medvedev,US Open,2020,R16,ATP
Pospisil,Vasek,Vasek Pospisil,US Open,2020,R16,ATP
Rublev,Andrey,Andrey Rublev,US Open,2020,R16,ATP
Shapovalov,Denis,Denis Shapovalov,US Open,2020,R16,ATP
Thiem,Dominic,Dominic Thiem,US Open,2020,R16,ATP
Thompson,Jordan,Jordan Thompson,US Open,2020,R16,ATP
Tiafoe,Frances,Frances Tiafoe,US Open,2020,R16,ATP
Zverev,Alexander,Alexander Zverev,US Open,2020,R16,ATP
Carreno Busta,Pablo,Pablo Carreno Busta,US Open,2020,QF,ATP
Coric,Borna,Borna Coric,US Open,2020,QF,ATP
De Minaur,Alex,Alex De Minaur,US Open,2020,QF,ATP
Medvedev,Daniil,Daniil Medvedev,US Open,2020,QF,ATP
Rublev,Andrey,Andrey Rublev,US Open,2020,QF,ATP
Shapovalov,Denis,Denis Shapovalov,US Open,2020,QF,ATP
Thiem,Dominic,Dominic Thiem,US Open,2020,QF,ATP
Zverev,Alexander,Alexander Zverev,US Open,2020,QF,ATP
Carreno Busta,Pablo,Pablo Carreno Busta,US Open,2020,SF,ATP
Medvedev,Daniil,Daniil Medvedev,US Open,2020,SF,ATP
Thiem,Dominic,Dominic Thiem,US Open,2020,SF,ATP
Zverev,Alexander,Alexander Zverev,US Open,2020,SF,ATP
Thiem,Dominic,Dominic Thiem,US Open,2020,F,ATP
Zverev,Alexander,Alexander Zverev,US Open,2020,F,ATP
Thiem,Dominic,Dominic Thiem,US Open,2020,W,ATP
Azarenka,Victoria,Victoria Azarenka,US Open,2020,R16,WTA
Brady,Jennifer,Jennifer Brady,US Open,2020,R16,WTA
Cornet,Alize,Alize Cornet,US Open,2020,R16,WTA
Kenin,Sofia,Sofia Kenin,US Open,2020,R16,WTA
Kerber,Angelique,Angelique Kerber,US Open,2020,R16,WTA
Kontaveit,Anett,Anett Kontaveit,US Open,2020,R16,WTA
Kvitova,Petra,Petra Kvitova,US Open,2020,R16,WTA
Martic,Petra,Petra Martic,US Open,2020,R16,WTA
Mertens,Elise,Elise Mertens,US Open,2020,R16,WTA
Muchova,Karolina,Karolina Muchova,US Open,2020,R16,WTA
Osaka,Naomi,Naomi Osaka,US Open,2020,R16,WTA
Pironkova,Tsvetana,Tsvetana Pironkova,US Open,2020,R16,WTA
Putintseva,Yulia,Yulia Putintseva,US Open,2020,R16,WTA
Rogers,Shelby,Shelby Rogers,US Open,2020,R16,WTA
Sakkari,Maria,Maria Sakkari,US Open,2020,R16,WTA
Williams,Serena,Serena Williams,US Open,2020,R16,WTA
Azarenka,Victoria,Victoria Azarenka,US Open,2020,QF,WTA
Brady,Jennifer,Jennifer Brady,US Open,2020,QF,WTA
Mertens,Elise,Elise Mertens,US Open,2020,QF,WTA
Osaka,Naomi,Naomi Osaka,US Open,2020,QF,WTA
Pironkova,Tsvetana,Tsvetana Pironkova,US Open,2020,QF,WTA
Putintseva,Yulia,Yulia Putintseva,US Open,2020,QF,WTA
Rogers,Shelby,Shelby Rogers,US Open,2020,QF,WTA
Williams,Serena,Serena Williams,US Open,2020,QF,WTA
Azarenka,Victoria,Victoria Azarenka,US Open,2020,SF,WTA
Brady,Jennifer,Jennifer Brady,US Open,2020,SF,WTA
Osaka,Naomi,Naomi Osaka,US Open,2020,SF,WTA
Williams,Serena,Serena Williams,US Open,2020,SF,WTA
Azarenka,Victoria,Victoria Azarenka,US Open,2020,F,WTA
Osaka,Naomi,Naomi Osaka,US Open,2020,F,WTA
Osaka,Naomi,Naomi Osaka,US Open,2020,W,WTA
Auger Aliassime,Felix,Felix Auger Aliassime,Australian Open,2021,R16,ATP
Berrettini,Matteo,Matteo Berrettini,Australian Open,2021,R16,ATP
Dimitrov,Grigor,Grigor Dimitrov,Australian Open,2021,R16,ATP
Djokovic,Novak,Novak Djokovic,Australian Open,2021,R16,ATP
Fognini,Fabio,Fabio Fognini,Australian Open,2021,R16,ATP
Karatsev,Aslan,Aslan Karatsev,Australian Open,2021,R16,ATP
Lajovic,Dusan,Dusan Lajovic,Australian Open,2021,R16,ATP
Mcdonald,Mackenzie,Mackenzie Mcdonald,Australian Open,2021,R16,ATP
Medvedev,Daniil,Daniil Medvedev,Australian Open,2021,R16,ATP
Nadal,Rafael,Rafael Nadal,Australian Open,2021,R16,ATP
Raonic,Milos,Milos Raonic,Australian Open,2021,R16,ATP
Rublev,Andrey,Andrey Rublev,Australian Open,2021,R16,ATP
Ruud,Casper,Casper Ruud,Australian Open,2021,R16,ATP
Thiem,Dominic,Dominic Thiem,Australian Open,2021,R16,ATP
Tsitsipas,Stefanos,Stefanos Tsitsipas,Australian Open,2021,R16,ATP
Zverev,Alexander,Alexander Zverev,Australian Open,2021,R16,ATP
Dimitrov,Grigor,Grigor Dimitrov,Australian Open,2021,QF,ATP
Djokovic,Novak,Novak Djokovic,Australian Open,2021,QF,ATP
Karatsev,Aslan,Aslan Karatsev,Australian Open,2021,QF,ATP
Medvedev,Daniil,Daniil Medvedev,Australian Open,2021,QF,ATP
Nadal,Rafael,Rafael Nadal,Australian Open,2021,QF,ATP
Rublev,Andrey,Andrey Rublev,Australian Open,2021,QF,ATP
Tsitsipas,Stefanos,Stefanos Tsitsipas,Australian Open,2021,QF,ATP
Zverev,Alexander,Alexander Zverev,Australian Open,2021,QF,ATP
Djokovic,Novak,Novak Djokovic,Australian Open,2021,SF,ATP
Karatsev,Aslan,Aslan Karatsev,Australian Open,2021,SF,ATP
Medvedev,Daniil,Daniil Medvedev,Australian Open,2021,SF,ATP
Tsitsipas,Stefanos,Stefanos Tsitsipas,Australian Open,2021,SF,ATP
Djokovic,Novak,Novak Djokovic,Australian Open,2021,F,ATP
Medvedev,Daniil,Daniil Medvedev,Australian Open,2021,F,ATP
Djokovic,Novak,Novak Djokovic,Australian Open,2021,W,ATP
Barty,Ashleigh,Ashleigh Barty,Australian Open,2021,R16,WTA
Brady,Jennifer,Jennifer Brady,Australian Open,2021,R16,WTA
Halep,Simona,Simona Halep,Australian Open,2021,R16,WTA
Mertens,Elise,Elise Mertens,Australian Open,2021,R16,WTA
Muchova,Karolina,Karolina Muchova,Australian Open,2021,R16,WTA
Muguruza,Garbine,Garbine Muguruza,Australian Open,2021,R16,WTA
Osaka,Naomi,Naomi Osaka,Australian Open,2021,R16,WTA
Pegula,Jessica,Jessica Pegula,Australian Open,2021,R16,WTA
Rogers,Shelby,Shelby Rogers,Australian Open,2021,R16,WTA
Sabalenka,Aryna,Aryna Sabalenka,Australian Open,2021,R16,WTA
Svitolina,Elina,Elina Svitolina,Australian Open,2021,R16,WTA
Swiatek,Iga,Iga Swiatek,Australian Open,2021,R16,WTA
Vekic,Donna,Donna Vekic,Australian Open,2021,R16,WTA
Vondrousova,Marketa,Marketa Vondrousova,Australian Open,2021,R16,WTA
Wei Hsieh,Su,Su Wei Hsieh,Australian Open,2021,R16,WTA
Williams,Serena,Serena Williams,Australian Open,2021,R16,WTA
Barty,Ashleigh,Ashleigh Barty,Australian Open,2021,QF,WTA
Brady,Jennifer,Jennifer Brady,Australian Open,2021,QF,WTA
Halep,Simona,Simona Halep,Australian Open,2021,QF,WTA
Muchova,Karolina,Karolina Muchova,Australian Open,2021,QF,WTA
Osaka,Naomi,Naomi Osaka,Australian Open,2021,QF,WTA
Pegula,Jessica,Jessica Pegula,Australian Open,2021,QF,WTA
Wei Hsieh,Su,Su Wei Hsieh,Australian Open,2021,QF,WTA
Williams,Serena,Serena Williams,Australian Open,2021,QF,WTA
Brady,Jennifer,Jennifer Brady,Australian Open,2021,SF,WTA
Muchova,Karolina,Karolina Muchova,Australian Open,2021,SF,WTA
Osaka,Naomi,Naomi Osaka,Australian Open,2021,SF,WTA
Williams,Serena,Serena Williams,Australian Open,2021,SF,WTA
Brady,Jennifer,Jennifer Brady,Australian Open,2021,F,WTA
Osaka,Naomi,Naomi Osaka,Australian Open,2021,F,WTA
Osaka,Naomi,Naomi Osaka,Australian Open,2021,W,WTA
Berrettini,Matteo,Matteo Berrettini,French Open,2021,R16,ATP
Carreno Busta,Pablo,Pablo Carreno Busta,French Open,2021,R16,ATP
Davidovich Fokina,Alejandro,Alejandro Davidovich Fokina,French Open,2021,R16,ATP
Delbonis,Federico,Federico Delbonis,French Open,2021,R16,ATP
Djokovic,Novak,Novak Djokovic,French Open,2021,R16,ATP
Federer,Roger,Roger Federer,French Open,2021,R16,ATP
Garin,Cristian,Cristian Garin,French Open,2021,R16,ATP
Lennard Struff,Jan,Jan Lennard Struff,French Open,2021,R16,ATP
Medvedev,Daniil,Daniil Medvedev,French Open,2021,R16,ATP
Musetti,Lorenzo,Lorenzo Musetti,French Open,2021,R16,ATP
Nadal,Rafael,Rafael Nadal,French Open,2021,R16,ATP
Nishikori,Kei,Kei Nishikori,French Open,2021,R16,ATP
Schwartzman,Diego,Diego Schwartzman,French Open,2021,R16,ATP
Sinner,Jannik,Jannik Sinner,French Open,2021,R16,ATP
Tsitsipas,Stefanos,Stefanos Tsitsipas,French Open,2021,R16,ATP
Zverev,Alexander,Alexander Zverev,French Open,2021,R16,ATP
Berrettini,Matteo,Matteo Berrettini,French Open,2021,QF,ATP
Davidovich Fokina,Alejandro,Alejandro Davidovich Fokina,French Open,2021,QF,ATP
Djokovic,Novak,Novak Djokovic,French Open,2021,QF,ATP
Medvedev,Daniil,Daniil Medvedev,French Open,2021,QF,ATP
Nadal,Rafael,Rafael Nadal,French Open,2021,QF,ATP
Schwartzman,Diego,Diego Schwartzman,French Open,2021,QF,ATP
Tsitsipas,Stefanos,Stefanos Tsitsipas,French Open,2021,QF,ATP
Zverev,Alexander,Alexander Zverev,French Open,2021,QF,ATP
Djokovic,Novak,Novak Djokovic,French Open,2021,SF,ATP
Nadal,Rafael,Rafael Nadal,French Open,2021,SF,ATP
Tsitsipas,Stefanos,Stefanos Tsitsipas,French Open,2021,SF,ATP
Zverev,Alexander,Alexander Zverev,French Open,2021,SF,ATP
Djokovic,Novak,Novak Djokovic,French Open,2021,F,ATP
Tsitsipas,Stefanos,Stefanos Tsitsipas,French Open,2021,F,ATP
Djokovic,Novak,Novak Djokovic,French Open,2021,W,ATP
Azarenka,Victoria,Victoria Azarenka,French Open,2021,R16,WTA
Badosa,Paula,Paula Badosa,French Open,2021,R16,WTA
Cirstea,Sorana,Sorana Cirstea,French Open,2021,R16,WTA
Gauff,Coco,Coco Gauff,French Open,2021,R16,WTA
Jabeur,Ons,Ons Jabeur,French Open,2021,R16,WTA
Kenin,Sofia,Sofia Kenin,French Open,2021,R16,WTA
Kostyuk,Marta,Marta Kostyuk,French Open,2021,R16,WTA
Krejcikova,Barbora,Barbora Krejcikova,French Open,2021,R16,WTA
Pavlyuchenkova,Anastasia,Anastasia Pavlyuchenkova,French Open,2021,R16,WTA
Rybakina,Elena,Elena Rybakina,French Open,2021,R16,WTA
Sakkari,Maria,Maria Sakkari,French Open,2021,R16,WTA
Stephens,Sloane,Sloane Stephens,French Open,2021,R16,WTA
Swiatek,Iga,Iga Swiatek,French Open,2021,R16,WTA
Vondrousova,Marketa,Marketa Vondrousova,French Open,2021,R16,WTA
Williams,Serena,Serena Williams,French Open,2021,R16,WTA
Zidansek,Tamara,Tamara Zidansek,French Open,2021,R16,WTA
Badosa,Paula,Paula Badosa,French Open,2021,QF,WTA
Gauff,Coco,Coco Gauff,French Open,2021,QF,WTA
Krejcikova,Barbora,Barbora Krejcikova,French Open,2021,QF,WTA
Pavlyuchenkova,Anastasia,Anastasia Pavlyuchenkova,French Open,2021,QF,WTA
Rybakina,Elena,Elena Rybakina,French Open,2021,QF,WTA
Sakkari,Maria,Maria Sakkari,French Open,2021,QF,WTA
Swiatek,Iga,Iga Swiatek,French Open,2021,QF,WTA
Zidansek,Tamara,Tamara Zidansek,French Open,2021,QF,WTA
Krejcikova,Barbora,Barbora Krejcikova,French Open,2021,SF,WTA
Pavlyuchenkova,Anastasia,Anastasia Pavlyuchenkova,French Open,2021,SF,WTA
Sakkari,Maria,Maria Sakkari,French Open,2021,SF,WTA
Zidansek,Tamara,Tamara Zidansek,French Open,2021,SF,WTA
Krejcikova,Barbora,Barbora Krejcikova,French Open,2021,F,WTA
Pavlyuchenkova,Anastasia,Anastasia Pavlyuchenkova,French Open,2021,F,WTA
Krejcikova,Barbora,Barbora Krejcikova,French Open,2021,W,WTA
Alcaraz,Carlos,Carlos Alcaraz,US Open,2021,R16,ATP
Auger Aliassime,Felix,Felix Auger Aliassime,US Open,2021,R16,ATP
Berrettini,Matteo,Matteo Berrettini,US Open,2021,R16,ATP
Brooksby,Jenson,Jenson Brooksby,US Open,2021,R16,ATP
Djokovic,Novak,Novak Djokovic,US Open,2021,R16,ATP
Evans,Daniel,Daniel Evans,US Open,2021,R16,ATP
Gojowczyk,Peter,Peter Gojowczyk,US Open,2021,R16,ATP
Harris,Lloyd,Lloyd Harris,US Open,2021,R16,ATP
Medvedev,Daniil,Daniil Medvedev,US Open,2021,R16,ATP
Opelka,Reilly,Reilly Opelka,US Open,2021,R16,ATP
Otte,Oscar,Oscar Otte,US Open,2021,R16,ATP
Schwartzman,Diego,Diego Schwartzman,US Open,2021,R16,ATP
Sinner,Jannik,Jannik Sinner,US Open,2021,R16,ATP
Tiafoe,Frances,Frances Tiafoe,US Open,2021,R16,ATP
Van De Zandschulp,Botic,Botic Van De Zandschulp,US Open,2021,R16,ATP
Zverev,Alexander,Alexander Zverev,US Open,2021,R16,ATP
Alcaraz,Carlos,Carlos Alcaraz,US Open,2021,QF,ATP
Auger Aliassime,Felix,Felix Auger Aliassime,US Open,2021,QF,ATP
Berrettini,Matteo,Matteo Berrettini,US Open,2021,QF,ATP
Djokovic,Novak,Novak Djokovic,US Open,2021,QF,ATP
Harris,Lloyd,Lloyd Harris,US Open,2021,QF,ATP
Medvedev,Daniil,Daniil Medvedev,US Open,2021,QF,ATP
Van De Zandschulp,Botic,Botic Van De Zandschulp,US Open,2021,QF,ATP
Zverev,Alexander,Alexander Zverev,US Open,2021,QF,ATP
Auger Aliassime,Felix,Felix Auger Aliassime,US Open,2021,SF,ATP
Djokovic,Novak,Novak Djokovic,US Open,2021,SF,ATP
Medvedev,Daniil,Daniil Medvedev,US Open,2021,SF,ATP
Zverev,Alexander,Alexander Zverev,US Open,2021,SF,ATP
Djokovic,Novak,Novak Djokovic,US Open,2021,F,ATP
Medvedev,Daniil,Daniil Medvedev,US Open,2021,F,ATP
Medvedev,Daniil,Daniil Medvedev,US Open,2021,W,ATP
Andreescu,Bianca,Bianca Andreescu,US Open,2021,R16,WTA
Bencic,Belinda,Belinda Bencic,US Open,2021,R16,WTA
Fernandez,Leylah,Leylah Fernandez,US Open,2021,R16,WTA
Halep,Simona,Simona Halep,US Open,2021,R16,WTA
Kerber,Angelique,Angelique Kerber,US Open,2021,R16,WTA
Krejcikova,Barbora,Barbora Krejcikova,US Open,2021,R16,WTA
Mertens,Elise,Elise Mertens,US Open,2021,R16,WTA
Muguruza,Garbine,Garbine Muguruza,US Open,2021,R16,WTA
Pavlyuchenkova,Anastasia,Anastasia Pavlyuchenkova,US Open,2021,R16,WTA
Pliskova,Karolina,Karolina Pliskova,US Open,2021,R16,WTA
Raducanu,Emma,Emma Raducanu,US Open,2021,R16,WTA
Rogers,Shelby,Shelby Rogers,US Open,2021,R16,WTA
Sabalenka,Aryna,Aryna Sabalenka,US Open,2021,R16,WTA
Sakkari,Maria,Maria Sakkari,US Open,2021,R16,WTA
Svitolina,Elina,Elina Svitolina,US Open,2021,R16,WTA
Swiatek,Iga,Iga Swiatek,US Open,2021,R16,WTA
Bencic,Belinda,Belinda Bencic,US Open,2021,QF,WTA
Fernandez,Leylah,Leylah Fernandez,US Open,2021,QF,WTA
Krejcikova,Barbora,Barbora Krejcikova,US Open,2021,QF,WTA
Pliskova,Karolina,Karolina Pliskova,US Open,2021,QF,WTA
Raducanu,Emma,Emma Raducanu,US Open,2021,QF,WTA
Sabalenka,Aryna,Aryna Sabalenka,US Open,2021,QF,WTA
Sakkari,Maria,Maria Sakkari,US Open,2021,QF,WTA
Svitolina,Elina,Elina Svitolina,US Open,2021,QF,WTA
Fernandez,Leylah,Leylah Fernandez,US Open,2021,SF,WTA
Raducanu,Emma,Emma Raducanu,US Open,2021,SF,WTA
Sabalenka,Aryna,Aryna Sabalenka,US Open,2021,SF,WTA
Sakkari,Maria,Maria Sakkari,US Open,2021,SF,WTA
Fernandez,Leylah,Leylah Fernandez,US Open,2021,F,WTA
Raducanu,Emma,Emma Raducanu,US Open,2021,F,WTA
Raducanu,Emma,Emma Raducanu,US Open,2021,W,WTA
Auger Aliassime,Felix,Felix Auger Aliassime,Wimbledon,2021,R16,ATP
Bautista Agut,Roberto,Roberto Bautista Agut,Wimbledon,2021,R16,ATP
Berrettini,Matteo,Matteo Berrettini,Wimbledon,2021,R16,ATP
Djokovic,Novak,Novak Djokovic,Wimbledon,2021,R16,ATP
Federer,Roger,Roger Federer,Wimbledon,2021,R16,ATP
Fucsovics,Marton,Marton Fucsovics,Wimbledon,2021,R16,ATP
Garin,Cristian,Cristian Garin,Wimbledon,2021,R16,ATP
Hurkacz,Hubert,Hubert Hurkacz,Wimbledon,2021,R16,ATP
Ivashka,Ilya,Ilya Ivashka,Wimbledon,2021,R16,ATP
Khachanov,Karen,Karen Khachanov,Wimbledon,2021,R16,ATP
Korda,Sebastian,Sebastian Korda,Wimbledon,2021,R16,ATP
Medvedev,Daniil,Daniil Medvedev,Wimbledon,2021,R16,ATP
Rublev,Andrey,Andrey Rublev,Wimbledon,2021,R16,ATP
Shapovalov,Denis,Denis Shapovalov,Wimbledon,2021,R16,ATP
Sonego,Lorenzo,Lorenzo Sonego,Wimbledon,2021,R16,ATP
Zverev,Alexander,Alexander Zverev,Wimbledon,2021,R16,ATP
Auger Aliassime,Felix,Felix Auger Aliassime,Wimbledon,2021,QF,ATP
Berrettini,Matteo,Matteo Berrettini,Wimbledon,2021,QF,ATP
Djokovic,Novak,Novak Djokovic,Wimbledon,2021,QF,ATP
Federer,Roger,Roger Federer,Wimbledon,2021,QF,ATP
Fucsovics,Marton,Marton Fucsovics,Wimbledon,2021,QF,ATP
Hurkacz,Hubert,Hubert Hurkacz,Wimbledon,2021,QF,ATP
Khachanov,Karen,Karen Khachanov,Wimbledon,2021,QF,ATP
Shapovalov,Denis,Denis Shapovalov,Wimbledon,2021,QF,ATP
Berrettini,Matteo,Matteo Berrettini,Wimbledon,2021,SF,ATP
Djokovic,Novak,Novak Djokovic,Wimbledon,2021,SF,ATP
Hurkacz,Hubert,Hubert Hurkacz,Wimbledon,2021,SF,ATP
Shapovalov,Denis,Denis Shapovalov,Wimbledon,2021,SF,ATP
Berrettini,Matteo,Matteo Berrettini,Wimbledon,2021,F,ATP
Djokovic,Novak,Novak Djokovic,Wimbledon,2021,F,ATP
Djokovic,Novak,Novak Djokovic,Wimbledon,2021,W,ATP
Badosa,Paula,Paula Badosa,Wimbledon,2021,R16,WTA
Barty,Ashleigh,Ashleigh Barty,Wimbledon,2021,R16,WTA
Gauff,Coco,Coco Gauff,Wimbledon,2021,R16,WTA
Golubic,Viktorija,Viktorija Golubic,Wimbledon,2021,R16,WTA
Jabeur,Ons,Ons Jabeur,Wimbledon,2021,R16,WTA
Kerber,Angelique,Angelique Kerber,Wimbledon,2021,R16,WTA
Keys,Madison,Madison Keys,Wimbledon,2021,R16,WTA
Krejcikova,Barbora,Barbora Krejcikova,Wimbledon,2021,R16,WTA
Muchova,Karolina,Karolina Muchova,Wimbledon,2021,R16,WTA
Pliskova,Karolina,Karolina Pliskova,Wimbledon,2021,R16,WTA
Raducanu,Emma,Emma Raducanu,Wimbledon,2021,R16,WTA
Rybakina,Elena,Elena Rybakina,Wimbledon,2021,R16,WTA
Sabalenka,Aryna,Aryna Sabalenka,Wimbledon,2021,R16,WTA
Samsonova,Liudmila,Liudmila Samsonova,Wimbledon,2021,R16,WTA
Swiatek,Iga,Iga Swiatek,Wimbledon,2021,R16,WTA
Tomljanovic,Ajla,Ajla Tomljanovic,Wimbledon,2021,R16,WTA
Barty,Ashleigh,Ashleigh Barty,Wimbledon,2021,QF,WTA
Golubic,Viktorija,Viktorija Golubic,Wimbledon,2021,QF,WTA
Jabeur,Ons,Ons Jabeur,Wimbledon,2021,QF,WTA
Kerber,Angelique,Angelique Kerber,Wimbledon,2021,QF,WTA
Muchova,Karolina,Karolina Muchova,Wimbledon,2021,QF,WTA
Pliskova,Karolina,Karolina Pliskova,Wimbledon,2021,QF,WTA
Sabalenka,Aryna,Aryna Sabalenka,Wimbledon,2021,QF,WTA
Tomljanovic,Ajla,Ajla Tomljanovic,Wimbledon,2021,QF,WTA
Barty,Ashleigh,Ashleigh Barty,Wimbledon,2021,SF,WTA
Kerber,Angelique,Angelique Kerber,Wimbledon,2021,SF,WTA
Pliskova,Karolina,Karolina Pliskova,Wimbledon,2021,SF,WTA
Sabalenka,Aryna,Aryna Sabalenka,Wimbledon,2021,SF,WTA
Barty,Ashleigh,Ashleigh Barty,Wimbledon,2021,F,WTA
Pliskova,Karolina,Karolina Pliskova,Wimbledon,2021,F,WTA
Barty,Ashleigh,Ashleigh Barty,Wimbledon,2021,W,WTA
Auger Aliassime,Felix,Felix Auger Aliassime,Australian Open,2022,R16,ATP
Berrettini,Matteo,Matteo Berrettini,Australian Open,2022,R16,ATP
Carreno Busta,Pablo,Pablo Carreno Busta,Australian Open,2022,R16,ATP
Cilic,Marin,Marin Cilic,Australian Open,2022,R16,ATP
Cressy,Maxime,Maxime Cressy,Australian Open,2022,R16,ATP
De Minaur,Alex,Alex De Minaur,Australian Open,2022,R16,ATP
Fritz,Taylor,Taylor Fritz,Australian Open,2022,R16,ATP
Kecmanovic,Miomir,Miomir Kecmanovic,Australian Open,2022,R16,ATP
Mannarino,Adrian,Adrian Mannarino,Australian Open,2022,R16,ATP
Medvedev,Daniil,Daniil Medvedev,Australian Open,2022,R16,ATP
Monfils,Gael,Gael Monfils,Australian Open,2022,R16,ATP
Nadal,Rafael,Rafael Nadal,Australian Open,2022,R16,ATP
Shapovalov,Denis,Denis Shapovalov,Australian Open,2022,R16,ATP
Sinner,Jannik,Jannik Sinner,Australian Open,2022,R16,ATP
Tsitsipas,Stefanos,Stefanos Tsitsipas,Australian Open,2022,R16,ATP
Zverev,Alexander,Alexander Zverev,Australian Open,2022,R16,ATP
Auger Aliassime,Felix,Felix Auger Aliassime,Australian Open,2022,QF,ATP
Berrettini,Matteo,Matteo Berrettini,Australian Open,2022,QF,ATP
Medvedev,Daniil,Daniil Medvedev,Australian Open,2022,QF,ATP
Monfils,Gael,Gael Monfils,Australian Open,2022,QF,ATP
Nadal,Rafael,Rafael Nadal,Australian Open,2022,QF,ATP
Shapovalov,Denis,Denis Shapovalov,Australian Open,2022,QF,ATP
Sinner,Jannik,Jannik Sinner,Australian Open,2022,QF,ATP
Tsitsipas,Stefanos,Stefanos Tsitsipas,Australian Open,2022,QF,ATP
Berrettini,Matteo,Matteo Berrettini,Australian Open,2022,SF,ATP
Medvedev,Daniil,Daniil Medvedev,Australian Open,2022,SF,ATP
Nadal,Rafael,Rafael Nadal,Australian Open,2022,SF,ATP
Tsitsipas,Stefanos,Stefanos Tsitsipas,Australian Open,2022,SF,ATP
Medvedev,Daniil,Daniil Medvedev,Australian Open,2022,F,ATP
Nadal,Rafael,Rafael Nadal,Australian Open,2022,F,ATP
Nadal,Rafael,Rafael Nadal,Australian Open,2022,W,ATP
Anisimova,Amanda,Amanda Anisimova,Australian Open,2022,R16,WTA
Azarenka,Victoria,Victoria Azarenka,Australian Open,2022,R16,WTA
Badosa,Paula,Paula Badosa,Australian Open,2022,R16,WTA
Barty,Ashleigh,Ashleigh Barty,Australian Open,2022,R16,WTA
Cirstea,Sorana,Sorana Cirstea,Australian Open,2022,R16,WTA
Collins,Danielle,Danielle Collins,Australian Open,2022,R16,WTA
Cornet,Alize,Alize Cornet,Australian Open,2022,R16,WTA
Halep,Simona,Simona Halep,Australian Open,2022,R16,WTA
Kanepi,Kaia,Kaia Kanepi,Australian Open,2022,R16,WTA
Keys,Madison,Madison Keys,Australian Open,2022,R16,WTA
Krejcikova,Barbora,Barbora Krejcikova,Australian Open,2022,R16,WTA
Mertens,Elise,Elise Mertens,Australian Open,2022,R16,WTA
Pegula,Jessica,Jessica Pegula,Australian Open,2022,R16,WTA
Sabalenka,Aryna,Aryna Sabalenka,Australian Open,2022,R16,WTA
Sakkari,Maria,Maria Sakkari,Australian Open,2022,R16,WTA
Swiatek,Iga,Iga Swiatek,Australian Open,2022,R16,WTA
Barty,Ashleigh,Ashleigh Barty,Australian Open,2022,QF,WTA
Collins,Danielle,Danielle Collins,Australian Open,2022,QF,WTA
Cornet,Alize,Alize Cornet,Australian Open,2022,QF,WTA
Kanepi,Kaia,Kaia Kanepi,Australian Open,2022,QF,WTA
Keys,Madison,Madison Keys,Australian Open,2022,QF,WTA
Krejcikova,Barbora,Barbora Krejcikova,Australian Open,2022,QF,WTA
Pegula,Jessica,Jessica Pegula,Australian Open,2022,QF,WTA
Swiatek,Iga,Iga Swiatek,Australian Open,2022,QF,WTA
Barty,Ashleigh,Ashleigh Barty,Australian Open,2022,SF,WTA
Collins,Danielle,Danielle Collins,Australian Open,2022,SF,WTA
Keys,Madison,Madison Keys,Australian Open,2022,SF,WTA
Swiatek,Iga,Iga Swiatek,Australian Open,2022,SF,WTA
Barty,Ashleigh,Ashleigh Barty,Australian Open,2022,F,WTA
Collins,Danielle,Danielle Collins,Australian Open,2022,F,WTA
Barty,Ashleigh,Ashleigh Barty,Australian Open,2022,W,WTA
Alcaraz,Carlos,Carlos Alcaraz,French Open,2022,R16,ATP
Auger Aliassime,Felix,Felix Auger Aliassime,French Open,2022,R16,ATP
Cilic,Marin,Marin Cilic,French Open,2022,R16,ATP
Djokovic,Novak,Novak Djokovic,French Open,2022,R16,ATP
Hurkacz,Hubert,Hubert Hurkacz,French Open,2022,R16,ATP
Khachanov,Karen,Karen Khachanov,French Open,2022,R16,ATP
Medvedev,Daniil,Daniil Medvedev,French Open,2022,R16,ATP
Nadal,Rafael,Rafael Nadal,French Open,2022,R16,ATP
Rublev,Andrey,Andrey Rublev,French Open,2022,R16,ATP
Rune,Holger,Holger Rune,French Open,2022,R16,ATP
Ruud,Casper,Casper Ruud,French Open,2022,R16,ATP
Schwartzman,Diego,Diego Schwartzman,French Open,2022,R16,ATP
Sinner,Jannik,Jannik Sinner,French Open,2022,R16,ATP
Tsitsipas,Stefanos,Stefanos Tsitsipas,French Open,2022,R16,ATP
Zapata Miralles,Bernabe,Bernabe Zapata Miralles,French Open,2022,R16,ATP
Zverev,Alexander,Alexander Zverev,French Open,2022,R16,ATP
Alcaraz,Carlos,Carlos Alcaraz,French Open,2022,QF,ATP
Cilic,Marin,Marin Cilic,French Open,2022,QF,ATP
Djokovic,Novak,Novak Djokovic,French Open,2022,QF,ATP
Nadal,Rafael,Rafael Nadal,French Open,2022,QF,ATP
Rublev,Andrey,Andrey Rublev,French Open,2022,QF,ATP
Rune,Holger,Holger Rune,French Open,2022,QF,ATP
Ruud,Casper,Casper Ruud,French Open,2022,QF,ATP
Zverev,Alexander,Alexander Zverev,French Open,2022,QF,ATP
Cilic,Marin,Marin Cilic,French Open,2022,SF,ATP
Nadal,Rafael,Rafael Nadal,French Open,2022,SF,ATP
Ruud,Casper,Casper Ruud,French Open,2022,SF,ATP
Zverev,Alexander,Alexander Zverev,French Open,2022,SF,ATP
Nadal,Rafael,Rafael Nadal,French Open,2022,F,ATP
Ruud,Casper,Casper Ruud,French Open,2022,F,ATP
Nadal,Rafael,Rafael Nadal,French Open,2022,W,ATP
Anisimova,Amanda,Amanda Anisimova,French Open,2022,R16,WTA
Camelia Begu,Irina,Irina Camelia Begu,French Open,2022,R16,WTA
Fernandez,Leylah,Leylah Fernandez,French Open,2022,R16,WTA
Gauff,Coco,Coco Gauff,French Open,2022,R16,WTA
Giorgi,Camila,Camila Giorgi,French Open,2022,R16,WTA
Kasatkina,Daria,Daria Kasatkina,French Open,2022,R16,WTA
Keys,Madison,Madison Keys,French Open,2022,R16,WTA
Kudermetova,Veronika,Veronika Kudermetova,French Open,2022,R16,WTA
Mertens,Elise,Elise Mertens,French Open,2022,R16,WTA
Pegula,Jessica,Jessica Pegula,French Open,2022,R16,WTA
Sasnovich,Aliaksandra,Aliaksandra Sasnovich,French Open,2022,R16,WTA
Stephens,Sloane,Sloane Stephens,French Open,2022,R16,WTA
Swiatek,Iga,Iga Swiatek,French Open,2022,R16,WTA
Teichmann,Jil,Jil Teichmann,French Open,2022,R16,WTA
Trevisan,Martina,Martina Trevisan,French Open,2022,R16,WTA
Zheng,Qinwen,Qinwen Zheng,French Open,2022,R16,WTA
Fernandez,Leylah,Leylah Fernandez,French Open,2022,QF,WTA
Gauff,Coco,Coco Gauff,French Open,2022,QF,WTA
Kasatkina,Daria,Daria Kasatkina,French Open,2022,QF,WTA
Kudermetova,Veronika,Veronika Kudermetova,French Open,2022,QF,WTA
Pegula,Jessica,Jessica Pegula,French Open,2022,QF,WTA
Stephens,Sloane,Sloane Stephens,French Open,2022,QF,WTA
Swiatek,Iga,Iga Swiatek,French Open,2022,QF,WTA
Trevisan,Martina,Martina Trevisan,French Open,2022,QF,WTA
Gauff,Coco,Coco Gauff,French Open,2022,SF,WTA
Kasatkina,Daria,Daria Kasatkina,French Open,2022,SF,WTA
Swiatek,Iga,Iga Swiatek,French Open,2022,SF,WTA
Trevisan,Martina,Martina Trevisan,French Open,2022,SF,WTA
Gauff,Coco,Coco Gauff,French Open,2022,F,WTA
Swiatek,Iga,Iga Swiatek,French Open,2022,F,WTA
Swiatek,Iga,Iga Swiatek,French Open,2022,W,WTA
Alcaraz,Carlos,Carlos Alcaraz,US Open,2022,R16,ATP
Berrettini,Matteo,Matteo Berrettini,US Open,2022,R16,ATP
Carreno Busta,Pablo,Pablo Carreno Busta,US Open,2022,R16,ATP
Cilic,Marin,Marin Cilic,US Open,2022,R16,ATP
Davidovich Fokina,Alejandro,Alejandro Davidovich Fokina,US Open,2022,R16,ATP
Ivashka,Ilya,Ilya Ivashka,US Open,2022,R16,ATP
Khachanov,Karen,Karen Khachanov,US Open,2022,R16,ATP
Kyrgios,Nick,Nick Kyrgios,US Open,2022,R16,ATP
Medvedev,Daniil,Daniil Medvedev,US Open,2022,R16,ATP
Moutet,Corentin,Corentin Moutet,US Open,2022,R16,ATP
Nadal,Rafael,Rafael Nadal,US Open,2022,R16,ATP
Norrie,Cameron,Cameron Norrie,US Open,2022,R16,ATP
Rublev,Andrey,Andrey Rublev,US Open,2022,R16,ATP
Ruud,Casper,Casper Ruud,US Open,2022,R16,ATP
Sinner,Jannik,Jannik Sinner,US Open,2022,R16,ATP
Tiafoe,Frances,Frances Tiafoe,US Open,2022,R16,ATP
Alcaraz,Carlos,Carlos Alcaraz,US Open,2022,QF,ATP
Berrettini,Matteo,Matteo Berrettini,US Open,2022,QF,ATP
Khachanov,Karen,Karen Khachanov,US Open,2022,QF,ATP
Kyrgios,Nick,Nick Kyrgios,US Open,2022,QF,ATP
Rublev,Andrey,Andrey Rublev,US Open,2022,QF,ATP
Ruud,Casper,Casper Ruud,US Open,2022,QF,ATP
Sinner,Jannik,Jannik Sinner,US Open,2022,QF,ATP
Tiafoe,Frances,Frances Tiafoe,US Open,2022,QF,ATP
Alcaraz,Carlos,Carlos Alcaraz,US Open,2022,SF,ATP
Khachanov,Karen,Karen Khachanov,US Open,2022,SF,ATP
Ruud,Casper,Casper Ruud,US Open,2022,SF,ATP
Tiafoe,Frances,Frances Tiafoe,US Open,2022,SF,ATP
Alcaraz,Carlos,Carlos Alcaraz,US Open,2022,F,ATP
Ruud,Casper,Casper Ruud,US Open,2022,F,ATP
Alcaraz,Carlos,Carlos Alcaraz,US Open,2022,W,ATP
Azarenka,Victoria,Victoria Azarenka,US Open,2022,R16,WTA
Collins,Danielle,Danielle Collins,US Open,2022,R16,WTA
Garcia,Caroline,Caroline Garcia,US Open,2022,R16,WTA
Gauff,Coco,Coco Gauff,US Open,2022,R16,WTA
Jabeur,Ons,Ons Jabeur,US Open,2022,R16,WTA
Kudermetova,Veronika,Veronika Kudermetova,US Open,2022,R16,WTA
Kvitova,Petra,Petra Kvitova,US Open,2022,R16,WTA
Niemeier,Jule,Jule Niemeier,US Open,2022,R16,WTA
Pegula,Jessica,Jessica Pegula,US Open,2022,R16,WTA
Pliskova,Karolina,Karolina Pliskova,US Open,2022,R16,WTA
Riske Amritraj,Alison,Alison Riske Amritraj,US Open,2022,R16,WTA
Sabalenka,Aryna,Aryna Sabalenka,US Open,2022,R16,WTA
Samsonova,Liudmila,Liudmila Samsonova,US Open,2022,R16,WTA
Swiatek,Iga,Iga Swiatek,US Open,2022,R16,WTA
Tomljanovic,Ajla,Ajla Tomljanovic,US Open,2022,R16,WTA
Zhang,Shuai,Shuai Zhang,US Open,2022,R16,WTA
Garcia,Caroline,Caroline Garcia,US Open,2022,QF,WTA
Gauff,Coco,Coco Gauff,US Open,2022,QF,WTA
Jabeur,Ons,Ons Jabeur,US Open,2022,QF,WTA
Pegula,Jessica,Jessica Pegula,US Open,2022,QF,WTA
Pliskova,Karolina,Karolina Pliskova,US Open,2022,QF,WTA
Sabalenka,Aryna,Aryna Sabalenka,US Open,2022,QF,WTA
Swiatek,Iga,Iga Swiatek,US Open,2022,QF,WTA
Tomljanovic,Ajla,Ajla Tomljanovic,US Open,2022,QF,WTA
Garcia,Caroline,Caroline Garcia,US Open,2022,SF,WTA
Jabeur,Ons,Ons Jabeur,US Open,2022,SF,WTA
Sabalenka,Aryna,Aryna Sabalenka,US Open,2022,SF,WTA
Swiatek,Iga,Iga Swiatek,US Open,2022,SF,WTA
Jabeur,Ons,Ons Jabeur,US Open,2022,F,WTA
Swiatek,Iga,Iga Swiatek,US Open,2022,F,WTA
Swiatek,Iga,Iga Swiatek,US Open,2022,W,WTA
Alcaraz,Carlos,Carlos Alcaraz,Wimbledon,2022,R16,ATP
De Minaur,Alex,Alex De Minaur,Wimbledon,2022,R16,ATP
Djokovic,Novak,Novak Djokovic,Wimbledon,2022,R16,ATP
Fritz,Taylor,Taylor Fritz,Wimbledon,2022,R16,ATP
Garin,Cristian,Cristian Garin,Wimbledon,2022,R16,ATP
Goffin,David,David Goffin,Wimbledon,2022,R16,ATP
Kubler,Jason,Jason Kubler,Wimbledon,2022,R16,ATP
Kyrgios,Nick,Nick Kyrgios,Wimbledon,2022,R16,ATP
Nadal,Rafael,Rafael Nadal,Wimbledon,2022,R16,ATP
Nakashima,Brandon,Brandon Nakashima,Wimbledon,2022,R16,ATP
Norrie,Cameron,Cameron Norrie,Wimbledon,2022,R16,ATP
Paul,Tommy,Tommy Paul,Wimbledon,2022,R16,ATP
Sinner,Jannik,Jannik Sinner,Wimbledon,2022,R16,ATP
Tiafoe,Frances,Frances Tiafoe,Wimbledon,2022,R16,ATP
Van De Zandschulp,Botic,Botic Van De Zandschulp,Wimbledon,2022,R16,ATP
Van Rijthoven,Tim,Tim Van Rijthoven,Wimbledon,2022,R16,ATP
Djokovic,Novak,Novak Djokovic,Wimbledon,2022,QF,ATP
Fritz,Taylor,Taylor Fritz,Wimbledon,2022,QF,ATP
Garin,Cristian,Cristian Garin,Wimbledon,2022,QF,ATP
Goffin,David,David Goffin,Wimbledon,2022,QF,ATP
Kyrgios,Nick,Nick Kyrgios,Wimbledon,2022,QF,ATP
Nadal,Rafael,Rafael Nadal,Wimbledon,2022,QF,ATP
Norrie,Cameron,Cameron Norrie,Wimbledon,2022,QF,ATP
Sinner,Jannik,Jannik Sinner,Wimbledon,2022,QF,ATP
Djokovic,Novak,Novak Djokovic,Wimbledon,2022,SF,ATP
Kyrgios,Nick,Nick Kyrgios,Wimbledon,2022,SF,ATP
Nadal,Rafael,Rafael Nadal,Wimbledon,2022,SF,ATP
Norrie,Cameron,Cameron Norrie,Wimbledon,2022,SF,ATP
Djokovic,Novak,Novak Djokovic,Wimbledon,2022,F,ATP
Kyrgios,Nick,Nick Kyrgios,Wimbledon,2022,F,ATP
Djokovic,Novak,Novak Djokovic,Wimbledon,2022,W,ATP
Anisimova,Amanda,Amanda Anisimova,Wimbledon,2022,R16,WTA
Badosa,Paula,Paula Badosa,Wimbledon,2022,R16,WTA
Bouzkova,Marie,Marie Bouzkova,Wimbledon,2022,R16,WTA
Cornet,Alize,Alize Cornet,Wimbledon,2022,R16,WTA
Garcia,Caroline,Caroline Garcia,Wimbledon,2022,R16,WTA
Halep,Simona,Simona Halep,Wimbledon,2022,R16,WTA
Jabeur,Ons,Ons Jabeur,Wimbledon,2022,R16,WTA
Maria,Tatjana,Tatjana Maria,Wimbledon,2022,R16,WTA
Martic,Petra,Petra Martic,Wimbledon,2022,R16,WTA
Mertens,Elise,Elise Mertens,Wimbledon,2022,R16,WTA
Niemeier,Jule,Jule Niemeier,Wimbledon,2022,R16,WTA
Ostapenko,Jelena,Jelena Ostapenko,Wimbledon,2022,R16,WTA
Rybakina,Elena,Elena Rybakina,Wimbledon,2022,R16,WTA
Tan,Harmony,Harmony Tan,Wimbledon,2022,R16,WTA
Tomljanovic,Ajla,Ajla Tomljanovic,Wimbledon,2022,R16,WTA
Watson,Heather,Heather Watson,Wimbledon,2022,R16,WTA
Anisimova,Amanda,Amanda Anisimova,Wimbledon,2022,QF,WTA
Bouzkova,Marie,Marie Bouzkova,Wimbledon,2022,QF,WTA
Halep,Simona,Simona Halep,Wimbledon,2022,QF,WTA
Jabeur,Ons,Ons Jabeur,Wimbledon,2022,QF,WTA
Maria,Tatjana,Tatjana Maria,Wimbledon,2022,QF,WTA
Niemeier,Jule,Jule Niemeier,Wimbledon,2022,QF,WTA
Rybakina,Elena,Elena Rybakina,Wimbledon,2022,QF,WTA
Tomljanovic,Ajla,Ajla Tomljanovic,Wimbledon,2022,QF,WTA
Halep,Simona,Simona Halep,Wimbledon,2022,SF,WTA
Jabeur,Ons,Ons Jabeur,Wimbledon,2022,SF,WTA
Maria,Tatjana,Tatjana Maria,Wimbledon,2022,SF,WTA
Rybakina,Elena,Elena Rybakina,Wimbledon,2022,SF,WTA
Jabeur,Ons,Ons Jabeur,Wimbledon,2022,F,WTA
Rybakina,Elena,Elena Rybakina,Wimbledon,2022,F,WTA
Rybakina,Elena,Elena Rybakina,Wimbledon,2022,W,WTA
Auger Aliassime,Felix,Felix Auger Aliassime,Australian Open,2023,R16,ATP
Bautista Agut,Roberto,Roberto Bautista Agut,Australian Open,2023,R16,ATP
De Minaur,Alex,Alex De Minaur,Australian Open,2023,R16,ATP
Djokovic,Novak,Novak Djokovic,Australian Open,2023,R16,ATP
Hurkacz,Hubert,Hubert Hurkacz,Australian Open,2023,R16,ATP
J Wolf,J,J J Wolf,Australian Open,2023,R16,ATP
Khachanov,Karen,Karen Khachanov,Australian Open,2023,R16,ATP
Korda,Sebastian,Sebastian Korda,Australian Open,2023,R16,ATP
Lehecka,Jiri,Jiri Lehecka,Australian Open,2023,R16,ATP
Nishioka,Yoshihito,Yoshihito Nishioka,Australian Open,2023,R16,ATP
Paul,Tommy,Tommy Paul,Australian Open,2023,R16,ATP
Rublev,Andrey,Andrey Rublev,Australian Open,2023,R16,ATP
Rune,Holger,Holger Rune,Australian Open,2023,R16,ATP
Shelton,Ben,Ben Shelton,Australian Open,2023,R16,ATP
Sinner,Jannik,Jannik Sinner,Australian Open,2023,R16,ATP
Tsitsipas,Stefanos,Stefanos Tsitsipas,Australian Open,2023,R16,ATP
Djokovic,Novak,Novak Djokovic,Australian Open,2023,QF,ATP
Khachanov,Karen,Karen Khachanov,Australian Open,2023,QF,ATP
Korda,Sebastian,Sebastian Korda,Australian Open,2023,QF,ATP
Lehecka,Jiri,Jiri Lehecka,Australian Open,2023,QF,ATP
Paul,Tommy,Tommy Paul,Australian Open,2023,QF,ATP
Rublev,Andrey,Andrey Rublev,Australian Open,2023,QF,ATP
Shelton,Ben,Ben Shelton,Australian Open,2023,QF,ATP
Tsitsipas,Stefanos,Stefanos Tsitsipas,Australian Open,2023,QF,ATP
Djokovic,Novak,Novak Djokovic,Australian Open,2023,SF,ATP
Khachanov,Karen,Karen Khachanov,Australian Open,2023,SF,ATP
Paul,Tommy,Tommy Paul,Australian Open,2023,SF,ATP
Tsitsipas,Stefanos,Stefanos Tsitsipas,Australian Open,2023,SF,ATP
Djokovic,Novak,Novak Djokovic,Australian Open,2023,F,ATP
Tsitsipas,Stefanos,Stefanos Tsitsipas,Australian Open,2023,F,ATP
Djokovic,Novak,Novak Djokovic,Australian Open,2023,W,ATP
Azarenka,Victoria,Victoria Azarenka,Australian Open,2023,R16,WTA
Bencic,Belinda,Belinda Bencic,Australian Open,2023,R16,WTA
Fruhvirtova,Linda,Linda Fruhvirtova,Australian Open,2023,R16,WTA
Garcia,Caroline,Caroline Garcia,Australian Open,2023,R16,WTA
Gauff,Coco,Coco Gauff,Australian Open,2023,R16,WTA
Krejcikova,Barbora,Barbora Krejcikova,Australian Open,2023,R16,WTA
Linette,Magda,Magda Linette,Australian Open,2023,R16,WTA
Ostapenko,Jelena,Jelena Ostapenko,Australian Open,2023,R16,WTA
Pegula,Jessica,Jessica Pegula,Australian Open,2023,R16,WTA
Pliskova,Karolina,Karolina Pliskova,Australian Open,2023,R16,WTA
Rybakina,Elena,Elena Rybakina,Australian Open,2023,R16,WTA
Sabalenka,Aryna,Aryna Sabalenka,Australian Open,2023,R16,WTA
Swiatek,Iga,Iga Swiatek,Australian Open,2023,R16,WTA
Vekic,Donna,Donna Vekic,Australian Open,2023,R16,WTA
Zhang,Shuai,Shuai Zhang,Australian Open,2023,R16,WTA
Zhu,Lin,Lin Zhu,Australian Open,2023,R16,WTA
Azarenka,Victoria,Victoria Azarenka,Australian Open,2023,QF,WTA
Linette,Magda,Magda Linette,Australian Open,2023,QF,WTA
Ostapenko,Jelena,Jelena Ostapenko,Australian Open,2023,QF,WTA
Pegula,Jessica,Jessica Pegula,Australian Open,2023,QF,WTA
Pliskova,Karolina,Karolina Pliskova,Australian Open,2023,QF,WTA
Rybakina,Elena,Elena Rybakina,Australian Open,2023,QF,WTA
Sabalenka,Aryna,Aryna Sabalenka,Australian Open,2023,QF,WTA
Vekic,Donna,Donna Vekic,Australian Open,2023,QF,WTA
Azarenka,Victoria,Victoria Azarenka,Australian Open,2023,SF,WTA
Linette,Magda,Magda Linette,Australian Open,2023,SF,WTA
Rybakina,Elena,Elena Rybakina,Australian Open,2023,SF,WTA
Sabalenka,Aryna,Aryna Sabalenka,Australian Open,2023,SF,WTA
Rybakina,Elena,Elena Rybakina,Australian Open,2023,F,WTA
Sabalenka,Aryna,Aryna Sabalenka,Australian Open,2023,F,WTA
Sabalenka,Aryna,Aryna Sabalenka,Australian Open,2023,W,WTA
Alcaraz,Carlos,Carlos Alcaraz,French Open,2023,R16,ATP
Cerundolo,Francisco,Francisco Cerundolo,French Open,2023,R16,ATP
Dimitrov,Grigor,Grigor Dimitrov,French Open,2023,R16,ATP
Djokovic,Novak,Novak Djokovic,French Open,2023,R16,ATP
Jarry,Nicolas,Nicolas Jarry,French Open,2023,R16,ATP
Khachanov,Karen,Karen Khachanov,French Open,2023,R16,ATP
Martin Etcheverry,Tomas,Tomas Martin Etcheverry,French Open,2023,R16,ATP
Musetti,Lorenzo,Lorenzo Musetti,French Open,2023,R16,ATP
Nishioka,Yoshihito,Yoshihito Nishioka,French Open,2023,R16,ATP
Ofner,Sebastian,Sebastian Ofner,French Open,2023,R16,ATP
Pablo Varillas,Juan,Juan Pablo Varillas,French Open,2023,R16,ATP
Rune,Holger,Holger Rune,French Open,2023,R16,ATP
Ruud,Casper,Casper Ruud,French Open,2023,R16,ATP
Sonego,Lorenzo,Lorenzo Sonego,French Open,2023,R16,ATP
Tsitsipas,Stefanos,Stefanos Tsitsipas,French Open,2023,R16,ATP
Zverev,Alexander,Alexander Zverev,French Open,2023,R16,ATP
Alcaraz,Carlos,Carlos Alcaraz,French Open,2023,QF,ATP
Djokovic,Novak,Novak Djokovic,French Open,2023,QF,ATP
Khachanov,Karen,Karen Khachanov,French Open,2023,QF,ATP
Martin Etcheverry,Tomas,Tomas Martin Etcheverry,French Open,2023,QF,ATP
Rune,Holger,Holger Rune,French Open,2023,QF,ATP
Ruud,Casper,Casper Ruud,French Open,2023,QF,ATP
Tsitsipas,Stefanos,Stefanos Tsitsipas,French Open,2023,QF,ATP
Zverev,Alexander,Alexander Zverev,French Open,2023,QF,ATP
Alcaraz,Carlos,Carlos Alcaraz,French Open,2023,SF,ATP
Djokovic,Novak,Novak Djokovic,French Open,2023,SF,ATP
Ruud,Casper,Casper Ruud,French Open,2023,SF,ATP
Zverev,Alexander,Alexander Zverev,French Open,2023,SF,ATP
Djokovic,Novak,Novak Djokovic,French Open,2023,F,ATP
Ruud,Casper,Casper Ruud,French Open,2023,F,ATP
Djokovic,Novak,Novak Djokovic,French Open,2023,W,ATP
Avanesyan,Elina,Elina Avanesyan,French Open,2023,R16,WTA
Gauff,Coco,Coco Gauff,French Open,2023,R16,WTA
Haddad Maia,Beatriz,Beatriz Haddad Maia,French Open,2023,R16,WTA
Jabeur,Ons,Ons Jabeur,French Open,2023,R16,WTA
Karolina Schmiedlova,Anna,Anna Karolina Schmiedlova,French Open,2023,R16,WTA
Kasatkina,Daria,Daria Kasatkina,French Open,2023,R16,WTA
Mertens,Elise,Elise Mertens,French Open,2023,R16,WTA
Muchova,Karolina,Karolina Muchova,French Open,2023,R16,WTA
Pavlyuchenkova,Anastasia,Anastasia Pavlyuchenkova,French Open,2023,R16,WTA
Pera,Bernarda,Bernarda Pera,French Open,2023,R16,WTA
Sabalenka,Aryna,Aryna Sabalenka,French Open,2023,R16,WTA
Sorribes Tormo,Sara,Sara Sorribes Tormo,French Open,2023,R16,WTA
Stephens,Sloane,Sloane Stephens,French Open,2023,R16,WTA
Svitolina,Elina,Elina Svitolina,French Open,2023,R16,WTA
Swiatek,Iga,Iga Swiatek,French Open,2023,R16,WTA
Tsurenko,Lesia,Lesia Tsurenko,French Open,2023,R16,WTA
Gauff,Coco,Coco Gauff,French Open,2023,QF,WTA
Haddad Maia,Beatriz,Beatriz Haddad Maia,French Open,2023,QF,WTA
Jabeur,Ons,Ons Jabeur,French Open,2023,QF,WTA
Muchova,Karolina,Karolina Muchova,French Open,2023,QF,WTA
Pavlyuchenkova,Anastasia,Anastasia Pavlyuchenkova,French Open,2023,QF,WTA
Sabalenka,Aryna,Aryna Sabalenka,French Open,2023,QF,WTA
Svitolina,Elina,Elina Svitolina,French Open,2023,QF,WTA
Swiatek,Iga,Iga Swiatek,French Open,2023,QF,WTA
Haddad Maia,Beatriz,Beatriz Haddad Maia,French Open,2023,SF,WTA
Muchova,Karolina,Karolina Muchova,French Open,2023,SF,WTA
Sabalenka,Aryna,Aryna Sabalenka,French Open,2023,SF,WTA
Swiatek,Iga,Iga Swiatek,French Open,2023,SF,WTA
Muchova,Karolina,Karolina Muchova,French Open,2023,F,WTA
Swiatek,Iga,Iga Swiatek,French Open,2023,F,WTA
Swiatek,Iga,Iga Swiatek,French Open,2023,W,WTA
Alcaraz,Carlos,Carlos Alcaraz,US Open,2023,R16,ATP
Arnaldi,Matteo,Matteo Arnaldi,US Open,2023,R16,ATP
De Minaur,Alex,Alex De Minaur,US Open,2023,R16,ATP
Djokovic,Novak,Novak Djokovic,US Open,2023,R16,ATP
Draper,Jack,Jack Draper,US Open,2023,R16,ATP
Fritz,Taylor,Taylor Fritz,US Open,2023,R16,ATP
Gojo,Borna,Borna Gojo,US Open,2023,R16,ATP
Hijikata,Rinky,Rinky Hijikata,US Open,2023,R16,ATP
Medvedev,Daniil,Daniil Medvedev,US Open,2023,R16,ATP
Paul,Tommy,Tommy Paul,US Open,2023,R16,ATP
Rublev,Andrey,Andrey Rublev,US Open,2023,R16,ATP
Shelton,Ben,Ben Shelton,US Open,2023,R16,ATP
Sinner,Jannik,Jannik Sinner,US Open,2023,R16,ATP
Stricker,Dominic,Dominic Stricker,US Open,2023,R16,ATP
Tiafoe,Frances,Frances Tiafoe,US Open,2023,R16,ATP
Zverev,Alexander,Alexander Zverev,US Open,2023,R16,ATP
Alcaraz,Carlos,Carlos Alcaraz,US Open,2023,QF,ATP
Djokovic,Novak,Novak Djokovic,US Open,2023,QF,ATP
Fritz,Taylor,Taylor Fritz,US Open,2023,QF,ATP
Medvedev,Daniil,Daniil Medvedev,US Open,2023,QF,ATP
Rublev,Andrey,Andrey Rublev,US Open,2023,QF,ATP
Shelton,Ben,Ben Shelton,US Open,2023,QF,ATP
Tiafoe,Frances,Frances Tiafoe,US Open,2023,QF,ATP
Zverev,Alexander,Alexander Zverev,US Open,2023,QF,ATP
Alcaraz,Carlos,Carlos Alcaraz,US Open,2023,SF,ATP
Djokovic,Novak,Novak Djokovic,US Open,2023,SF,ATP
Medvedev,Daniil,Daniil Medvedev,US Open,2023,SF,ATP
Shelton,Ben,Ben Shelton,US Open,2023,SF,ATP
Djokovic,Novak,Novak Djokovic,US Open,2023,F,ATP
Medvedev,Daniil,Daniil Medvedev,US Open,2023,F,ATP
Djokovic,Novak,Novak Djokovic,US Open,2023,W,ATP
Bencic,Belinda,Belinda Bencic,US Open,2023,R16,WTA
Cirstea,Sorana,Sorana Cirstea,US Open,2023,R16,WTA
Gauff,Coco,Coco Gauff,US Open,2023,R16,WTA
Jabeur,Ons,Ons Jabeur,US Open,2023,R16,WTA
Kasatkina,Daria,Daria Kasatkina,US Open,2023,R16,WTA
Keys,Madison,Madison Keys,US Open,2023,R16,WTA
Muchova,Karolina,Karolina Muchova,US Open,2023,R16,WTA
Ostapenko,Jelena,Jelena Ostapenko,US Open,2023,R16,WTA
Pegula,Jessica,Jessica Pegula,US Open,2023,R16,WTA
Sabalenka,Aryna,Aryna Sabalenka,US Open,2023,R16,WTA
Stearns,Peyton,Peyton Stearns,US Open,2023,R16,WTA
Swiatek,Iga,Iga Swiatek,US Open,2023,R16,WTA
Vondrousova,Marketa,Marketa Vondrousova,US Open,2023,R16,WTA
Wozniacki,Caroline,Caroline Wozniacki,US Open,2023,R16,WTA
Yu Wang,Xin,Xin Yu Wang,US Open,2023,R16,WTA
Zheng,Qinwen,Qinwen Zheng,US Open,2023,R16,WTA
Cirstea,Sorana,Sorana Cirstea,US Open,2023,QF,WTA
Gauff,Coco,Coco Gauff,US Open,2023,QF,WTA
Keys,Madison,Madison Keys,US Open,2023,QF,WTA
Muchova,Karolina,Karolina Muchova,US Open,2023,QF,WTA
Ostapenko,Jelena,Jelena Ostapenko,US Open,2023,QF,WTA
Sabalenka,Aryna,Aryna Sabalenka,US Open,2023,QF,WTA
Vondrousova,Marketa,Marketa Vondrousova,US Open,2023,QF,WTA
Zheng,Qinwen,Qinwen Zheng,US Open,2023,QF,WTA
Gauff,Coco,Coco Gauff,US Open,2023,SF,WTA
Keys,Madison,Madison Keys,US Open,2023,SF,WTA
Muchova,Karolina,Karolina Muchova,US Open,2023,SF,WTA
Sabalenka,Aryna,Aryna Sabalenka,US Open,2023,SF,WTA
Gauff,Coco,Coco Gauff,US Open,2023,F,WTA
Sabalenka,Aryna,Aryna Sabalenka,US Open,2023,F,WTA
Gauff,Coco,Coco Gauff,US Open,2023,W,WTA
Alcaraz,Carlos,Carlos Alcaraz,Wimbledon,2023,R16,ATP
Berrettini,Matteo,Matteo Berrettini,Wimbledon,2023,R16,ATP
Bublik,Alexander,Alexander Bublik,Wimbledon,2023,R16,ATP
Dimitrov,Grigor,Grigor Dimitrov,Wimbledon,2023,R16,ATP
Djokovic,Novak,Novak Djokovic,Wimbledon,2023,R16,ATP
Elahi Galan,Daniel,Daniel Elahi Galan,Wimbledon,2023,R16,ATP
Eubanks,Christopher,Christopher Eubanks,Wimbledon,2023,R16,ATP
Hurkacz,Hubert,Hubert Hurkacz,Wimbledon,2023,R16,ATP
Lehecka,Jiri,Jiri Lehecka,Wimbledon,2023,R16,ATP
Medvedev,Daniil,Daniil Medvedev,Wimbledon,2023,R16,ATP
Rublev,Andrey,Andrey Rublev,Wimbledon,2023,R16,ATP
Rune,Holger,Holger Rune,Wimbledon,2023,R16,ATP
Safiullin,Roman,Roman Safiullin,Wimbledon,2023,R16,ATP
Shapovalov,Denis,Denis Shapovalov,Wimbledon,2023,R16,ATP
Sinner,Jannik,Jannik Sinner,Wimbledon,2023,R16,ATP
Tsitsipas,Stefanos,Stefanos Tsitsipas,Wimbledon,2023,R16,ATP
Alcaraz,Carlos,Carlos Alcaraz,Wimbledon,2023,QF,ATP
Djokovic,Novak,Novak Djokovic,Wimbledon,2023,QF,ATP
Eubanks,Christopher,Christopher Eubanks,Wimbledon,2023,QF,ATP
Medvedev,Daniil,Daniil Medvedev,Wimbledon,2023,QF,ATP
Rublev,Andrey,Andrey Rublev,Wimbledon,2023,QF,ATP
Rune,Holger,Holger Rune,Wimbledon,2023,QF,ATP
Safiullin,Roman,Roman Safiullin,Wimbledon,2023,QF,ATP
Sinner,Jannik,Jannik Sinner,Wimbledon,2023,QF,ATP
Alcaraz,Carlos,Carlos Alcaraz,Wimbledon,2023,SF,ATP
Djokovic,Novak,Novak Djokovic,Wimbledon,2023,SF,ATP
Medvedev,Daniil,Daniil Medvedev,Wimbledon,2023,SF,ATP
Sinner,Jannik,Jannik Sinner,Wimbledon,2023,SF,ATP
Alcaraz,Carlos,Carlos Alcaraz,Wimbledon,2023,F,ATP
Djokovic,Novak,Novak Djokovic,Wimbledon,2023,F,ATP
Alcaraz,Carlos,Carlos Alcaraz,Wimbledon,2023,W,ATP
Alexandrova,Ekaterina,Ekaterina Alexandrova,Wimbledon,2023,R16,WTA
Andreeva,Mirra,Mirra Andreeva,Wimbledon,2023,R16,WTA
Azarenka,Victoria,Victoria Azarenka,Wimbledon,2023,R16,WTA
Bencic,Belinda,Belinda Bencic,Wimbledon,2023,R16,WTA
Bouzkova,Marie,Marie Bouzkova,Wimbledon,2023,R16,WTA
Haddad Maia,Beatriz,Beatriz Haddad Maia,Wimbledon,2023,R16,WTA
Jabeur,Ons,Ons Jabeur,Wimbledon,2023,R16,WTA
Keys,Madison,Madison Keys,Wimbledon,2023,R16,WTA
Kvitova,Petra,Petra Kvitova,Wimbledon,2023,R16,WTA
Pegula,Jessica,Jessica Pegula,Wimbledon,2023,R16,WTA
Rybakina,Elena,Elena Rybakina,Wimbledon,2023,R16,WTA
Sabalenka,Aryna,Aryna Sabalenka,Wimbledon,2023,R16,WTA
Svitolina,Elina,Elina Svitolina,Wimbledon,2023,R16,WTA
Swiatek,Iga,Iga Swiatek,Wimbledon,2023,R16,WTA
Tsurenko,Lesia,Lesia Tsurenko,Wimbledon,2023,R16,WTA
Vondrousova,Marketa,Marketa Vondrousova,Wimbledon,2023,R16,WTA
Jabeur,Ons,Ons Jabeur,Wimbledon,2023,QF,WTA
Keys,Madison,Madison Keys,Wimbledon,2023,QF,WTA
Pegula,Jessica,Jessica Pegula,Wimbledon,2023,QF,WTA
Rybakina,Elena,Elena Rybakina,Wimbledon,2023,QF,WTA
Sabalenka,Aryna,Aryna Sabalenka,Wimbledon,2023,QF,WTA
Svitolina,Elina,Elina Svitolina,Wimbledon,2023,QF,WTA
Swiatek,Iga,Iga Swiatek,Wimbledon,2023,QF,WTA
Vondrousova,Marketa,Marketa Vondrousova,Wimbledon,2023,QF,WTA
Jabeur,Ons,Ons Jabeur,Wimbledon,2023,SF,WTA
Sabalenka,Aryna,Aryna Sabalenka,Wimbledon,2023,SF,WTA
Svitolina,Elina,Elina Svitolina,Wimbledon,2023,SF,WTA
Vondrousova,Marketa,Marketa Vondrousova,Wimbledon,2023,SF,WTA
Jabeur,Ons,Ons Jabeur,Wimbledon,2023,F,WTA
Vondrousova,Marketa,Marketa Vondrousova,Wimbledon,2023,F,WTA
Vondrousova,Marketa,Marketa Vondrousova,Wimbledon,2023,W,WTA
Alcaraz,Carlos,Carlos Alcaraz,Australian Open,2024,R16,ATP
Borges,Nuno,Nuno Borges,Australian Open,2024,R16,ATP
Cazaux,Arthur,Arthur Cazaux,Australian Open,2024,R16,ATP
De Minaur,Alex,Alex De Minaur,Australian Open,2024,R16,ATP
Djokovic,Novak,Novak Djokovic,Australian Open,2024,R16,ATP
Fritz,Taylor,Taylor Fritz,Australian Open,2024,R16,ATP
Hurkacz,Hubert,Hubert Hurkacz,Australian Open,2024,R16,ATP
Kecmanovic,Miomir,Miomir Kecmanovic,Australian Open,2024,R16,ATP
Khachanov,Karen,Karen Khachanov,Australian Open,2024,R16,ATP
Mannarino,Adrian,Adrian Mannarino,Australian Open,2024,R16,ATP
Medvedev,Daniil,Daniil Medvedev,Australian Open,2024,R16,ATP
Norrie,Cameron,Cameron Norrie,Australian Open,2024,R16,ATP
Rublev,Andrey,Andrey Rublev,Australian Open,2024,R16,ATP
Sinner,Jannik,Jannik Sinner,Australian Open,2024,R16,ATP
Tsitsipas,Stefanos,Stefanos Tsitsipas,Australian Open,2024,R16,ATP
Zverev,Alexander,Alexander Zverev,Australian Open,2024,R16,ATP
Alcaraz,Carlos,Carlos Alcaraz,Australian Open,2024,QF,ATP
Djokovic,Novak,Novak Djokovic,Australian Open,2024,QF,ATP
Fritz,Taylor,Taylor Fritz,Australian Open,2024,QF,ATP
Hurkacz,Hubert,Hubert Hurkacz,Australian Open,2024,QF,ATP
Medvedev,Daniil,Daniil Medvedev,Australian Open,2024,QF,ATP
Rublev,Andrey,Andrey Rublev,Australian Open,2024,QF,ATP
Sinner,Jannik,Jannik Sinner,Australian Open,2024,QF,ATP
Zverev,Alexander,Alexander Zverev,Australian Open,2024,QF,ATP
Djokovic,Novak,Novak Djokovic,Australian Open,2024,SF,ATP
Medvedev,Daniil,Daniil Medvedev,Australian Open,2024,SF,ATP
Sinner,Jannik,Jannik Sinner,Australian Open,2024,SF,ATP
Zverev,Alexander,Alexander Zverev,Australian Open,2024,SF,ATP
Medvedev,Daniil,Daniil Medvedev,Australian Open,2024,F,ATP
Sinner,Jannik,Jannik Sinner,Australian Open,2024,F,ATP
Sinner,Jannik,Jannik Sinner,Australian Open,2024,W,ATP
Andreeva,Mirra,Mirra Andreeva,Australian Open,2024,R16,WTA
Anisimova,Amanda,Amanda Anisimova,Australian Open,2024,R16,WTA
Azarenka,Victoria,Victoria Azarenka,Australian Open,2024,R16,WTA
Dodin,Oceane,Oceane Dodin,Australian Open,2024,R16,WTA
Frech,Magdalena,Magdalena Frech,Australian Open,2024,R16,WTA
Gauff,Coco,Coco Gauff,Australian Open,2024,R16,WTA
Kalinskaya,Anna,Anna Kalinskaya,Australian Open,2024,R16,WTA
Kostyuk,Marta,Marta Kostyuk,Australian Open,2024,R16,WTA
Krejcikova,Barbora,Barbora Krejcikova,Australian Open,2024,R16,WTA
Noskova,Linda,Linda Noskova,Australian Open,2024,R16,WTA
Paolini,Jasmine,Jasmine Paolini,Australian Open,2024,R16,WTA
Sabalenka,Aryna,Aryna Sabalenka,Australian Open,2024,R16,WTA
Svitolina,Elina,Elina Svitolina,Australian Open,2024,R16,WTA
Timofeeva,Maria,Maria Timofeeva,Australian Open,2024,R16,WTA
Yastremska,Dayana,Dayana Yastremska,Australian Open,2024,R16,WTA
Zheng,Qinwen,Qinwen Zheng,Australian Open,2024,R16,WTA
Gauff,Coco,Coco Gauff,Australian Open,2024,QF,WTA
Kalinskaya,Anna,Anna Kalinskaya,Australian Open,2024,QF,WTA
Kostyuk,Marta,Marta Kostyuk,Australian Open,2024,QF,WTA
Krejcikova,Barbora,Barbora Krejcikova,Australian Open,2024,QF,WTA
Noskova,Linda,Linda Noskova,Australian Open,2024,QF,WTA
Sabalenka,Aryna,Aryna Sabalenka,Australian Open,2024,QF,WTA
Yastremska,Dayana,Dayana Yastremska,Australian Open,2024,QF,WTA
Zheng,Qinwen,Qinwen Zheng,Australian Open,2024,QF,WTA
Gauff,Coco,Coco Gauff,Australian Open,2024,SF,WTA
Sabalenka,Aryna,Aryna Sabalenka,Australian Open,2024,SF,WTA
Yastremska,Dayana,Dayana Yastremska,Australian Open,2024,SF,WTA
Zheng,Qinwen,Qinwen Zheng,Australian Open,2024,SF,WTA
Sabalenka,Aryna,Aryna Sabalenka,Australian Open,2024,F,WTA
Zheng,Qinwen,Qinwen Zheng,Australian Open,2024,F,WTA
Sabalenka,Aryna,Aryna Sabalenka,Australian Open,2024,W,WTA
Alcaraz,Carlos,Carlos Alcaraz,French Open,2024,R16,ATP
Arnaldi,Matteo,Matteo Arnaldi,French Open,2024,R16,ATP
Auger Aliassime,Felix,Felix Auger Aliassime,French Open,2024,R16,ATP
Cerundolo,Francisco,Francisco Cerundolo,French Open,2024,R16,ATP
De Minaur,Alex,Alex De Minaur,French Open,2024,R16,ATP
Dimitrov,Grigor,Grigor Dimitrov,French Open,2024,R16,ATP
Djokovic,Novak,Novak Djokovic,French Open,2024,R16,ATP
Fritz,Taylor,Taylor Fritz,French Open,2024,R16,ATP
Hurkacz,Hubert,Hubert Hurkacz,French Open,2024,R16,ATP
Medvedev,Daniil,Daniil Medvedev,French Open,2024,R16,ATP
Moutet,Corentin,Corentin Moutet,French Open,2024,R16,ATP
Rune,Holger,Holger Rune,French Open,2024,R16,ATP
Ruud,Casper,Casper Ruud,French Open,2024,R16,ATP
Sinner,Jannik,Jannik Sinner,French Open,2024,R16,ATP
Tsitsipas,Stefanos,Stefanos Tsitsipas,French Open,2024,R16,ATP
Zverev,Alexander,Alexander Zverev,French Open,2024,R16,ATP
Alcaraz,Carlos,Carlos Alcaraz,French Open,2024,QF,ATP
De Minaur,Alex,Alex De Minaur,French Open,2024,QF,ATP
Dimitrov,Grigor,Grigor Dimitrov,French Open,2024,QF,ATP
Djokovic,Novak,Novak Djokovic,French Open,2024,QF,ATP
Ruud,Casper,Casper Ruud,French Open,2024,QF,ATP
Sinner,Jannik,Jannik Sinner,French Open,2024,QF,ATP
Tsitsipas,Stefanos,Stefanos Tsitsipas,French Open,2024,QF,ATP
Zverev,Alexander,Alexander Zverev,French Open,2024,QF,ATP
Alcaraz,Carlos,Carlos Alcaraz,French Open,2024,SF,ATP
Ruud,Casper,Casper Ruud,French Open,2024,SF,ATP
Sinner,Jannik,Jannik Sinner,French Open,2024,SF,ATP
Zverev,Alexander,Alexander Zverev,French Open,2024,SF,ATP
Alcaraz,Carlos,Carlos Alcaraz,French Open,2024,F,ATP
Zverev,Alexander,Alexander Zverev,French Open,2024,F,ATP
Alcaraz,Carlos,Carlos Alcaraz,French Open,2024,W,ATP
Andreeva,Mirra,Mirra Andreeva,French Open,2024,R16,WTA
Avanesyan,Elina,Elina Avanesyan,French Open,2024,R16,WTA
Cocciaretto,Elisabetta,Elisabetta Cocciaretto,French Open,2024,R16,WTA
Danilovic,Olga,Olga Danilovic,French Open,2024,R16,WTA
Gauff,Coco,Coco Gauff,French Open,2024,R16,WTA
Gracheva,Varvara,Varvara Gracheva,French Open,2024,R16,WTA
Jabeur,Ons,Ons Jabeur,French Open,2024,R16,WTA
Navarro,Emma,Emma Navarro,French Open,2024,R16,WTA
Paolini,Jasmine,Jasmine Paolini,French Open,2024,R16,WTA
Potapova,Anastasia,Anastasia Potapova,French Open,2024,R16,WTA
Rybakina,Elena,Elena Rybakina,French Open,2024,R16,WTA
Sabalenka,Aryna,Aryna Sabalenka,French Open,2024,R16,WTA
Svitolina,Elina,Elina Svitolina,French Open,2024,R16,WTA
Swiatek,Iga,Iga Swiatek,French Open,2024,R16,WTA
Tauson,Clara,Clara Tauson,French Open,2024,R16,WTA
Vondrousova,Marketa,Marketa Vondrousova,French Open,2024,R16,WTA
Andreeva,Mirra,Mirra Andreeva,French Open,2024,QF,WTA
Gauff,Coco,Coco Gauff,French Open,2024,QF,WTA
Jabeur,Ons,Ons Jabeur,French Open,2024,QF,WTA
Paolini,Jasmine,Jasmine Paolini,French Open,2024,QF,WTA
Rybakina,Elena,Elena Rybakina,French Open,2024,QF,WTA
Sabalenka,Aryna,Aryna Sabalenka,French Open,2024,QF,WTA
Swiatek,Iga,Iga Swiatek,French Open,2024,QF,WTA
Vondrousova,Marketa,Marketa Vondrousova,French Open,2024,QF,WTA
Andreeva,Mirra,Mirra Andreeva,French Open,2024,SF,WTA
Gauff,Coco,Coco Gauff,French Open,2024,SF,WTA
Paolini,Jasmine,Jasmine Paolini,French Open,2024,SF,WTA
Swiatek,Iga,Iga Swiatek,French Open,2024,SF,WTA
Paolini,Jasmine,Jasmine Paolini,French Open,2024,F,WTA
Swiatek,Iga,Iga Swiatek,French Open,2024,F,WTA
Swiatek,Iga,Iga Swiatek,French Open,2024,W,WTA
Borges,Nuno,Nuno Borges,US Open,2024,R16,ATP
De Minaur,Alex,Alex De Minaur,US Open,2024,R16,ATP
Dimitrov,Grigor,Grigor Dimitrov,US Open,2024,R16,ATP
Draper,Jack,Jack Draper,US Open,2024,R16,ATP
Fritz,Taylor,Taylor Fritz,US Open,2024,R16,ATP
Machac,Tomas,Tomas Machac,US Open,2024,R16,ATP
Medvedev,Daniil,Daniil Medvedev,US Open,2024,R16,ATP
Nakashima,Brandon,Brandon Nakashima,US Open,2024,R16,ATP
Paul,Tommy,Tommy Paul,US Open,2024,R16,ATP
Popyrin,Alexei,Alexei Popyrin,US Open,2024,R16,ATP
Rublev,Andrey,Andrey Rublev,US Open,2024,R16,ATP
Ruud,Casper,Casper Ruud,US Open,2024,R16,ATP
Sinner,Jannik,Jannik Sinner,US Open,2024,R16,ATP
Thompson,Jordan,Jordan Thompson,US Open,2024,R16,ATP
Tiafoe,Frances,Frances Tiafoe,US Open,2024,R16,ATP
Zverev,Alexander,Alexander Zverev,US Open,2024,R16,ATP
De Minaur,Alex,Alex De Minaur,US Open,2024,QF,ATP
Dimitrov,Grigor,Grigor Dimitrov,US Open,2024,QF,ATP
Draper,Jack,Jack Draper,US Open,2024,QF,ATP
Fritz,Taylor,Taylor Fritz,US Open,2024,QF,ATP
Medvedev,Daniil,Daniil Medvedev,US Open,2024,QF,ATP
Sinner,Jannik,Jannik Sinner,US Open,2024,QF,ATP
Tiafoe,Frances,Frances Tiafoe,US Open,2024,QF,ATP
Zverev,Alexander,Alexander Zverev,US Open,2024,QF,ATP
Draper,Jack,Jack Draper,US Open,2024,SF,ATP
Fritz,Taylor,Taylor Fritz,US Open,2024,SF,ATP
Sinner,Jannik,Jannik Sinner,US Open,2024,SF,ATP
Tiafoe,Frances,Frances Tiafoe,US Open,2024,SF,ATP
Fritz,Taylor,Taylor Fritz,US Open,2024,F,ATP
Sinner,Jannik,Jannik Sinner,US Open,2024,F,ATP
Sinner,Jannik,Jannik Sinner,US Open,2024,W,ATP
Badosa,Paula,Paula Badosa,US Open,2024,R16,WTA
Gauff,Coco,Coco Gauff,US Open,2024,R16,WTA
Haddad Maia,Beatriz,Beatriz Haddad Maia,US Open,2024,R16,WTA
Mertens,Elise,Elise Mertens,US Open,2024,R16,WTA
Muchova,Karolina,Karolina Muchova,US Open,2024,R16,WTA
Navarro,Emma,Emma Navarro,US Open,2024,R16,WTA
Paolini,Jasmine,Jasmine Paolini,US Open,2024,R16,WTA
Pegula,Jessica,Jessica Pegula,US Open,2024,R16,WTA
Sabalenka,Aryna,Aryna Sabalenka,US Open,2024,R16,WTA
Samsonova,Liudmila,Liudmila Samsonova,US Open,2024,R16,WTA
Shnaider,Diana,Diana Shnaider,US Open,2024,R16,WTA
Swiatek,Iga,Iga Swiatek,US Open,2024,R16,WTA
Vekic,Donna,Donna Vekic,US Open,2024,R16,WTA
Wang,Yafan,Yafan Wang,US Open,2024,R16,WTA
Wozniacki,Caroline,Caroline Wozniacki,US Open,2024,R16,WTA
Zheng,Qinwen,Qinwen Zheng,US Open,2024,R16,WTA
Badosa,Paula,Paula Badosa,US Open,2024,QF,WTA
Haddad Maia,Beatriz,Beatriz Haddad Maia,US Open,2024,QF,WTA
Muchova,Karolina,Karolina Muchova,US Open,2024,QF,WTA
Navarro,Emma,Emma Navarro,US Open,2024,QF,WTA
Pegula,Jessica,Jessica Pegula,US Open,2024,QF,WTA
Sabalenka,Aryna,Aryna Sabalenka,US Open,2024,QF,WTA
Swiatek,Iga,Iga Swiatek,US Open,2024,QF,WTA
Zheng,Qinwen,Qinwen Zheng,US Open,2024,QF,WTA
Muchova,Karolina,Karolina Muchova,US Open,2024,SF,WTA
Navarro,Emma,Emma Navarro,US Open,2024,SF,WTA
Pegula,Jessica,Jessica Pegula,US Open,2024,SF,WTA
Sabalenka,Aryna,Aryna Sabalenka,US Open,2024,SF,WTA
Pegula,Jessica,Jessica Pegula,US Open,2024,F,WTA
Sabalenka,Aryna,Aryna Sabalenka,US Open,2024,F,WTA
Sabalenka,Aryna,Aryna Sabalenka,US Open,2024,W,WTA
Alcaraz,Carlos,Carlos Alcaraz,Wimbledon,2024,R16,ATP
Bautista Agut,Roberto,Roberto Bautista Agut,Wimbledon,2024,R16,ATP
De Minaur,Alex,Alex De Minaur,Wimbledon,2024,R16,ATP
Dimitrov,Grigor,Grigor Dimitrov,Wimbledon,2024,R16,ATP
Djokovic,Novak,Novak Djokovic,Wimbledon,2024,R16,ATP
Fils,Arthur,Arthur Fils,Wimbledon,2024,R16,ATP
Fritz,Taylor,Taylor Fritz,Wimbledon,2024,R16,ATP
Humbert,Ugo,Ugo Humbert,Wimbledon,2024,R16,ATP
Medvedev,Daniil,Daniil Medvedev,Wimbledon,2024,R16,ATP
Mpetshi Perricard,Giovanni,Giovanni Mpetshi Perricard,Wimbledon,2024,R16,ATP
Musetti,Lorenzo,Lorenzo Musetti,Wimbledon,2024,R16,ATP
Paul,Tommy,Tommy Paul,Wimbledon,2024,R16,ATP
Rune,Holger,Holger Rune,Wimbledon,2024,R16,ATP
Shelton,Ben,Ben Shelton,Wimbledon,2024,R16,ATP
Sinner,Jannik,Jannik Sinner,Wimbledon,2024,R16,ATP
Zverev,Alexander,Alexander Zverev,Wimbledon,2024,R16,ATP
Alcaraz,Carlos,Carlos Alcaraz,Wimbledon,2024,QF,ATP
De Minaur,Alex,Alex De Minaur,Wimbledon,2024,QF,ATP
Djokovic,Novak,Novak Djokovic,Wimbledon,2024,QF,ATP
Fritz,Taylor,Taylor Fritz,Wimbledon,2024,QF,ATP
Medvedev,Daniil,Daniil Medvedev,Wimbledon,2024,QF,ATP
Musetti,Lorenzo,Lorenzo Musetti,Wimbledon,2024,QF,ATP
Paul,Tommy,Tommy Paul,Wimbledon,2024,QF,ATP
Sinner,Jannik,Jannik Sinner,Wimbledon,2024,QF,ATP
Alcaraz,Carlos,Carlos Alcaraz,Wimbledon,2024,SF,ATP
Djokovic,Novak,Novak Djokovic,Wimbledon,2024,SF,ATP
Medvedev,Daniil,Daniil Medvedev,Wimbledon,2024,SF,ATP
Musetti,Lorenzo,Lorenzo Musetti,Wimbledon,2024,SF,ATP
Alcaraz,Carlos,Carlos Alcaraz,Wimbledon,2024,F,ATP
Djokovic,Novak,Novak Djokovic,Wimbledon,2024,F,ATP
Alcaraz,Carlos,Carlos Alcaraz,Wimbledon,2024,W,ATP
Badosa,Paula,Paula Badosa,Wimbledon,2024,R16,WTA
Collins,Danielle,Danielle Collins,Wimbledon,2024,R16,WTA
Gauff,Coco,Coco Gauff,Wimbledon,2024,R16,WTA
Kalinskaya,Anna,Anna Kalinskaya,Wimbledon,2024,R16,WTA
Keys,Madison,Madison Keys,Wimbledon,2024,R16,WTA
Krejcikova,Barbora,Barbora Krejcikova,Wimbledon,2024,R16,WTA
Navarro,Emma,Emma Navarro,Wimbledon,2024,R16,WTA
Ostapenko,Jelena,Jelena Ostapenko,Wimbledon,2024,R16,WTA
Paolini,Jasmine,Jasmine Paolini,Wimbledon,2024,R16,WTA
Putintseva,Yulia,Yulia Putintseva,Wimbledon,2024,R16,WTA
Raducanu,Emma,Emma Raducanu,Wimbledon,2024,R16,WTA
Rybakina,Elena,Elena Rybakina,Wimbledon,2024,R16,WTA
Sun,Lulu,Lulu Sun,Wimbledon,2024,R16,WTA
Svitolina,Elina,Elina Svitolina,Wimbledon,2024,R16,WTA
Vekic,Donna,Donna Vekic,Wimbledon,2024,R16,WTA
Yu Wang,Xin,Xin Yu Wang,Wimbledon,2024,R16,WTA
Krejcikova,Barbora,Barbora Krejcikova,Wimbledon,2024,QF,WTA
Navarro,Emma,Emma Navarro,Wimbledon,2024,QF,WTA
Ostapenko,Jelena,Jelena Ostapenko,Wimbledon,2024,QF,WTA
Paolini,Jasmine,Jasmine Paolini,Wimbledon,2024,QF,WTA
Rybakina,Elena,Elena Rybakina,Wimbledon,2024,QF,WTA
Sun,Lulu,Lulu Sun,Wimbledon,2024,QF,WTA
Svitolina,Elina,Elina Svitolina,Wimbledon,2024,QF,WTA
Vekic,Donna,Donna Vekic,Wimbledon,2024,QF,WTA
Krejcikova,Barbora,Barbora Krejcikova,Wimbledon,2024,SF,WTA
Paolini,Jasmine,Jasmine Paolini,Wimbledon,2024,SF,WTA
Rybakina,Elena,Elena Rybakina,Wimbledon,2024,SF,WTA
Vekic,Donna,Donna Vekic,Wimbledon,2024,SF,WTA
Krejcikova,Barbora,Barbora Krejcikova,Wimbledon,2024,F,WTA
Paolini,Jasmine,Jasmine Paolini,Wimbledon,2024,F,WTA
Krejcikova,Barbora,Barbora Krejcikova,Wimbledon,2024,W,WTA
